{
    "model": "minirocket",
    "dataset": "ts_1500",
    "target": "zenodo",
    "class_names": [
        "fold",
        "hopf",
        "transcritical",
        "null"
    ],
    "null_idx": 3,
    "inference_time_sec": 0.53,
    "auc": 0.8943520938716409,
    "roc": {
        "fpr": [
            0.0,
            0.0744466800804829,
            1.0
        ],
        "tpr": [
            0.0,
            0.863150867823765,
            1.0
        ],
        "thresholds": [
            Infinity,
            1.0,
            0.0
        ]
    },
    "accuracy": 0.7162907268170426,
    "macro_f1": 0.7095327909073028,
    "confusion_matrix": [
        [
            263,
            45,
            75,
            117
        ],
        [
            66,
            392,
            31,
            11
        ],
        [
            63,
            44,
            314,
            77
        ],
        [
            7,
            3,
            27,
            460
        ]
    ]
}