{
    "model": "minirocket",
    "dataset": "ts_1500",
    "target": "zenodo",
    "inference_time_sec": 0.65,
    "auc": 0.8943520938716409,
    "roc": {
        "fpr": [
            0.0,
            0.0744466800804829,
            1.0
        ],
        "tpr": [
            0.0,
            0.863150867823765,
            1.0
        ]
    },
    "accuracy": 0.3037593984962406,
    "macro_f1": 0.1838211496517273,
    "confusion_matrix": [
        [
            117,
            383,
            0,
            0
        ],
        [
            11,
            489,
            0,
            0
        ],
        [
            77,
            421,
            0,
            0
        ],
        [
            460,
            37,
            0,
            0
        ]
    ]
}