{
    "model": "cnn",
    "dataset": "ts_500",
    "pad_variant": 1,
    "n_params": 2061252,
    "best_val_f1": 0.752478,
    "test_acc": 0.7596,
    "test_f1": 0.756744,
    "confusion_matrix": [
        [
            776,
            58,
            216,
            200
        ],
        [
            94,
            1007,
            115,
            34
        ],
        [
            110,
            57,
            834,
            249
        ],
        [
            1,
            1,
            67,
            1181
        ]
    ],
    "training_time_min": 5.18
}