{"cnn": {"fpr": [0.0, 0.0, 0.0, 0.0625, 0.0625, 0.25, 0.25, 1.0], "tpr": [0.0, 0.0625, 0.8125, 0.8125, 0.875, 0.875, 1.0, 1.0], "auc": 0.96484375}, "variance": {"fpr": [0.0, 0.0, 0.0, 1.0], "tpr": [0.0, 0.0625, 1.0, 1.0], "auc": 1.0}, "lag1_ac": {"fpr": [0.0, 0.0, 0.0, 0.375, 0.375, 0.75, 0.75, 0.8125, 0.8125, 1.0], "tpr": [0.0, 0.0625, 0.6875, 0.6875, 0.75, 0.75, 0.875, 0.875, 1.0, 1.0], "auc": 0.78125}}