{"cnn_lstm": {"fpr": [0.0, 0.003125, 0.41875, 0.425, 0.76875, 0.76875, 0.775, 0.775, 0.821875, 0.821875, 0.825, 0.825, 0.86875, 0.86875, 0.8875, 0.8875, 0.9, 0.9, 0.953125, 0.953125, 0.9625, 0.9625, 0.98125, 0.98125, 1.0, 1.0], "tpr": [0.0, 0.0, 0.0, 0.0, 0.0, 0.125, 0.125, 0.1875, 0.1875, 0.25, 0.25, 0.3125, 0.3125, 0.4375, 0.4375, 0.5, 0.5, 0.5625, 0.5625, 0.625, 0.625, 0.6875, 0.6875, 0.75, 0.75, 1.0], "auc": 0.101}, "variance": {"fpr": [0.0, 0.003125, 1.0, 1.0], "tpr": [0.0, 0.0, 0.0, 1.0], "auc": 0.0}, "lag1_ac": {"fpr": [0.0, 0.003125, 0.009375, 0.009375, 0.021875, 0.021875, 0.046875, 0.046875, 0.059375, 0.059375, 0.16875, 0.16875, 0.61875, 0.61875, 0.621875, 0.621875, 0.684375, 0.684375, 0.734375, 0.734375, 0.828125, 0.828125, 0.84375, 0.84375, 0.846875, 0.846875, 0.8875, 0.8875, 0.915625, 0.915625, 1.0], "tpr": [0.0, 0.0, 0.0, 0.0625, 0.0625, 0.125, 0.125, 0.1875, 0.1875, 0.25, 0.25, 0.3125, 0.3125, 0.4375, 0.4375, 0.5, 0.5, 0.5625, 0.5625, 0.625, 0.625, 0.6875, 0.6875, 0.75, 0.75, 0.875, 0.875, 0.9375, 0.9375, 1.0, 1.0], "auc": 0.453}, "n_forced": 16, "n_neutral": 320, "N": 336, "mean_p_forced": 0.998, "mean_p_neutral": 0.999}