{"cnn_lstm": {"fpr": [0.0, 0.0, 0.0, 0.0, 0.0, 0.0, 0.00625, 0.00625, 0.0125, 0.0125, 0.01875, 0.01875, 0.03125, 0.03125, 0.121875, 0.128125, 0.13125, 0.1375, 0.41875, 0.425, 0.553125, 0.559375, 1.0], "tpr": [0.0, 0.0625, 0.4375, 0.5625, 0.625, 0.75, 0.75, 0.8125, 0.8125, 0.875, 0.875, 0.9375, 0.9375, 1.0, 1.0, 1.0, 1.0, 1.0, 1.0, 1.0, 1.0, 1.0, 1.0], "auc": 0.996}, "variance": {"fpr": [0.0, 0.003125, 0.878125, 0.878125, 1.0, 1.0], "tpr": [0.0, 0.0, 0.0, 0.0625, 0.0625, 1.0], "auc": 0.008}, "lag1_ac": {"fpr": [0.0, 0.003125, 1.0, 1.0], "tpr": [0.0, 0.0, 0.0, 1.0], "auc": 0.0}, "n_forced": 16, "n_neutral": 320, "N": 336, "mean_p_forced": 1.0, "mean_p_neutral": 1.0}