{"cnn_lstm": {"fpr": [0.0, 0.0015625, 0.0265625, 0.0265625, 0.034375, 0.034375, 0.04375, 0.04375, 0.0453125, 0.0453125, 0.0515625, 0.0515625, 0.0578125, 0.0578125, 0.0640625, 0.0640625, 0.0765625, 0.0765625, 0.084375, 0.084375, 0.0875, 0.090625, 0.0921875, 0.0921875, 0.10625, 0.10625, 0.1078125, 0.1078125, 0.1109375, 0.1109375, 0.1125, 0.1140625, 0.1484375, 0.1515625, 0.271875, 0.275, 0.475, 0.478125, 0.5046875, 0.5078125, 0.5265625, 0.5296875, 0.7796875, 0.7796875, 0.7859375, 0.7859375, 0.7984375, 0.7984375, 0.815625, 0.815625, 0.828125, 0.828125, 0.8359375, 0.8359375, 0.840625, 0.840625, 0.8828125, 0.8828125, 0.909375, 0.909375, 0.9140625, 0.9140625, 0.9171875, 0.9171875, 0.9203125, 0.9203125, 0.921875, 0.921875, 0.9234375, 0.9234375, 0.9296875, 0.9296875, 1.0], "tpr": [0.0, 0.0, 0.0, 0.0625, 0.0625, 0.125, 0.125, 0.15625, 0.15625, 0.1875, 0.1875, 0.21875, 0.21875, 0.25, 0.25, 0.28125, 0.28125, 0.3125, 0.3125, 0.34375, 0.34375, 0.34375, 0.34375, 0.375, 0.375, 0.40625, 0.40625, 0.4375, 0.4375, 0.46875, 0.46875, 0.5, 0.5, 0.5, 0.5, 0.5, 0.5, 0.5, 0.5, 0.5, 0.5, 0.5, 0.5, 0.53125, 0.53125, 0.5625, 0.5625, 0.625, 0.625, 0.65625, 0.65625, 0.6875, 0.6875, 0.71875, 0.71875, 0.75, 0.75, 0.78125, 0.78125, 0.8125, 0.8125, 0.84375, 0.84375, 0.875, 0.875, 0.90625, 0.90625, 0.9375, 0.9375, 0.96875, 0.96875, 1.0, 1.0], "auc": 0.535}, "variance": {"fpr": [0.0, 0.0, 0.0, 0.0171875, 0.0203125, 0.0546875, 0.0578125, 0.0625, 0.065625, 0.0765625, 0.0796875, 0.0875, 0.090625, 0.128125, 0.13125, 0.1421875, 0.1453125, 0.1875, 0.19375, 0.228125, 0.23125, 0.2375, 0.240625, 0.2421875, 0.2453125, 0.2546875, 0.2578125, 0.259375, 0.2625, 0.265625, 0.26875, 0.2734375, 0.2765625, 0.2953125, 0.2984375, 0.325, 0.328125, 0.3359375, 0.3390625, 0.3578125, 0.3609375, 0.371875, 0.378125, 0.3875, 0.390625, 0.3984375, 0.4015625, 0.428125, 0.43125, 0.4375, 0.440625, 0.44375, 0.446875, 0.46875, 0.471875, 0.4921875, 0.4953125, 0.5125, 0.515625, 0.575, 0.578125, 0.5796875, 0.5828125, 0.5875, 0.590625, 0.6109375, 0.6140625, 0.6953125, 0.7046875, 0.70625, 0.7125, 0.759375, 0.7625, 0.7671875, 0.7703125, 0.8984375, 0.9015625, 0.9484375, 0.9515625, 0.996875, 1.0, 1.0], "tpr": [0.0, 0.03125, 0.5, 0.5, 0.5, 0.5, 0.5, 0.5, 0.5, 0.5, 0.5, 0.5, 0.5, 0.5, 0.5, 0.5, 0.5, 0.5, 0.5, 0.5, 0.5, 0.5, 0.5, 0.5, 0.5, 0.5, 0.5, 0.5, 0.5, 0.5, 0.5, 0.5, 0.5, 0.5, 0.5, 0.5, 0.5, 0.5, 0.5, 0.5, 0.5, 0.5, 0.5, 0.5, 0.5, 0.5, 0.5, 0.5, 0.5, 0.5, 0.5, 0.5, 0.5, 0.5, 0.5, 0.5, 0.5, 0.5, 0.5, 0.5, 0.5, 0.5, 0.5, 0.5, 0.5, 0.5, 0.5, 0.5, 0.5, 0.5, 0.5, 0.5, 0.5, 0.5, 0.5, 0.5, 0.5, 0.5, 0.5, 0.5, 0.5, 1.0], "auc": 0.5}, "lag1_ac": {"fpr": [0.0, 0.003125, 0.0296875, 0.0328125, 0.059375, 0.0625, 0.0765625, 0.0796875, 0.1390625, 0.1421875, 0.1765625, 0.1796875, 0.2171875, 0.2234375, 0.23125, 0.234375, 0.246875, 0.25, 0.2734375, 0.2765625, 0.303125, 0.30625, 0.3140625, 0.3171875, 0.34375, 0.346875, 0.3484375, 0.3546875, 0.3796875, 0.3828125, 0.396875, 0.4, 0.428125, 0.428125, 0.44375, 0.446875, 0.45, 0.45, 0.4609375, 0.4609375, 0.46875, 0.46875, 0.471875, 0.471875, 0.4765625, 0.4765625, 0.49375, 0.49375, 0.4953125, 0.4984375, 0.503125, 0.503125, 0.509375, 0.5125, 0.5203125, 0.5203125, 0.5234375, 0.5265625, 0.5328125, 0.5328125, 0.534375, 0.534375, 0.5359375, 0.5359375, 0.5390625, 0.5390625, 0.5421875, 0.5421875, 0.54375, 0.54375, 0.5453125, 0.5453125, 0.5484375, 0.5484375, 0.55, 0.55, 0.5546875, 0.5546875, 0.55625, 0.559375, 0.5703125, 0.5734375, 0.590625, 0.59375, 0.6265625, 0.6296875, 0.6921875, 0.6953125, 0.7234375, 0.7265625, 0.7328125, 0.7328125, 0.7578125, 0.7609375, 0.7703125, 0.7734375, 0.7796875, 0.7828125, 0.7875, 0.790625, 0.8328125, 0.8359375, 0.8625, 0.8625, 0.8890625, 0.8921875, 0.8984375, 0.9015625, 0.903125, 0.90625, 0.9109375, 0.9140625, 0.9203125, 0.9234375, 0.9359375, 0.9390625, 0.940625, 0.940625, 0.965625, 0.965625, 0.98125, 0.984375, 1.0, 1.0], "tpr": [0.0, 0.0, 0.0, 0.0, 0.0, 0.0, 0.0, 0.0, 0.0, 0.0, 0.0, 0.0, 0.0, 0.0, 0.0, 0.0, 0.0, 0.0, 0.0, 0.0, 0.0, 0.0, 0.0, 0.0, 0.0, 0.0, 0.0, 0.0, 0.0, 0.0, 0.0, 0.0, 0.0, 0.03125, 0.03125, 0.03125, 0.03125, 0.0625, 0.0625, 0.09375, 0.09375, 0.125, 0.125, 0.15625, 0.15625, 0.1875, 0.1875, 0.25, 0.25, 0.25, 0.25, 0.28125, 0.28125, 0.28125, 0.28125, 0.3125, 0.3125, 0.3125, 0.3125, 0.34375, 0.34375, 0.375, 0.375, 0.40625, 0.40625, 0.4375, 0.4375, 0.46875, 0.46875, 0.53125, 0.53125, 0.5625, 0.5625, 0.59375, 0.59375, 0.625, 0.625, 0.65625, 0.65625, 0.65625, 0.65625, 0.65625, 0.65625, 0.65625, 0.65625, 0.65625, 0.65625, 0.65625, 0.65625, 0.65625, 0.65625, 0.6875, 0.6875, 0.6875, 0.6875, 0.6875, 0.6875, 0.6875, 0.6875, 0.6875, 0.6875, 0.6875, 0.6875, 0.71875, 0.71875, 0.71875, 0.71875, 0.71875, 0.71875, 0.71875, 0.71875, 0.71875, 0.71875, 0.71875, 0.71875, 0.71875, 0.71875, 0.75, 0.75, 0.78125, 0.78125, 0.78125, 0.78125, 1.0], "auc": 0.336}, "n_forced": 32, "n_neutral": 640, "N": 672, "mean_p_forced": 0.996, "mean_p_neutral": 0.997}