{"cnn": {"fpr": [0.0, 0.003125, 0.05625, 0.0625, 0.1, 0.10625, 0.128125, 0.134375, 0.153125, 0.159375, 0.1625, 0.16875, 0.321875, 0.328125, 0.4375, 0.44375, 0.459375, 0.465625, 0.621875, 0.628125, 0.7875, 0.79375, 1.0, 1.0], "tpr": [0.0, 0.0, 0.0, 0.0, 0.0, 0.0, 0.0, 0.0, 0.0, 0.0, 0.0, 0.0, 0.0, 0.0, 0.0, 0.0, 0.0, 0.0, 0.0, 0.0, 0.0, 0.0, 0.0, 1.0], "auc": 0.0}, "variance": {"fpr": [0.0, 0.003125, 1.0, 1.0], "tpr": [0.0, 0.0, 0.0, 1.0], "auc": 0.0}, "lag1_ac": {"fpr": [0.0, 0.0, 0.0, 0.165625, 0.165625, 0.8, 0.8, 0.84375, 0.84375, 1.0], "tpr": [0.0, 0.0625, 0.8125, 0.8125, 0.875, 0.875, 0.9375, 0.9375, 1.0, 1.0], "auc": 0.887}, "n_forced": 16, "n_neutral": 320, "N": 336, "mean_p_forced": 0.985, "mean_p_neutral": 1.0}