{"cnn": {"fpr": [0.0, 0.003125, 0.071875, 0.071875, 0.084375, 0.084375, 0.1125, 0.1125, 0.121875, 0.121875, 0.159375, 0.159375, 0.16875, 0.16875, 0.190625, 0.190625, 0.25625, 0.25625, 0.46875, 0.46875, 0.503125, 0.503125, 0.55, 0.55, 0.5625, 0.5625, 0.58125, 0.58125, 0.81875, 0.81875, 0.828125, 0.828125, 0.9125, 0.9125, 1.0], "tpr": [0.0, 0.0, 0.0, 0.0625, 0.0625, 0.125, 0.125, 0.1875, 0.1875, 0.25, 0.25, 0.3125, 0.3125, 0.375, 0.375, 0.4375, 0.4375, 0.5, 0.5, 0.5625, 0.5625, 0.625, 0.625, 0.6875, 0.6875, 0.75, 0.75, 0.8125, 0.8125, 0.875, 0.875, 0.9375, 0.9375, 1.0, 1.0], "auc": 0.601}, "variance": {"fpr": [0.0, 0.003125, 0.878125, 0.878125, 1.0, 1.0], "tpr": [0.0, 0.0, 0.0, 0.0625, 0.0625, 1.0], "auc": 0.008}, "lag1_ac": {"fpr": [0.0, 0.003125, 1.0, 1.0], "tpr": [0.0, 0.0, 0.0, 1.0], "auc": 0.0}, "n_forced": 16, "n_neutral": 320, "N": 336, "mean_p_forced": 0.985, "mean_p_neutral": 0.978}