{"cnn": {"fpr": [0.0, 0.003125, 0.040625, 0.040625, 0.265625, 0.265625, 0.453125, 0.453125, 0.4875, 0.4875, 0.53125, 0.53125, 0.6, 0.6, 0.6375, 0.6375, 0.69375, 0.69375, 0.75625, 0.75625, 0.80625, 0.80625, 0.846875, 0.846875, 0.875, 0.875, 0.925, 0.925, 0.975, 0.975, 0.9875, 0.9875, 1.0], "tpr": [0.0, 0.0, 0.0, 0.0625, 0.0625, 0.125, 0.125, 0.1875, 0.1875, 0.25, 0.25, 0.3125, 0.3125, 0.375, 0.375, 0.4375, 0.4375, 0.5, 0.5, 0.625, 0.625, 0.6875, 0.6875, 0.75, 0.75, 0.8125, 0.8125, 0.875, 0.875, 0.9375, 0.9375, 1.0, 1.0], "auc": 0.335}, "variance": {"fpr": [0.0, 0.003125, 0.90625, 0.90625, 0.909375, 0.909375, 0.940625, 0.940625, 0.946875, 0.946875, 0.959375, 0.959375, 0.978125, 0.978125, 1.0, 1.0], "tpr": [0.0, 0.0, 0.0, 0.0625, 0.0625, 0.125, 0.125, 0.1875, 0.1875, 0.3125, 0.3125, 0.375, 0.375, 0.4375, 0.4375, 1.0], "auc": 0.026}, "lag1_ac": {"fpr": [0.0, 0.003125, 1.0, 1.0], "tpr": [0.0, 0.0, 0.0, 1.0], "auc": 0.0}, "n_forced": 16, "n_neutral": 320, "N": 336, "mean_p_forced": 0.983, "mean_p_neutral": 0.99}