{"cnn_lstm": {"fpr": [0.0, 0.0, 0.0, 1.0], "tpr": [0.0, 0.0625, 1.0, 1.0], "auc": 1.0}, "variance": {"fpr": [0.0, 0.0, 0.0, 0.021875, 0.021875, 0.0375, 0.0375, 0.09375, 0.09375, 1.0], "tpr": [0.0, 0.0625, 0.75, 0.75, 0.875, 0.875, 0.9375, 0.9375, 1.0, 1.0], "auc": 0.989}, "lag1_ac": {"fpr": [0.0, 0.0, 0.0, 0.003125, 0.003125, 0.0125, 0.0125, 0.065625, 0.065625, 0.10625, 0.10625, 0.1125, 0.1125, 0.140625, 0.140625, 0.16875, 0.16875, 0.446875, 0.446875, 1.0], "tpr": [0.0, 0.0625, 0.25, 0.25, 0.4375, 0.4375, 0.5625, 0.5625, 0.6875, 0.6875, 0.75, 0.75, 0.8125, 0.8125, 0.875, 0.875, 0.9375, 0.9375, 1.0, 1.0], "auc": 0.929}, "n_forced": 16, "n_neutral": 320, "N": 336, "mean_p_forced": 1.0, "mean_p_neutral": 0.948}