{"cnn_lstm": {"fpr": [0.0, 0.003125, 0.109375, 0.115625, 0.19375, 0.2, 0.203125, 0.209375, 0.221875, 0.228125, 0.24375, 0.25, 0.290625, 0.296875, 0.40625, 0.4125, 0.4625, 0.46875, 0.478125, 0.484375, 0.490625, 0.496875, 0.5125, 0.51875, 0.528125, 0.534375, 0.59375, 0.6, 1.0, 1.0], "tpr": [0.0, 0.0, 0.0, 0.0, 0.0, 0.0, 0.0, 0.0, 0.0, 0.0, 0.0, 0.0, 0.0, 0.0, 0.0, 0.0, 0.0, 0.0, 0.0, 0.0, 0.0, 0.0, 0.0, 0.0, 0.0, 0.0, 0.0, 0.0, 0.0, 1.0], "auc": 0.0}, "variance": {"fpr": [0.0, 0.003125, 1.0, 1.0], "tpr": [0.0, 0.0, 0.0, 1.0], "auc": 0.0}, "lag1_ac": {"fpr": [0.0, 0.0, 0.0, 0.165625, 0.165625, 0.8, 0.8, 0.84375, 0.84375, 1.0], "tpr": [0.0, 0.0625, 0.8125, 0.8125, 0.875, 0.875, 0.9375, 0.9375, 1.0, 1.0], "auc": 0.887}, "n_forced": 16, "n_neutral": 320, "N": 336, "mean_p_forced": 0.976, "mean_p_neutral": 1.0}