{"cnn": {"fpr": [0.0, 0.0, 0.125, 0.125, 0.375, 0.375, 0.5, 0.5, 0.9375, 0.9375, 1.0, 1.0], "tpr": [0.0, 0.0625, 0.0625, 0.125, 0.125, 0.375, 0.375, 0.5, 0.5, 0.5625, 0.5625, 1.0], "auc": 0.33984375}, "variance": {"fpr": [0.0, 0.0625, 0.5625, 0.5625, 1.0, 1.0], "tpr": [0.0, 0.0, 0.0, 0.0625, 0.0625, 1.0], "auc": 0.02734375}, "lag1_ac": {"fpr": [0.0, 0.0625, 1.0, 1.0], "tpr": [0.0, 0.0, 0.0, 1.0], "auc": 0.0}}