{"lstm": {"fpr": [0.0, 0.0, 0.0, 0.003125, 0.003125, 0.025, 0.025, 0.04375, 0.04375, 0.075, 0.075, 0.140625, 0.146875, 0.1625, 0.16875, 0.234375, 0.240625, 1.0], "tpr": [0.0, 0.0625, 0.5625, 0.5625, 0.8125, 0.8125, 0.875, 0.875, 0.9375, 0.9375, 1.0, 1.0, 1.0, 1.0, 1.0, 1.0, 1.0, 1.0], "auc": 0.99}, "variance": {"fpr": [0.0, 0.003125, 0.878125, 0.878125, 1.0, 1.0], "tpr": [0.0, 0.0, 0.0, 0.0625, 0.0625, 1.0], "auc": 0.008}, "lag1_ac": {"fpr": [0.0, 0.003125, 1.0, 1.0], "tpr": [0.0, 0.0, 0.0, 1.0], "auc": 0.0}, "n_forced": 16, "n_neutral": 320, "N": 336, "mean_p_forced": 1.0, "mean_p_neutral": 0.999}