{"lstm": {"fpr": [0.0, 0.003125, 0.075, 0.08125, 0.115625, 0.11875, 0.215625, 0.215625, 0.271875, 0.271875, 0.3875, 0.39375, 0.4, 0.40625, 0.528125, 0.534375, 0.540625, 0.546875, 0.590625, 0.590625, 0.596875, 0.596875, 0.63125, 0.63125, 0.659375, 0.659375, 0.78125, 0.7875, 0.821875, 0.828125, 0.846875, 0.846875, 0.853125, 0.85625, 0.909375, 0.915625, 0.940625, 0.946875, 0.953125, 0.953125, 0.95625, 0.95625, 0.971875, 0.971875, 0.984375, 0.984375, 0.990625, 0.990625, 1.0], "tpr": [0.0, 0.0, 0.0, 0.0, 0.0, 0.0625, 0.0625, 0.125, 0.125, 0.1875, 0.1875, 0.1875, 0.1875, 0.1875, 0.1875, 0.1875, 0.1875, 0.1875, 0.1875, 0.25, 0.25, 0.3125, 0.3125, 0.375, 0.375, 0.4375, 0.4375, 0.4375, 0.4375, 0.4375, 0.4375, 0.5625, 0.5625, 0.625, 0.625, 0.625, 0.625, 0.625, 0.625, 0.6875, 0.6875, 0.75, 0.75, 0.875, 0.875, 0.9375, 0.9375, 1.0, 1.0], "auc": 0.284}, "variance": {"fpr": [0.0, 0.003125, 1.0, 1.0], "tpr": [0.0, 0.0, 0.0, 1.0], "auc": 0.0}, "lag1_ac": {"fpr": [0.0, 0.0, 0.0, 0.165625, 0.165625, 0.8, 0.8, 0.84375, 0.84375, 1.0], "tpr": [0.0, 0.0625, 0.8125, 0.8125, 0.875, 0.875, 0.9375, 0.9375, 1.0, 1.0], "auc": 0.887}, "n_forced": 16, "n_neutral": 320, "N": 336, "mean_p_forced": 1.0, "mean_p_neutral": 1.0}