{"lstm": {"fpr": [0.0, 0.003125, 0.1875, 0.2, 0.2875, 0.29375, 0.3, 0.30625, 0.3125, 0.3125, 0.321875, 0.321875, 0.378125, 0.378125, 0.396875, 0.396875, 0.403125, 0.403125, 0.459375, 0.465625, 0.65625, 0.65625, 0.875, 0.875, 0.88125, 0.88125, 0.896875, 0.896875, 0.90625, 0.90625, 0.94375, 0.94375, 0.9625, 0.9625, 0.9875, 0.9875, 1.0, 1.0], "tpr": [0.0, 0.0, 0.0, 0.0, 0.0, 0.0, 0.0, 0.0, 0.0, 0.0625, 0.0625, 0.125, 0.125, 0.1875, 0.1875, 0.25, 0.25, 0.3125, 0.3125, 0.3125, 0.3125, 0.375, 0.375, 0.4375, 0.4375, 0.5, 0.5, 0.5625, 0.5625, 0.625, 0.625, 0.6875, 0.6875, 0.75, 0.75, 0.8125, 0.8125, 1.0], "auc": 0.255}, "variance": {"fpr": [0.0, 0.003125, 1.0, 1.0], "tpr": [0.0, 0.0, 0.0, 1.0], "auc": 0.0}, "lag1_ac": {"fpr": [0.0, 0.003125, 0.009375, 0.009375, 0.021875, 0.021875, 0.046875, 0.046875, 0.059375, 0.059375, 0.16875, 0.16875, 0.61875, 0.61875, 0.621875, 0.621875, 0.684375, 0.684375, 0.734375, 0.734375, 0.828125, 0.828125, 0.84375, 0.84375, 0.846875, 0.846875, 0.8875, 0.8875, 0.915625, 0.915625, 1.0], "tpr": [0.0, 0.0, 0.0, 0.0625, 0.0625, 0.125, 0.125, 0.1875, 0.1875, 0.25, 0.25, 0.3125, 0.3125, 0.4375, 0.4375, 0.5, 0.5, 0.5625, 0.5625, 0.625, 0.625, 0.6875, 0.6875, 0.75, 0.75, 0.875, 0.875, 0.9375, 0.9375, 1.0, 1.0], "auc": 0.453}, "n_forced": 16, "n_neutral": 320, "N": 336, "mean_p_forced": 0.997, "mean_p_neutral": 0.999}