{"multihead_cnn": {"fpr": [0.0, 0.003125, 0.125, 0.125, 0.13125, 0.13125, 0.146875, 0.146875, 0.15, 0.15, 0.153125, 0.153125, 0.165625, 0.165625, 0.1875, 0.1875, 0.196875, 0.196875, 0.325, 0.325, 0.38125, 0.38125, 0.3875, 0.3875, 0.396875, 0.396875, 0.421875, 0.421875, 1.0], "tpr": [0.0, 0.0, 0.0, 0.0625, 0.0625, 0.1875, 0.1875, 0.25, 0.25, 0.3125, 0.3125, 0.375, 0.375, 0.4375, 0.4375, 0.5, 0.5, 0.5625, 0.5625, 0.625, 0.625, 0.75, 0.75, 0.8125, 0.8125, 0.875, 0.875, 1.0, 1.0], "auc": 0.744}, "variance": {"fpr": [0.0, 0.003125, 0.878125, 0.878125, 1.0, 1.0], "tpr": [0.0, 0.0, 0.0, 0.0625, 0.0625, 1.0], "auc": 0.008}, "lag1_ac": {"fpr": [0.0, 0.003125, 1.0, 1.0], "tpr": [0.0, 0.0, 0.0, 1.0], "auc": 0.0}, "n_forced": 16, "n_neutral": 320, "N": 336, "mean_p_forced": 0.681, "mean_p_neutral": 0.608}