{"multihead_cnn": {"fpr": [0.0, 0.003125, 1.0, 1.0], "tpr": [0.0, 0.0, 0.0, 1.0], "auc": 0.0}, "variance": {"fpr": [0.0, 0.003125, 1.0, 1.0], "tpr": [0.0, 0.0, 0.0, 1.0], "auc": 0.0}, "lag1_ac": {"fpr": [0.0, 0.0, 0.0, 0.165625, 0.165625, 0.8, 0.8, 0.84375, 0.84375, 1.0], "tpr": [0.0, 0.0625, 0.8125, 0.8125, 0.875, 0.875, 0.9375, 0.9375, 1.0, 1.0], "auc": 0.887}, "n_forced": 16, "n_neutral": 320, "N": 336, "mean_p_forced": 0.903, "mean_p_neutral": 0.984}