{"multihead_cnn": {"fpr": [0.0, 0.003125, 0.325, 0.325, 0.36875, 0.36875, 0.375, 0.375, 0.38125, 0.38125, 0.39375, 0.39375, 0.43125, 0.43125, 0.434375, 0.434375, 0.446875, 0.446875, 1.0], "tpr": [0.0, 0.0, 0.0, 0.0625, 0.0625, 0.25, 0.25, 0.3125, 0.3125, 0.375, 0.375, 0.5625, 0.5625, 0.8125, 0.8125, 0.9375, 0.9375, 1.0, 1.0], "auc": 0.599}, "variance": {"fpr": [0.0, 0.003125, 0.90625, 0.90625, 0.909375, 0.909375, 0.940625, 0.940625, 0.946875, 0.946875, 0.959375, 0.959375, 0.978125, 0.978125, 1.0, 1.0], "tpr": [0.0, 0.0, 0.0, 0.0625, 0.0625, 0.125, 0.125, 0.1875, 0.1875, 0.3125, 0.3125, 0.375, 0.375, 0.4375, 0.4375, 1.0], "auc": 0.026}, "lag1_ac": {"fpr": [0.0, 0.003125, 1.0, 1.0], "tpr": [0.0, 0.0, 0.0, 1.0], "auc": 0.0}, "n_forced": 16, "n_neutral": 320, "N": 336, "mean_p_forced": 0.638, "mean_p_neutral": 0.591}