{"svm": {"fpr": [0.0, 1.0], "tpr": [0.0, 1.0], "auc": 0.5}, "variance": {"fpr": [0.0, 0.0, 0.0, 0.0015625, 0.0015625, 0.0234375, 0.0234375, 0.0296875, 0.0328125, 0.053125, 0.053125, 0.084375, 0.0875, 0.0890625, 0.0953125, 0.140625, 0.14375, 0.1546875, 0.1609375, 0.1671875, 0.1734375, 0.1828125, 0.1859375, 0.19375, 0.196875, 0.2015625, 0.2046875, 0.25, 0.253125, 0.2625, 0.265625, 0.26875, 0.271875, 0.321875, 0.325, 0.3390625, 0.3421875, 0.346875, 0.35, 0.3921875, 0.3953125, 0.409375, 0.4125, 0.4671875, 0.4703125, 0.4953125, 0.4984375, 0.5890625, 0.5921875, 0.6015625, 0.6046875, 0.6171875, 0.6203125, 0.6234375, 0.6265625, 0.63125, 0.634375, 0.7203125, 0.7265625, 0.7375, 0.740625, 0.7421875, 0.7453125, 0.815625, 0.81875, 0.828125, 0.834375, 0.8578125, 0.8609375, 0.8765625, 0.8796875, 0.8953125, 0.8984375, 0.940625, 0.94375, 0.9515625, 0.9546875, 0.959375, 0.9625, 1.0], "tpr": [0.0, 0.03125, 0.90625, 0.90625, 0.9375, 0.9375, 0.96875, 0.96875, 0.96875, 0.96875, 1.0, 1.0, 1.0, 1.0, 1.0, 1.0, 1.0, 1.0, 1.0, 1.0, 1.0, 1.0, 1.0, 1.0, 1.0, 1.0, 1.0, 1.0, 1.0, 1.0, 1.0, 1.0, 1.0, 1.0, 1.0, 1.0, 1.0, 1.0, 1.0, 1.0, 1.0, 1.0, 1.0, 1.0, 1.0, 1.0, 1.0, 1.0, 1.0, 1.0, 1.0, 1.0, 1.0, 1.0, 1.0, 1.0, 1.0, 1.0, 1.0, 1.0, 1.0, 1.0, 1.0, 1.0, 1.0, 1.0, 1.0, 1.0, 1.0, 1.0, 1.0, 1.0, 1.0, 1.0, 1.0, 1.0, 1.0, 1.0, 1.0, 1.0], "auc": 0.998}, "lag1_ac": {"fpr": [0.0, 0.0015625, 0.0125, 0.015625, 0.0234375, 0.0265625, 0.0546875, 0.0578125, 0.0625, 0.0625, 0.071875, 0.071875, 0.0734375, 0.0734375, 0.0765625, 0.0765625, 0.0890625, 0.0921875, 0.1, 0.1, 0.1078125, 0.1078125, 0.1125, 0.1125, 0.1359375, 0.1390625, 0.165625, 0.16875, 0.1859375, 0.1859375, 0.1875, 0.190625, 0.19375, 0.196875, 0.2, 0.2, 0.2015625, 0.2015625, 0.2046875, 0.2078125, 0.215625, 0.215625, 0.221875, 0.221875, 0.2484375, 0.2484375, 0.25, 0.253125, 0.253125, 0.2671875, 0.2671875, 0.2703125, 0.2734375, 0.28125, 0.28125, 0.284375, 0.284375, 0.2859375, 0.2890625, 0.29375, 0.29375, 0.309375, 0.309375, 0.3140625, 0.3140625, 0.371875, 0.371875, 0.3828125, 0.3859375, 0.390625, 0.39375, 0.4109375, 0.4140625, 0.425, 0.428125, 0.4390625, 0.4421875, 0.44375, 0.44375, 0.45, 0.4671875, 0.4703125, 0.4734375, 0.4765625, 0.5078125, 0.5109375, 0.5265625, 0.5296875, 0.5578125, 0.5609375, 0.5625, 0.565625, 0.6078125, 0.6078125, 0.6140625, 0.6171875, 0.621875, 0.625, 0.690625, 0.69375, 0.7015625, 0.7046875, 0.7265625, 0.7296875, 0.7421875, 0.7453125, 0.7765625, 0.7796875, 0.8125, 0.815625, 0.81875, 0.821875, 0.8234375, 0.8265625, 0.8359375, 0.8390625, 0.8796875, 0.8828125, 0.8953125, 0.8984375, 0.909375, 0.909375, 0.940625, 0.94375, 0.978125, 0.98125, 0.9984375, 0.9984375, 1.0, 1.0], "tpr": [0.0, 0.0, 0.0, 0.0, 0.0, 0.0, 0.0, 0.0, 0.0, 0.03125, 0.03125, 0.0625, 0.0625, 0.125, 0.125, 0.15625, 0.15625, 0.15625, 0.15625, 0.1875, 0.1875, 0.21875, 0.21875, 0.25, 0.25, 0.25, 0.25, 0.25, 0.25, 0.3125, 0.3125, 0.3125, 0.3125, 0.3125, 0.3125, 0.34375, 0.34375, 0.375, 0.375, 0.375, 0.375, 0.40625, 0.40625, 0.4375, 0.4375, 0.46875, 0.46875, 0.46875, 0.5, 0.5, 0.53125, 0.53125, 0.53125, 0.53125, 0.5625, 0.5625, 0.625, 0.625, 0.625, 0.625, 0.65625, 0.65625, 0.6875, 0.6875, 0.75, 0.75, 0.78125, 0.78125, 0.78125, 0.78125, 0.78125, 0.78125, 0.78125, 0.78125, 0.78125, 0.78125, 0.78125, 0.78125, 0.8125, 0.8125, 0.8125, 0.8125, 0.8125, 0.8125, 0.8125, 0.8125, 0.8125, 0.8125, 0.8125, 0.8125, 0.8125, 0.8125, 0.8125, 0.84375, 0.84375, 0.84375, 0.84375, 0.84375, 0.84375, 0.84375, 0.84375, 0.84375, 0.84375, 0.84375, 0.84375, 0.84375, 0.84375, 0.84375, 0.84375, 0.84375, 0.84375, 0.84375, 0.84375, 0.84375, 0.84375, 0.84375, 0.84375, 0.84375, 0.84375, 0.84375, 0.84375, 0.875, 0.875, 0.875, 0.875, 0.875, 0.875, 0.90625, 0.90625, 1.0], "auc": 0.654}, "n_forced": 32, "n_neutral": 640, "N": 672, "mean_p_forced": 0.0, "mean_p_neutral": 0.0}