{"svm": {"fpr": [0.0, 1.0], "tpr": [0.0, 1.0], "auc": 0.5}, "variance": {"fpr": [0.0, 0.00078125, 0.00234375, 0.00625, 0.0078125, 0.0109375, 0.0125, 0.02890625, 0.03046875, 0.03828125, 0.03984375, 0.040625, 0.0421875, 0.04375, 0.0453125, 0.0515625, 0.053125, 0.05546875, 0.05703125, 0.059375, 0.0640625, 0.065625, 0.06640625, 0.06796875, 0.0703125, 0.071875, 0.07265625, 0.07421875, 0.075, 0.0765625, 0.08828125, 0.090625, 0.0921875, 0.09453125, 0.096875, 0.0984375, 0.10078125, 0.1015625, 0.103125, 0.10390625, 0.10625, 0.1078125, 0.11484375, 0.11640625, 0.11796875, 0.11953125, 0.14453125, 0.14765625, 0.14921875, 0.14921875, 0.15078125, 0.15234375, 0.15546875, 0.15625, 0.15625, 0.15703125, 0.15859375, 0.16328125, 0.16484375, 0.1671875, 0.16875, 0.1765625, 0.178125, 0.178125, 0.18046875, 0.18046875, 0.1828125, 0.184375, 0.18671875, 0.18671875, 0.1890625, 0.1890625, 0.190625, 0.190625, 0.2, 0.20234375, 0.20390625, 0.20625, 0.20703125, 0.21171875, 0.2125, 0.2140625, 0.21640625, 0.2171875, 0.2203125, 0.2234375, 0.225, 0.2265625, 0.228125, 0.23203125, 0.234375, 0.2375, 0.2390625, 0.2484375, 0.2484375, 0.25, 0.25, 0.25, 0.25, 0.25, 0.25, 0.25078125, 0.25390625, 0.25546875, 0.25703125, 0.259375, 0.2625, 0.2640625, 0.26484375, 0.26796875, 0.26953125, 0.2703125, 0.2703125, 0.275, 0.27734375, 0.27890625, 0.28046875, 0.28046875, 0.28359375, 0.28359375, 0.28515625, 0.2875, 0.290625, 0.290625, 0.2921875, 0.296875, 0.29921875, 0.30078125, 0.30234375, 0.30390625, 0.3046875, 0.30625, 0.30859375, 0.30859375, 0.3125, 0.31484375, 0.315625, 0.31796875, 0.31875, 0.32109375, 0.321875, 0.325, 0.325, 0.3265625, 0.32734375, 0.32890625, 0.33125, 0.33359375, 0.33828125, 0.33984375, 0.340625, 0.3421875, 0.34375, 0.34375, 0.3453125, 0.346875, 0.35078125, 0.353125, 0.35625, 0.35703125, 0.359375, 0.36015625, 0.36328125, 0.36796875, 0.36953125, 0.371875, 0.3734375, 0.3765625, 0.3828125, 0.38515625, 0.38671875, 0.3875, 0.3890625, 0.38984375, 0.39296875, 0.39375, 0.396875, 0.3984375, 0.4, 0.4, 0.4046875, 0.40625, 0.41015625, 0.41171875, 0.41484375, 0.415625, 0.415625, 0.41953125, 0.4265625, 0.42734375, 0.43046875, 0.43203125, 0.43359375, 0.4375, 0.43984375, 0.4421875, 0.4421875, 0.44296875, 0.446875, 0.4515625, 0.4578125, 0.459375, 0.4625, 0.46328125, 0.46640625, 0.4671875, 0.46875, 0.471875, 0.4734375, 0.48203125, 0.4859375, 0.48671875, 0.48671875, 0.48828125, 0.490625, 0.4921875, 0.49296875, 0.49296875, 0.49453125, 0.49609375, 0.4984375, 0.49921875, 0.49921875, 0.52734375, 0.52890625, 0.53515625, 0.53671875, 0.565625, 0.5671875, 0.56875, 0.5703125, 0.621875, 0.6234375, 0.6453125, 0.646875, 0.64765625, 0.64921875, 0.653125, 0.65625, 0.65859375, 0.66015625, 0.6625, 0.6640625, 0.66484375, 0.6671875, 0.67109375, 0.67421875, 0.684375, 0.6859375, 0.68828125, 0.69140625, 0.70625, 0.7078125, 0.71484375, 0.71640625, 0.73984375, 0.74140625, 0.75078125, 0.75234375, 0.753125, 0.7546875, 0.75703125, 0.76015625, 0.7609375, 0.7640625, 0.76484375, 0.77109375, 0.771875, 0.778125, 0.7796875, 0.78125, 0.7828125, 0.784375, 0.78671875, 0.78984375, 0.7921875, 0.79375, 0.79453125, 0.79609375, 0.7984375, 0.8, 0.80078125, 0.80234375, 0.80390625, 0.80703125, 0.8078125, 0.809375, 0.81015625, 0.81171875, 0.8140625, 0.815625, 0.81640625, 0.81875, 0.81953125, 0.82109375, 0.82265625, 0.82421875, 0.825, 0.8265625, 0.83046875, 0.83203125, 0.8328125, 0.8390625, 0.840625, 0.84375, 0.84453125, 0.846875, 0.8484375, 0.85078125, 0.85234375, 0.85546875, 0.85703125, 0.86015625, 0.8640625, 0.865625, 0.8671875, 0.8703125, 0.871875, 0.87265625, 0.875, 0.878125, 0.8796875, 0.8828125, 0.88359375, 0.88515625, 0.89140625, 0.8953125, 0.896875, 0.89765625, 0.90234375, 0.903125, 0.9046875, 0.90703125, 0.91015625, 0.9109375, 0.9125, 0.91484375, 0.91640625, 0.91796875, 0.92109375, 0.92265625, 0.925, 0.92578125, 0.93671875, 0.9375, 0.940625, 0.94140625, 0.94296875, 0.94375, 0.9453125, 0.94765625, 0.95078125, 0.953125, 0.9546875, 0.95703125, 0.9609375, 0.9640625, 0.96484375, 0.96640625, 0.9671875, 0.971875, 0.975, 0.97734375, 0.978125, 0.9828125, 0.98359375, 0.98515625, 0.98828125, 0.990625, 0.9921875, 0.99296875, 0.99609375, 0.99921875, 1.0], "tpr": [0.0, 0.0, 0.0, 0.0, 0.0, 0.0, 0.0, 0.0, 0.0, 0.0, 0.0, 0.0, 0.0, 0.0, 0.0, 0.0, 0.0, 0.0, 0.0, 0.0, 0.0, 0.0, 0.0, 0.0, 0.0, 0.0, 0.0, 0.0, 0.0, 0.0, 0.0, 0.0, 0.0, 0.0, 0.0, 0.0, 0.0, 0.0, 0.0, 0.0, 0.0, 0.0, 0.0, 0.0, 0.0, 0.0, 0.0, 0.0, 0.0, 0.015625, 0.015625, 0.015625, 0.015625, 0.015625, 0.03125, 0.03125, 0.03125, 0.03125, 0.03125, 0.03125, 0.03125, 0.03125, 0.03125, 0.078125, 0.078125, 0.09375, 0.09375, 0.09375, 0.09375, 0.109375, 0.109375, 0.125, 0.125, 0.140625, 0.140625, 0.140625, 0.140625, 0.140625, 0.140625, 0.140625, 0.140625, 0.140625, 0.140625, 0.140625, 0.140625, 0.140625, 0.140625, 0.140625, 0.140625, 0.140625, 0.140625, 0.140625, 0.140625, 0.140625, 0.15625, 0.15625, 0.390625, 0.421875, 0.5, 0.53125, 0.75, 0.75, 0.75, 0.75, 0.75, 0.75, 0.75, 0.75, 0.75, 0.75, 0.75, 0.75, 0.765625, 0.765625, 0.765625, 0.765625, 0.765625, 0.78125, 0.78125, 0.796875, 0.796875, 0.796875, 0.796875, 0.8125, 0.8125, 0.8125, 0.8125, 0.8125, 0.8125, 0.8125, 0.8125, 0.8125, 0.8125, 0.84375, 0.84375, 0.84375, 0.84375, 0.84375, 0.84375, 0.84375, 0.84375, 0.84375, 0.859375, 0.859375, 0.859375, 0.859375, 0.859375, 0.859375, 0.859375, 0.859375, 0.859375, 0.859375, 0.859375, 0.890625, 0.890625, 0.890625, 0.890625, 0.890625, 0.890625, 0.890625, 0.890625, 0.890625, 0.890625, 0.890625, 0.890625, 0.890625, 0.890625, 0.890625, 0.890625, 0.890625, 0.890625, 0.890625, 0.890625, 0.890625, 0.890625, 0.890625, 0.890625, 0.890625, 0.890625, 0.90625, 0.90625, 0.90625, 0.90625, 0.90625, 0.90625, 0.90625, 0.921875, 0.921875, 0.921875, 0.921875, 0.921875, 0.921875, 0.921875, 0.921875, 0.921875, 0.921875, 0.9375, 0.9375, 0.9375, 0.9375, 0.9375, 0.9375, 0.9375, 0.9375, 0.9375, 0.9375, 0.9375, 0.9375, 0.9375, 0.9375, 0.9375, 0.9375, 0.953125, 0.953125, 0.953125, 0.953125, 0.953125, 0.96875, 0.96875, 0.96875, 0.96875, 0.96875, 1.0, 1.0, 1.0, 1.0, 1.0, 1.0, 1.0, 1.0, 1.0, 1.0, 1.0, 1.0, 1.0, 1.0, 1.0, 1.0, 1.0, 1.0, 1.0, 1.0, 1.0, 1.0, 1.0, 1.0, 1.0, 1.0, 1.0, 1.0, 1.0, 1.0, 1.0, 1.0, 1.0, 1.0, 1.0, 1.0, 1.0, 1.0, 1.0, 1.0, 1.0, 1.0, 1.0, 1.0, 1.0, 1.0, 1.0, 1.0, 1.0, 1.0, 1.0, 1.0, 1.0, 1.0, 1.0, 1.0, 1.0, 1.0, 1.0, 1.0, 1.0, 1.0, 1.0, 1.0, 1.0, 1.0, 1.0, 1.0, 1.0, 1.0, 1.0, 1.0, 1.0, 1.0, 1.0, 1.0, 1.0, 1.0, 1.0, 1.0, 1.0, 1.0, 1.0, 1.0, 1.0, 1.0, 1.0, 1.0, 1.0, 1.0, 1.0, 1.0, 1.0, 1.0, 1.0, 1.0, 1.0, 1.0, 1.0, 1.0, 1.0, 1.0, 1.0, 1.0, 1.0, 1.0, 1.0, 1.0, 1.0, 1.0, 1.0, 1.0, 1.0, 1.0, 1.0, 1.0, 1.0, 1.0, 1.0, 1.0, 1.0, 1.0, 1.0, 1.0, 1.0, 1.0, 1.0, 1.0, 1.0, 1.0, 1.0, 1.0, 1.0, 1.0, 1.0, 1.0, 1.0, 1.0, 1.0, 1.0, 1.0, 1.0, 1.0, 1.0, 1.0, 1.0, 1.0, 1.0, 1.0, 1.0, 1.0, 1.0], "auc": 0.729},