{"svm": {"fpr": [0.0, 0.0015625, 0.0953125, 0.0953125, 0.1390625, 0.1390625, 0.15, 0.15, 0.184375, 0.184375, 0.3046875, 0.3046875, 0.353125, 0.353125, 0.475, 0.475, 0.478125, 0.4828125, 0.5140625, 0.5140625, 0.5609375, 0.5609375, 0.584375, 0.584375, 0.59375, 0.59375, 0.6203125, 0.6203125, 0.6265625, 0.6265625, 0.628125, 0.628125, 0.7703125, 0.7703125, 0.78125, 0.78125, 1.0, 1.0, 1.0], "tpr": [0.0, 0.0, 0.0, 0.03125, 0.03125, 0.0625, 0.0625, 0.09375, 0.09375, 0.125, 0.125, 0.15625, 0.15625, 0.1875, 0.1875, 0.21875, 0.21875, 0.21875, 0.21875, 0.25, 0.25, 0.28125, 0.28125, 0.3125, 0.3125, 0.34375, 0.34375, 0.375, 0.375, 0.40625, 0.40625, 0.4375, 0.4375, 0.46875, 0.46875, 0.5, 0.5, 0.53125, 1.0], "auc": 0.269}, "variance": {"fpr": [0.0, 0.0, 0.0, 0.0375, 0.040625, 0.0421875, 0.0453125, 0.075, 0.078125, 0.0984375, 0.1015625, 0.1171875, 0.1203125, 0.1265625, 0.1296875, 0.15625, 0.159375, 0.1765625, 0.1796875, 0.1875, 0.190625, 0.221875, 0.225, 0.2265625, 0.2296875, 0.2359375, 0.2390625, 0.271875, 0.275, 0.278125, 0.28125, 0.3015625, 0.3046875, 0.3078125, 0.3109375, 0.359375, 0.3625, 0.3734375, 0.3765625, 0.3875, 0.390625, 0.3953125, 0.3984375, 0.49375, 0.49375, 0.496875, 0.496875, 0.5, 0.5, 0.503125, 0.50625, 0.50625, 0.5578125, 0.5609375, 0.5859375, 0.5859375, 0.596875, 0.603125, 0.6328125, 0.6359375, 0.6921875, 0.6953125, 0.7046875, 0.7078125, 0.7109375, 0.7140625, 0.7328125, 0.7359375, 0.7625, 0.765625, 0.7953125, 0.7984375, 0.8078125, 0.8109375, 0.8171875, 0.8203125, 0.8359375, 0.8390625, 0.840625, 0.84375, 0.85, 0.853125, 0.903125, 0.90625, 0.9296875, 0.9328125, 0.9453125, 0.9484375, 0.9921875, 0.9953125, 1.0], "tpr": [0.0, 0.03125, 0.5, 0.5, 0.5, 0.5, 0.5, 0.5, 0.5, 0.5, 0.5, 0.5, 0.5, 0.5, 0.5, 0.5, 0.5, 0.5, 0.5, 0.5, 0.5, 0.5, 0.5, 0.5, 0.5, 0.5, 0.5, 0.5, 0.5, 0.5, 0.5, 0.5, 0.5, 0.5, 0.5, 0.5, 0.5, 0.5, 0.5, 0.5, 0.5, 0.5, 0.5, 0.5, 0.53125, 0.53125, 0.5625, 0.5625, 0.9375, 0.9375, 0.9375, 0.96875, 0.96875, 0.96875, 0.96875, 1.0, 1.0, 1.0, 1.0, 1.0, 1.0, 1.0, 1.0, 1.0, 1.0, 1.0, 1.0, 1.0, 1.0, 1.0, 1.0, 1.0, 1.0, 1.0, 1.0, 1.0, 1.0, 1.0, 1.0, 1.0, 1.0, 1.0, 1.0, 1.0, 1.0, 1.0, 1.0, 1.0, 1.0, 1.0, 1.0], "auc": 0.747}, "lag1_ac": {"fpr": [0.0, 0.0015625, 0.01875, 0.021875, 0.05, 0.053125, 0.05625, 0.059375, 0.0671875, 0.0703125, 0.0921875, 0.0953125, 0.096875, 0.1, 0.1140625, 0.1171875, 0.159375, 0.1625, 0.1625, 0.1703125, 0.1703125, 0.196875, 0.196875, 0.1984375, 0.1984375, 0.2171875, 0.2203125, 0.23125, 0.23125, 0.2390625, 0.2421875, 0.246875, 0.25, 0.2578125, 0.2609375, 0.26875, 0.26875, 0.271875, 0.2890625, 0.2890625, 0.29375, 0.29375, 0.296875, 0.296875, 0.3015625, 0.3015625, 0.30625, 0.30625, 0.3140625, 0.3140625, 0.3265625, 0.3265625, 0.3296875, 0.3328125, 0.3375, 0.3375, 0.3421875, 0.3421875, 0.346875, 0.35, 0.35625, 0.35625, 0.3734375, 0.3734375, 0.38125, 0.38125, 0.3953125, 0.3953125, 0.3984375, 0.4, 0.403125, 0.421875, 0.425, 0.425, 0.43125, 0.43125, 0.4359375, 0.4359375, 0.4609375, 0.4609375, 0.465625, 0.465625, 0.4671875, 0.4671875, 0.4734375, 0.4765625, 0.478125, 0.48125, 0.48125, 0.484375, 0.4875, 0.5203125, 0.5234375, 0.5453125, 0.5484375, 0.584375, 0.5875, 0.640625, 0.64375, 0.6515625, 0.6546875, 0.684375, 0.6875, 0.6953125, 0.6984375, 0.7390625, 0.7421875, 0.7453125, 0.7484375, 0.765625, 0.76875, 0.8125, 0.815625, 0.8203125, 0.8234375, 0.8265625, 0.8296875, 0.8328125, 0.8359375, 0.8640625, 0.8671875, 0.890625, 0.89375, 0.9, 0.903125, 0.93125, 0.934375, 0.975, 0.978125, 1.0], "tpr": [0.0, 0.0, 0.0, 0.0, 0.0, 0.0, 0.0, 0.0, 0.0, 0.0, 0.0, 0.0, 0.0, 0.0, 0.0, 0.0, 0.0, 0.0, 0.03125, 0.03125, 0.09375, 0.09375, 0.125, 0.125, 0.15625, 0.15625, 0.15625, 0.15625, 0.1875, 0.1875, 0.1875, 0.1875, 0.1875, 0.1875, 0.1875, 0.1875, 0.21875, 0.21875, 0.21875, 0.28125, 0.28125, 0.3125, 0.3125, 0.34375, 0.34375, 0.375, 0.375, 0.40625, 0.40625, 0.4375, 0.4375, 0.46875, 0.46875, 0.46875, 0.46875, 0.5, 0.5, 0.53125, 0.53125, 0.53125, 0.53125, 0.5625, 0.5625, 0.65625, 0.65625, 0.6875, 0.6875, 0.71875, 0.71875, 0.71875, 0.71875, 0.71875, 0.71875, 0.78125, 0.78125, 0.8125, 0.8125, 0.84375, 0.84375, 0.90625, 0.90625, 0.9375, 0.9375, 0.96875, 0.96875, 0.96875, 0.96875, 0.96875, 1.0, 1.0, 1.0, 1.0, 1.0, 1.0, 1.0, 1.0, 1.0, 1.0, 1.0, 1.0, 1.0, 1.0, 1.0, 1.0, 1.0, 1.0, 1.0, 1.0, 1.0, 1.0, 1.0, 1.0, 1.0, 1.0, 1.0, 1.0, 1.0, 1.0, 1.0, 1.0, 1.0, 1.0, 1.0, 1.0, 1.0, 1.0, 1.0, 1.0, 1.0, 1.0], "auc": 0.662}, "n_forced": 32, "n_neutral": 640, "N": 672, "mean_p_forced": 0.247, "mean_p_neutral": 0.473}