{"svm": {"fpr": [0.0, 0.94375, 1.0, 1.0], "tpr": [0.0, 0.0, 0.0, 1.0], "auc": 0.0}, "variance": {"fpr": [0.0, 0.003125, 0.878125, 0.878125, 1.0, 1.0], "tpr": [0.0, 0.0, 0.0, 0.0625, 0.0625, 1.0], "auc": 0.008}, "lag1_ac": {"fpr": [0.0, 0.003125, 1.0, 1.0], "tpr": [0.0, 0.0, 0.0, 1.0], "auc": 0.0}, "n_forced": 16, "n_neutral": 320, "N": 336, "mean_p_forced": 0.002, "mean_p_neutral": 1.0}