{"svm": {"fpr": [0.0, 0.003125, 0.403125, 1.0], "tpr": [0.0, 0.0, 0.0, 1.0], "auc": 0.298}, "variance": {"fpr": [0.0, 0.003125, 0.90625, 0.90625, 0.909375, 0.909375, 0.940625, 0.940625, 0.946875, 0.946875, 0.959375, 0.959375, 0.978125, 0.978125, 1.0, 1.0], "tpr": [0.0, 0.0, 0.0, 0.0625, 0.0625, 0.125, 0.125, 0.1875, 0.1875, 0.3125, 0.3125, 0.375, 0.375, 0.4375, 0.4375, 1.0], "auc": 0.026}, "lag1_ac": {"fpr": [0.0, 0.003125, 1.0, 1.0], "tpr": [0.0, 0.0, 0.0, 1.0], "auc": 0.0}, "n_forced": 16, "n_neutral": 320, "N": 336, "mean_p_forced": 0.0, "mean_p_neutral": 0.0}