{
    "model": "multihead_cnn",
    "dataset": "ts_1500",
    "pad_variant": 1,
    "n_params": 36740,
    "best_val_f1": 0.586655,
    "test_acc": 0.588,
    "test_f1": 0.590646,
    "confusion_matrix": [
        [
            363,
            37,
            36,
            64
        ],
        [
            85,
            356,
            55,
            4
        ],
        [
            227,
            24,
            198,
            51
        ],
        [
            190,
            30,
            21,
            259
        ]
    ],
    "training_time_min": 5.74
}