{
    "model": "cnn",
    "dataset": "ts_1500",
    "pad_variant": 1,
    "n_params": 6157252,
    "best_val_f1": 0.815453,
    "test_acc": 0.8065,
    "test_f1": 0.805579,
    "confusion_matrix": [
        [
            369,
            10,
            68,
            53
        ],
        [
            54,
            394,
            47,
            5
        ],
        [
            59,
            19,
            370,
            52
        ],
        [
            0,
            0,
            20,
            480
        ]
    ],
    "training_time_min": 1.49
}