{
    "model": "multirocket",
    "dataset": "ts_500",
    "target": "zenodo",
    "inference_time_sec": 8.59,
    "auc": 0.7736949933032324,
    "roc": {
        "fpr": [
            0.0,
            0.31906300484652667,
            1.0
        ],
        "tpr": [
            0.0,
            0.8664529914529915,
            1.0
        ]
    },
    "accuracy": 0.28964271376957046,
    "macro_f1": 0.1696719624566258,
    "confusion_matrix": [
        [
            244,
            1006,
            0,
            0
        ],
        [
            51,
            1199,
            0,
            0
        ],
        [
            205,
            1039,
            0,
            0
        ],
        [
            843,
            395,
            0,
            0
        ]
    ]
}