{
    "model": "multirocket",
    "dataset": "ts_500",
    "target": "zenodo",
    "class_names": [
        "fold",
        "hopf",
        "transcritical",
        "null"
    ],
    "null_idx": 3,
    "inference_time_sec": 8.66,
    "auc": 0.7736949933032324,
    "roc": {
        "fpr": [
            0.0,
            0.31906300484652667,
            1.0
        ],
        "tpr": [
            0.0,
            0.8664529914529915,
            1.0
        ],
        "thresholds": [
            Infinity,
            1.0,
            0.0
        ]
    },
    "accuracy": 0.6180248896025693,
    "macro_f1": 0.619846999605788,
    "confusion_matrix": [
        [
            636,
            77,
            293,
            244
        ],
        [
            142,
            935,
            122,
            51
        ],
        [
            282,
            92,
            665,
            205
        ],
        [
            177,
            23,
            195,
            843
        ]
    ]
}