{
    "model": "multihead_cnn",
    "dataset": "ts_500",
    "pad_variant": 1,
    "n_params": 36740,
    "best_val_f1": 0.590076,
    "test_acc": 0.604,
    "test_f1": 0.594784,
    "confusion_matrix": [
        [
            493,
            57,
            195,
            505
        ],
        [
            153,
            809,
            148,
            140
        ],
        [
            190,
            69,
            576,
            415
        ],
        [
            23,
            15,
            70,
            1142
        ]
    ],
    "training_time_min": 10.48
}