{
    "model": "rocket",
    "dataset": "ts_500",
    "target": "zenodo",
    "inference_time_sec": 13.2,
    "auc": 0.766226069411651,
    "roc": {
        "fpr": [
            0.0,
            0.3166397415185784,
            1.0
        ],
        "tpr": [
            0.0,
            0.8490918803418803,
            1.0
        ]
    },
    "accuracy": 0.29706945002007223,
    "macro_f1": 0.1775724254114667,
    "confusion_matrix": [
        [
            286,
            964,
            0,
            0
        ],
        [
            56,
            1194,
            0,
            0
        ],
        [
            223,
            1021,
            0,
            0
        ],
        [
            846,
            392,
            0,
            0
        ]
    ]
}