{
    "model": "rocket",
    "dataset": "ts_500",
    "target": "zenodo",
    "class_names": [
        "fold",
        "hopf",
        "transcritical",
        "null"
    ],
    "null_idx": 3,
    "inference_time_sec": 13.26,
    "auc": 0.766226069411651,
    "roc": {
        "fpr": [
            0.0,
            0.3166397415185784,
            1.0
        ],
        "tpr": [
            0.0,
            0.8490918803418803,
            1.0
        ],
        "thresholds": [
            Infinity,
            1.0,
            0.0
        ]
    },
    "accuracy": 0.6091930951425131,
    "macro_f1": 0.6092920696261153,
    "confusion_matrix": [
        [
            574,
            97,
            293,
            286
        ],
        [
            140,
            926,
            128,
            56
        ],
        [
            235,
            97,
            689,
            223
        ],
        [
            148,
            21,
            223,
            846
        ]
    ]
}