{
    "model": "cnn_lstm",
    "dataset": "ts_1500",
    "pad_variant": 2,
    "n_params": 23574,
    "best_val_f1": 0.877379,
    "test_acc": 0.865,
    "test_f1": 0.864398,
    "confusion_matrix": [
        [
            417,
            19,
            42,
            22
        ],
        [
            35,
            435,
            24,
            6
        ],
        [
            43,
            17,
            399,
            41
        ],
        [
            2,
            0,
            19,
            479
        ]
    ],
    "training_time_min": 32.87
}