{
    "model": "multirocket",
    "dataset": "ts_1500",
    "target": "zenodo",
    "inference_time_sec": 10.45,
    "auc": 0.8862144831606462,
    "roc": {
        "fpr": [
            0.0,
            0.12877263581488935,
            1.0
        ],
        "tpr": [
            0.0,
            0.9012016021361816,
            1.0
        ]
    },
    "accuracy": 0.2862155388471178,
    "macro_f1": 0.16546948962656002,
    "confusion_matrix": [
        [
            81,
            419,
            0,
            0
        ],
        [
            10,
            490,
            0,
            0
        ],
        [
            57,
            441,
            0,
            0
        ],
        [
            433,
            64,
            0,
            0
        ]
    ]
}