{
    "model": "multirocket",
    "dataset": "ts_1500",
    "target": "zenodo",
    "class_names": [
        "fold",
        "hopf",
        "transcritical",
        "null"
    ],
    "null_idx": 3,
    "inference_time_sec": 8.77,
    "auc": 0.8862144831606462,
    "roc": {
        "fpr": [
            0.0,
            0.12877263581488935,
            1.0
        ],
        "tpr": [
            0.0,
            0.9012016021361816,
            1.0
        ],
        "thresholds": [
            Infinity,
            1.0,
            0.0
        ]
    },
    "accuracy": 0.7363408521303259,
    "macro_f1": 0.7354897085297183,
    "confusion_matrix": [
        [
            306,
            25,
            88,
            81
        ],
        [
            48,
            406,
            36,
            10
        ],
        [
            97,
            20,
            324,
            57
        ],
        [
            28,
            1,
            35,
            433
        ]
    ]
}