{
    "model": "cnn_lstm",
    "dataset": "ts_500",
    "pad_variant": 2,
    "n_params": 23574,
    "best_val_f1": 0.816912,
    "test_acc": 0.8154,
    "test_f1": 0.81603,
    "confusion_matrix": [
        [
            941,
            34,
            169,
            106
        ],
        [
            113,
            1062,
            59,
            16
        ],
        [
            107,
            44,
            969,
            130
        ],
        [
            5,
            5,
            135,
            1105
        ]
    ],
    "training_time_min": 47.54
}