{
    "model": "lstm",
    "dataset": "ts_500",
    "pad_variant": 1,
    "n_params": 190852,
    "best_val_f1": 0.81868,
    "test_acc": 0.8176,
    "test_f1": 0.817047,
    "confusion_matrix": [
        [
            939,
            41,
            165,
            105
        ],
        [
            118,
            1063,
            50,
            19
        ],
        [
            103,
            63,
            943,
            141
        ],
        [
            2,
            9,
            96,
            1143
        ]
    ],
    "training_time_min": 45.56
}