{
  "model": "arsenal",
  "dataset": "ts_1500",
  "val_acc": 0.775126,
  "val_f1": 0.774899,
  "val_confusion_matrix": [
    [
      1381,
      51,
      343,
      225
    ],
    [
      210,
      1588,
      189,
      13
    ],
    [
      289,
      99,
      1385,
      207
    ],
    [
      22,
      2,
      140,
      1816
    ]
  ],
  "training_time_min": 103.6
}