{
  "model": "arsenal",
  "dataset": "ts_500",
  "val_acc": 0.688731,
  "val_f1": 0.688384,
  "val_confusion_matrix": [
    [
      2738,
      247,
      1055,
      960
    ],
    [
      509,
      3811,
      574,
      106
    ],
    [
      687,
      301,
      3109,
      851
    ],
    [
      104,
      44,
      755,
      4045
    ]
  ],
  "training_time_min": 41.66
}