epoch,train_loss,train_acc,val_loss,val_acc
1,1.303612422398283,0.36345428571428573,1.2612617982125527,0.42977333333333334
2,1.1627009431666386,0.4733514285714286,1.2642743408476533,0.34625333333333336
3,1.038151773358176,0.5558857142857143,1.3584912797696762,0.34725333333333336
4,0.9711348965573354,0.5930514285714286,1.39505047094293,0.36005333333333334
5,0.9303948615434183,0.6140885714285714,1.3533300345464778,0.3838
