{
  "model": "minirocket",
  "dataset": "ts_500",
  "val_acc": 0.690239,
  "val_f1": 0.690068,
  "val_confusion_matrix": [
    [
      2863,
      307,
      1010,
      820
    ],
    [
      511,
      3909,
      486,
      94
    ],
    [
      855,
      332,
      3020,
      741
    ],
    [
      216,
      47,
      744,
      3941
    ]
  ],
  "training_time_min": 18.37
}