{
  "model": "minirocket",
  "dataset": "ts_1500",
  "val_acc": 0.786307,
  "val_f1": 0.785695,
  "val_confusion_matrix": [
    [
      1396,
      57,
      327,
      220
    ],
    [
      194,
      1653,
      137,
      16
    ],
    [
      283,
      80,
      1399,
      218
    ],
    [
      37,
      14,
      118,
      1811
    ]
  ],
  "training_time_min": 21.77
}