{
  "model": "multirocket",
  "dataset": "ts_500",
  "val_acc": 0.638621,
  "val_f1": 0.640134,
  "val_confusion_matrix": [
    [
      2616,
      353,
      1185,
      846
    ],
    [
      564,
      3756,
      534,
      146
    ],
    [
      1006,
      343,
      2801,
      798
    ],
    [
      517,
      58,
      840,
      3533
    ]
  ],
  "training_time_min": 18.57
}