{
  "model": "multirocket",
  "dataset": "ts_1500",
  "val_acc": 0.762312,
  "val_f1": 0.761718,
  "val_confusion_matrix": [
    [
      1325,
      80,
      367,
      228
    ],
    [
      187,
      1639,
      153,
      21
    ],
    [
      358,
      94,
      1327,
      201
    ],
    [
      73,
      7,
      123,
      1777
    ]
  ],
  "training_time_min": 17.85
}