{
  "model": "multirocket",
  "dataset": "ts_500",
  "val_acc": 0.632288,
  "val_f1": 0.633169,
  "val_confusion_matrix": [
    [
      2556,
      368,
      1141,
      935
    ],
    [
      541,
      3798,
      469,
      192
    ],
    [
      1098,
      325,
      2752,
      773
    ],
    [
      613,
      106,
      755,
      3474
    ]
  ],
  "training_time_min": 76.39
}