{
  "model": "multirocket",
  "dataset": "ts_1500",
  "val_acc": 0.744472,
  "val_f1": 0.744029,
  "val_confusion_matrix": [
    [
      1258,
      85,
      373,
      284
    ],
    [
      172,
      1664,
      139,
      25
    ],
    [
      350,
      67,
      1303,
      260
    ],
    [
      112,
      11,
      156,
      1701
    ]
  ],
  "training_time_min": 89.08
}