{
  "model": "rdst",
  "dataset": "ts_500",
  "val_acc": 0.662043,
  "val_f1": 0.662037,
  "val_confusion_matrix": [
    [
      2695,
      399,
      1092,
      814
    ],
    [
      510,
      3816,
      563,
      111
    ],
    [
      978,
      362,
      2869,
      739
    ],
    [
      308,
      57,
      791,
      3792
    ]
  ],
  "training_time_min": 56.67
}