{
  "model": "rdst",
  "dataset": "ts_1500",
  "val_acc": 0.769472,
  "val_f1": 0.768507,
  "val_confusion_matrix": [
    [
      1325,
      86,
      372,
      217
    ],
    [
      169,
      1629,
      187,
      15
    ],
    [
      316,
      98,
      1359,
      207
    ],
    [
      50,
      5,
      113,
      1812
    ]
  ],
  "training_time_min": 111.16
}