{
  "model": "rocket",
  "dataset": "ts_500",
  "val_acc": 0.637364,
  "val_f1": 0.637667,
  "val_confusion_matrix": [
    [
      2433,
      326,
      1157,
      1084
    ],
    [
      546,
      3785,
      513,
      156
    ],
    [
      901,
      291,
      2879,
      877
    ],
    [
      467,
      69,
      828,
      3584
    ]
  ],
  "training_time_min": 77.74
}