{
  "model": "rocket",
  "dataset": "ts_500",
  "val_acc": 0.666214,
  "val_f1": 0.667395,
  "val_confusion_matrix": [
    [
      2814,
      292,
      1085,
      809
    ],
    [
      521,
      3831,
      537,
      111
    ],
    [
      1004,
      335,
      2866,
      743
    ],
    [
      400,
      43,
      761,
      3744
    ]
  ],
  "training_time_min": 51.33
}