{
  "model": "rocket",
  "dataset": "ts_1500",
  "val_acc": 0.741583,
  "val_f1": 0.740312,
  "val_confusion_matrix": [
    [
      1202,
      60,
      379,
      359
    ],
    [
      179,
      1603,
      191,
      27
    ],
    [
      262,
      92,
      1341,
      285
    ],
    [
      45,
      11,
      167,
      1757
    ]
  ],
  "training_time_min": 115.85
}