{
  "model": "rocket",
  "dataset": "ts_1500",
  "val_acc": 0.778015,
  "val_f1": 0.777702,
  "val_confusion_matrix": [
    [
      1389,
      55,
      349,
      207
    ],
    [
      204,
      1608,
      175,
      13
    ],
    [
      312,
      81,
      1373,
      214
    ],
    [
      40,
      7,
      110,
      1823
    ]
  ],
  "training_time_min": 69.91
}