{
  "model": "weasel2",
  "dataset": "ts_500",
  "val_acc": 0.539355,
  "val_f1": 0.541805,
  "val_confusion_matrix": [
    [
      2166,
      431,
      1265,
      1138
    ],
    [
      720,
      3248,
      602,
      430
    ],
    [
      1168,
      411,
      2390,
      979
    ],
    [
      740,
      225,
      1056,
      2927
    ]
  ],
  "training_time_min": 26.23
}