{
  "model": "weasel2",
  "dataset": "ts_1500",
  "val_acc": 0.650879,
  "val_f1": 0.652105,
  "val_confusion_matrix": [
    [
      1102,
      93,
      374,
      431
    ],
    [
      248,
      1404,
      185,
      163
    ],
    [
      326,
      117,
      1190,
      347
    ],
    [
      188,
      42,
      265,
      1485
    ]
  ],
  "training_time_min": 49.68
}