{
    "model": "minirocket",
    "dataset": "ts_500",
    "target": "zenodo",
    "inference_time_sec": 0.84,
    "auc": 0.8160785851870263,
    "roc": {
        "fpr": [
            0.0,
            0.20678513731825526,
            1.0
        ],
        "tpr": [
            0.0,
            0.8389423076923077,
            1.0
        ]
    },
    "accuracy": 0.3063026896828583,
    "macro_f1": 0.18626729653198343,
    "confusion_matrix": [
        [
            321,
            929,
            0,
            0
        ],
        [
            45,
            1205,
            0,
            0
        ],
        [
            237,
            1007,
            0,
            0
        ],
        [
            982,
            256,
            0,
            0
        ]
    ]
}