{
    "model": "minirocket",
    "dataset": "ts_500",
    "target": "zenodo",
    "class_names": [
        "fold",
        "hopf",
        "transcritical",
        "null"
    ],
    "null_idx": 3,
    "inference_time_sec": 0.72,
    "auc": 0.8160785851870263,
    "roc": {
        "fpr": [
            0.0,
            0.20678513731825526,
            1.0
        ],
        "tpr": [
            0.0,
            0.8389423076923077,
            1.0
        ],
        "thresholds": [
            Infinity,
            1.0,
            0.0
        ]
    },
    "accuracy": 0.6457246085909273,
    "macro_f1": 0.6406990437471766,
    "confusion_matrix": [
        [
            567,
            100,
            262,
            321
        ],
        [
            125,
            978,
            102,
            45
        ],
        [
            206,
            111,
            690,
            237
        ],
        [
            54,
            18,
            184,
            982
        ]
    ]
}