{
    "model": "rocket",
    "dataset": "ts_1500",
    "target": "zenodo",
    "class_names": [
        "fold",
        "hopf",
        "transcritical",
        "null"
    ],
    "null_idx": 3,
    "inference_time_sec": 15.68,
    "auc": 0.8772306737621994,
    "roc": {
        "fpr": [
            0.0,
            0.11670020120724346,
            1.0
        ],
        "tpr": [
            0.0,
            0.8711615487316422,
            1.0
        ],
        "thresholds": [
            Infinity,
            1.0,
            0.0
        ]
    },
    "accuracy": 0.7218045112781954,
    "macro_f1": 0.7185307366465609,
    "confusion_matrix": [
        [
            267,
            25,
            98,
            110
        ],
        [
            44,
            402,
            43,
            11
        ],
        [
            70,
            24,
            332,
            72
        ],
        [
            8,
            0,
            50,
            439
        ]
    ]
}