{
    "model": "rocket",
    "dataset": "ts_1500",
    "target": "zenodo",
    "inference_time_sec": 17.03,
    "auc": 0.8772306737621994,
    "roc": {
        "fpr": [
            0.0,
            0.11670020120724346,
            1.0
        ],
        "tpr": [
            0.0,
            0.8711615487316422,
            1.0
        ]
    },
    "accuracy": 0.30025062656641605,
    "macro_f1": 0.1798265080259242,
    "confusion_matrix": [
        [
            110,
            390,
            0,
            0
        ],
        [
            11,
            489,
            0,
            0
        ],
        [
            72,
            426,
            0,
            0
        ],
        [
            439,
            58,
            0,
            0
        ]
    ]
}