age_kyr_bp,Al,Ba,Mo,Ti,U,Al_trend,Al_residuals,Ba_trend,Ba_residuals,Mo_trend,Mo_residuals,Ti_trend,Ti_residuals,U_trend,U_residuals
14.699,79309.843,222.959,1.576,7151.257,1.646,74643.80988098957,4666.033119010419,217.43354269535126,5.525457304648739,1.7356855252048133,-0.15968552520481327,6850.1252600409425,301.1317399590571,2.2663894910900515,-0.6203894910900516
14.682,79263.703,221.136,1.518,7311.093,2.005,74741.96116076528,4521.741839234717,217.4637251872103,3.672274812789709,1.735337525180699,-0.21733752518069904,6856.9593571272235,454.13364287277636,2.2684589265890454,-0.26345892658904546
14.665,80244.404,258.021,2.213,7627.461,2.74,74838.1955713652,5406.208428634796,217.49234088514348,40.52865911485654,1.7350247255598066,0.4779752744401935,6863.574450680537,763.8865493194635,2.270521708363742,0.4694782916362583
14.647,82126.345,234.679,3.089,8001.376,2.375,74937.98972049708,7188.3552795029245,217.5209081227327,17.15809187726731,1.734733528363301,1.354266471636699,6870.339450932092,1131.0365490679078,2.2726979437274593,0.10230205627254074
14.63,80550.098,265.166,1.591,7537.598,3.31,75030.24683402767,5519.85116597233,217.54623512810858,47.61976487189142,1.7344977840945441,-0.14349778409454417,6876.502511513008,661.0954884869916,2.274745240953673,1.0352547590463272
14.613,80075.048,212.346,2.752,8022.329,2.139,75120.56216790466,4954.485832095335,217.56994389643,-5.223943896430001,1.7343015953158865,1.0176984046841133,6882.446041327161,1139.8829586728389,2.2767841727852036,-0.13778417278520383
14.595,79220.282,204.222,1.839,7727.158,1.753,75214.07007472464,4006.211925275362,217.5932753237167,-13.371275323716702,1.7341384504123143,0.10486154958768568,6888.500351180824,838.6576488191768,2.278933329630445,-0.5259333296304451
14.578,79175.447,219.652,1.461,7086.664,1.476,75300.37983785373,3875.067162146268,217.6136341487682,2.038365851231788,1.73402780858162,-0.27302780858162,6893.993445958815,192.67055404118491,2.280953370388843,-0.804953370388843
14.561,79558.717,228.247,2.474,7294.678,1.321,75384.7450049825,4173.971995017506,217.63236625375123,10.614633746248785,1.7339606018416374,0.7400393981583628,6899.269061902876,395.4089380971236,2.2829634561253247,-0.9619634561253247
14.544,79776.155,190.544,1.81,7538.743,2.5,75467.16922814342,4308.985771856576,217.6494778041445,-27.1054778041445,1.733937985063164,0.07606201493683606,6904.328405451563,634.414594548437,2.284963099513817,0.21503690048618296
14.527,79324.28,190.71,1.332,7409.475,2.025,75547.6583216591,3776.6216783409036,217.6649791995995,-26.954979199599478,1.7339610540077994,-0.40196105400779936,6909.172936712,500.3020632880007,2.2869518311376558,-0.26195183113765586
14.509,79439.845,197.088,1.177,7368.327,2.77,75630.78167525954,3809.063324740462,217.67965362785532,-20.591653627855322,1.734036424981584,-0.557036424981584,6914.070203309781,454.25679669021883,2.2890451533118563,0.4809548466881437
14.492,78615.374,219.191,1.637,7298.137,1.844,75707.31387228867,2908.060127711331,217.69189014374308,1.499109856256922,1.7341567423253865,-0.09715674232538651,6918.478114564072,379.6588854359279,2.291010023680298,-0.4470100236802981
14.475,77399.804,201.116,1.689,7350.606,1.942,75781.94150346673,1617.862496533271,217.7025733280122,-16.58657332801218,1.7343257132847536,-0.045325713284753544,6922.677179738535,427.92882026146435,2.292962669004435,-0.3509626690044352
14.458,79305.815,206.746,1.583,7361.201,2.081,75854.67851058714,3451.1364894128637,217.71172947167878,-10.96572947167877,1.7345441778944624,-0.1515441778944624,6926.669812832323,434.53118716767676,2.2949027035230967,-0.2139027035230967
14.441,78845.923,254.161,2.051,7594.808,2.47,75925.54066164442,2920.382338355572,217.7193884174474,36.44161158255261,1.734812910080631,0.31618708991936906,6930.45864188023,664.3493581197699,2.2968297645536504,0.1731702354463498
14.423,80278.549,228.483,1.582,7541.33,2.258,75998.54714328842,4280.001856711577,217.72590298415741,10.75709701584259,1.735153024485028,-0.15315302448502788,6934.251355460369,607.0786445396307,2.2988556654185683,-0.04085566541856833
14.407,78854.76,214.854,1.934,7387.914,3.275,76061.71214442633,2793.0478555736627,217.7303508819852,-2.8763508819851893,1.7355039371409968,0.19849606285900312,6937.4364151152795,450.4775848847203,2.300643635985153,0.9743563640148469
14.391,80491.273,218.407,2.148,7638.032,2.094,76123.26729205175,4368.00570794825,217.73356925991567,0.673430740084342,1.7359010761846383,0.41209892381536184,6940.448980135794,697.5830198642061,2.302419280562938,-0.20841928056293835
14.374,79426.678,241.771,2.434,7475.804,1.741,76186.92648867285,3239.751511327151,217.73568109407427,24.03531890592572,1.736374156129508,0.6976258438704921,6943.463986285033,532.3400137149674,2.304292152391267,-0.5632921523912668
14.358,79281.113,290.644,1.722,7484.459,2.055,76245.22117014954,3035.8918298504577,217.7364773734402,72.9075226265598,1.7368679044542468,-0.014867904454246794,6946.1298388525565,538.3291611474433,2.306041705604487,-0.2510417056044867
14.342,77690.955,228.869,1.682,7575.538,1.64,76301.96630547132,1388.9886945286853,217.73615872385452,11.132841276145484,1.7374089960656287,-0.05540899606562877,6948.632241418047,626.9057585819528,2.3077783281661546,-0.6677783281661547
14.327,76834.491,160.879,0.92,7571.157,1.185,76353.77694312634,480.7140568736504,217.73488415250844,-56.85588415250845,1.737959494305702,-0.8179594943057019,6950.832638626341,620.3243613736595,2.3093945312609314,-1.1243945312609314
14.312,78462.21,192.746,0.628,7327.998,0.977,76404.26354078896,2057.9464592110453,217.73270141486705,-24.986701414867042,1.7385519947117003,-1.1105519947117002,6952.894904830033,375.10309516996676,2.310999125457091,-1.3339991254570913
14.297,77698.179,233.908,0.958,7175.846,1.286,76453.44548390596,1244.733516094042,217.72964714659156,16.178352853408427,1.7391866232658655,-0.7811866232658655,6954.821834316746,221.02416568325316,2.3125920192012623,-1.0265920192012623
14.282,79395.205,219.322,1.452,6989.728,1.753,76501.34278587124,2893.8622141287633,217.72575908811257,1.5962409118874348,1.7398634650208742,-0.28786346502087423,6956.61629155895,33.111708441049814,2.3141731384229907,-0.5611731384229908
14.267,77192.537,200.319,1.037,7070.243,2.77,76547.97604174523,644.5609582547622,217.72107598060356,-17.40207598060357,1.7405825645058668,-0.7035825645058669,6958.281205312885,111.9617946871158,2.3157424266626814,0.45425757333731864
14.252,77494.585,242.882,0.807,7056.7,1.361,76593.3663820957,901.2186179043056,217.71563746191356,25.166362538086446,1.741343926209852,-0.934343926209852,6959.81956271178,96.88043728821958,2.3172998451646816,-0.9562998451646816
14.237,77377.943,186.957,1.191,7089.151,1.574,76637.53542706881,740.407572931188,217.70948396273337,-30.75248396273338,1.7421475151405295,-0.5511475151405294,6961.234403368237,127.91659663176324,2.3188453729353027,-0.7448453729353026
14.222,76959.162,190.75,1.023,7081.176,2.474,76680.5052407984,278.65675920159265,217.70265660326555,-26.952656603265552,1.7429932574563454,-0.7199932574563455,6962.528813500332,118.64718649966835,2.3203790067657186,0.15362099323428158
14.207,76732.924,221.148,1.476,6935.878,1.306,76722.29828625631,10.625713743691449,217.69519709065796,3.45280290934204,1.7438810411693575,-0.2678810411693575,6963.705920095683,-27.827920095683112,2.3219007612197475,-1.0159007612197475
14.192,77441.168,244.653,0.994,6853.424,2.137,76762.93738064487,678.230619355134,217.68714761745304,26.965852382546956,1.7448107169162737,-0.7508107169162737,6964.768885127294,-111.34488512729422,2.323410668586673,-0.1864106685866731
14.177,79398.343,215.022,1.307,7028.274,2.195,76802.44565142712,2595.8973485728784,217.67855076129553,-2.6565507612955344,1.7457820987948423,-0.4387820987948423,6965.720899834561,62.55310016543899,2.3249087787993044,-0.12990877879930451
14.162,78328.613,235.698,1.296,7202.573,3.194,76840.84649308723,1487.7665069127688,217.66944938612852,18.028550613871488,1.7467949652625716,-0.45079496526257157,6966.565179082309,236.00782091769088,2.326395159317622,0.867604840682378
14.147,76449.83,219.807,1.689,7037.224,1.625,76878.16352470886,-428.3335247088544,217.65988654510085,2.1471134548991415,1.7478490600946182,-0.0588490600946181,6967.304955810183,69.91904418981721,2.3278698949784324,-0.7028698949784324
14.132,78709.914,230.048,0.848,7131.021,1.792,76914.4205484538,1795.4934515462082,217.64990538539107,12.398094614608937,1.7489440933975215,-0.9009440933975216,6967.943475584127,163.07752441587309,2.329333087811551,-0.537333087811551
14.117,75812.417,181.37,1.171,7062.96,2.276,76949.64150901871,-1137.2245090187062,217.63954905514572,-36.26954905514572,1.7500797426753416,-0.5790797426753416,6968.483991261057,94.47600873894316,2.3307848568231124,-0.054784856823112627
14.102,75504.234,180.929,1.548,6968.509,2.585,76983.85045414287,-1479.6164541428734,217.62886061271467,-36.69986061271467,1.751255653944666,-0.20325565394466594,6968.929757777203,-0.42075777720310725,2.3322253377467432,0.25277466225325673
14.087,76535.743,173.076,1.128,7284.003,1.554,77017.071496233,-481.3284962329926,217.61788293835104,-44.54188293835105,1.752471442894827,-0.624471442894827,6969.284027069828,314.71897293017173,2.3336546827633304,-0.7796546827633304
14.072,78077.238,282.952,1.487,6967.355,4.833,77049.3287751678,1027.9092248321977,217.60665864853374,65.34534135146626,1.7537266960896536,-0.2667266960896535,6969.55004314144,-2.195043141440692,2.335073060190299,2.4979269398097013
14.057,78620.308,210.893,0.981,7066.641,2.506,77080.64642233701,1539.6615776629915,217.59523001305146,-6.702230013051462,1.7550209722069912,-0.7740209722069912,6969.731037274749,96.90996272525081,2.3364806541412912,0.16951934585870854
14.042,77787.856,227.374,0.936,7212.423,1.509,77111.04852596571,676.8074740342854,217.58363887497876,9.790361125021235,1.7563538033122166,-0.8203538033122165,6969.830223406006,242.59277659399413,2.337877664157294,-0.8288776641572939
14.027,77649.292,225.196,0.835,7242.096,1.408,77140.55909776775,508.73290223225194,217.57192657365403,7.624073426345973,1.7577246961619524,-0.9227246961619524,6969.850793663488,272.2452063365117,2.3392643048102624,-0.9312643048102625
14.012,77584.844,229.261,0.684,7420.052,1.344,77169.20204096692,415.641959033077,217.56013387076223,11.700866129237767,1.7591331335342093,-1.0751331335342091,6969.795914077227,450.2560859227724,2.3406408052803847,-0.9966408052803846
13.997,76834.894,255.595,0.87,7221.71,2.614,77197.00111971889,-362.1071197188867,217.54830087960323,38.04669912039677,1.7605785755811834,-0.8905785755811834,6969.668720465241,252.04127953475927,2.342007408908171,0.27199259109182883
13.982,79765.273,236.758,1.168,7240.369,2.256,77223.9799299606,2541.2930700394063,217.53646699762172,19.221533002378294,1.7620604612010065,-0.5940604612010065,6969.472314500828,270.8966854991713,2.3433643727226094,-0.08736437272260966
13.967,78295.402,226.843,1.731,7554.201,2.264,77250.1618717082,1045.2401282918,217.52467084225188,9.31832915774811,1.763578209424785,-0.03257820942478484,6969.209759964686,584.9912400353141,2.344711966946664,-0.08071196694666405
13.877,74641.639,249.811,2.339,6784.844,5.437,77391.79869729675,-2750.1596972967527,217.45673585794265,32.35426414205736,1.7734031297539796,0.5655968702460203,6966.411252967364,-181.56725296736386,2.352617431800658,3.0843825681993424
13.862,75914.349,171.738,1.964,7026.873,4.165,77413.03616528647,-1498.6871652864647,217.44620764679246,-45.70820764679246,1.7751542753541165,0.18884572464588345,6965.767561885365,61.105438114635035,2.3539080003613115,1.8110919996386885
13.846,76921.677,200.87,1.9,7000.058,3.204,77435.00707948983,-513.3300794898387,217.43532217773256,-16.565322177732554,1.7770559503449683,0.12294404965503158,6965.033196929637,35.024803070363305,2.3552771221580118,0.8487228778419884
13.831,75264.628,168.436,2.19,7118.749,1.553,77454.9868565005,-2190.3588565005048,217.4254710086305,-48.98947100863049,1.7788697093955932,0.41113029060440676,6964.30268254271,154.4463174572902,2.356554041355306,-0.803554041355306
13.816,77333.762,242.599,2.494,6861.11,2.428,77474.38928257057,-140.62728257056733,217.41599097282074,25.183009027179253,1.7807126908865967,0.7132873091134035,6963.5340505734885,-102.42405057348878,2.3578249215716793,0.0701750784283206
13.801,75203.241,223.586,2.573,6791.134,2.364,77493.23416702241,-2289.9931670224178,217.40690875662392,6.179091243376092,1.7825841876005244,0.7904158123994756,6962.729750637915,-171.59575063791453,2.359090140840184,0.004909859159815788
13.786,76107.792,146.724,1.502,6981.545,1.535,77511.54090396874,-1403.7489039687352,217.39824975777663,-70.67424975777664,1.7844834891855503,-0.28248348918555033,6961.892164228262,19.652835771737955,2.360350083146223,-0.8253500831462233
13.77,75368.754,197.29,1.169,6791.446,1.899,77530.49629739475,-2161.742297394754,217.38950708750878,-20.099507087508783,1.7865392555786666,-0.6175392555786665,6960.964653357193,-169.51865335719322,2.36168864391302,-0.4626886439130198
13.755,75575.91,217.391,2.251,6764.228,2.217,77547.75048897331,-1971.8404889733065,217.38179757421057,0.009202425789425206,1.7884937631304607,0.4625062368695392,6960.065522079054,-195.837522079054,2.362938919266795,-0.1459389192667948
13.74,76219.809,253.298,1.383,6687.763,2.099,77564.52333018318,-1344.714330183182,217.37458092408673,35.92341907591327,1.7904738911789018,-0.40747389117890176,6959.13997001282,-271.3769700128205,2.3641851253429005,-0.2651851253429003
13.725,74558.028,223.167,2.016,6644.037,2.023,77580.83244582494,-3022.804445824935,217.36787710852505,5.799122891474951,1.7924789297863775,0.22352107021362255,6958.190089987003,-314.1530899870031,2.365427663489174,-0.3424276634891741
13.709,76965.033,218.469,1.588,6989.611,1.826,77597.73705115684,-632.7040511568484,217.36131256711127,1.1076874328887243,1.7946442984018462,-0.20664429840184617,6957.15234418979,32.458655810210075,2.366749449791264,-0.5407494497912637
13.694,75770.933,258.245,2.116,6755.904,2.967,77613.14171994786,-1842.2087199478556,217.35572602209368,40.88927397790633,1.79669858424396,0.3193014157560401,6956.1585041323,-200.2545041322992,2.3679856897101765,0.5990143102898235
13.679,77368.635,287.98,1.98,6689.421,2.846,77628.13390123594,-259.4989012359438,217.35070501372866,70.62929498627136,1.7987756285120273,0.18122437148797266,6955.146296907213,-265.7252969072124,2.3692195057598933,0.4767804942401068
13.663,77820.422,229.845,1.987,6795.612,3.429,77643.68868391693,176.7333160830749,217.34598879932318,12.499011200676819,1.801015450278889,0.185984549721111,6954.048383824467,-158.43638382446716,2.3705333639723873,1.0584666360276125
13.649,78442.628,196.383,1.419,6913.26,3.454,77656.94348174741,785.6845182525867,217.34241576359253,-20.959415763592517,1.8029952412870962,-0.38399524128709617,6953.0738806371555,-39.81388063715531,2.371681497106617,1.0823185028933833
13.637,76295.399,243.677,1.837,6719.713,4.195,77668.05018417857,-1372.6511841785687,217.33977199973867,26.33722800026132,1.8047065869862604,0.03229341301373956,6952.2293852763905,-232.5163852763908,2.3726647656385964,1.8223352343614039
13.625,75624.339,254.996,1.939,6674.773,6.468,77678.92974066784,-2054.5907406678307,217.33752049661302,37.658479503386985,1.8064308491671746,0.1325691508328255,6951.377245738828,-276.60424573882756,2.3736474729505623,4.094352527049438
13.612,76940.607,276.3,2.829,6702.559,2.799,77690.46796998632,-749.8609699863155,217.33552953116512,58.96447046883489,1.8083129864590655,1.0206870135409347,6950.446370043752,-247.88737004375162,2.3747116792670635,0.42428832073293643
13.6,77530.196,181.627,1.615,7011.552,2.878,77700.89728595194,-170.70128595194547,217.33410988027845,-35.70710988027844,1.810063085060627,-0.19506308506062697,6949.580769322794,61.97123067720531,2.3756938810663755,0.5023061189336246
13.589,74862.263,211.887,1.633,6799.662,2.043,77710.27682908955,-2848.013829089541,217.33316436903286,-5.446164369032857,1.8116778008541163,-0.17867780085411633,6948.78259270263,-149.12059270262944,2.3765942924739702,-0.3335942924739701
13.58,76664.985,247.43,2.439,6726.53,3.953,77717.8261749191,-1052.8411749191,217.33264565905714,30.09735434094287,1.8130061946868017,0.6259938053131984,6948.126571361394,-221.59657136139413,2.3773311483164363,1.5756688516835635
13.57,75914.841,192.256,2.33,6898.115,2.564,77726.0861602258,-1811.2451602257934,217.3323398104129,-25.07633981041289,1.814489680308021,0.515510319691979,6947.3948906645655,-49.279890664565755,2.378150152446068,0.18584984755393208
13.561,77645.517,191.972,1.933,6895.829,4.466,77733.40773126553,-87.89073126552103,217.3323090024636,-25.360309002463595,1.8158314168314826,0.11716858316851742,6946.734181916125,-50.905181916125,2.3788875967876013,2.087112403212399
13.551,77490.381,235.567,1.769,6713.542,3.814,77741.42121629015,-251.04021629015915,217.33254732343542,18.234452676564587,1.817329405029715,-0.04832940502971517,6945.997948330616,-232.45594833061568,2.379707463824251,1.4342925361757493
13.542,76826.982,212.467,1.88,6747.085,2.117,77748.52673233836,-921.544732338356,217.33300772486987,-4.86600772486986,1.81868390799658,0.06131609200341992,6945.333710496991,-198.2487104969914,2.380445871501878,-0.26344587150187815
13.532,74940.443,187.901,2.421,6843.424,2.243,77756.30644793066,-2815.863447930664,217.33379300265162,-29.432793002651607,1.8201957688480648,0.600804231151935,6944.594163055765,-101.17016305576544,2.3812670146495973,-0.13826701464959745
13.523,76424.5,261.77,1.976,6722.29,2.715,77763.20710696038,-1338.7071069603844,217.33474632898097,44.43525367101901,1.8215624809570838,0.15443751904291614,6943.92746837977,-221.63746837977033,2.382006754385888,0.3329932456141118
13.513,75511.039,177.975,1.433,6853.646,1.443,77770.76520936721,-2259.7262093672034,217.3360795958034,-39.3610795958034,1.8230876062926207,-0.3900876062926206,6943.18575118333,-89.53975118332983,2.3828295795895187,-0.9398295795895186
13.504,77590.937,224.112,2.332,6782.806,2.837,77777.47169711479,-186.534697114781,217.33752599607396,6.774474003926031,1.8244659904421698,0.50753400955783,6942.5175871426345,-159.71158714263493,2.3835710131627375,0.45342898683726274
13.494,75589.52,195.385,1.319,7029.768,2.066,77784.81977912327,-2195.299779123263,217.3394065587841,-21.954406558784115,1.8260037952120778,-0.5070037952120778,6941.774750894167,87.99324910583346,2.384395918203852,-0.31839591820385227
13.484,74409.696,200.3,1.606,6758.945,2.779,77792.0617934421,-3382.365793442106,217.34157431947287,-17.041574319472858,1.8275480465887544,-0.22154804658875427,6941.0317166031555,-182.08671660315576,2.3852220746494375,0.39377792535056244
13.475,75131.477,164.488,1.357,6883.148,2.676,77798.49138249962,-2667.0143824996194,217.3437701156071,-52.8557701156071,1.8289432592898938,-0.4719432592898938,6940.363025326096,-57.21502532609611,2.385966773281609,0.29003322671839094
13.465,75139.241,216.87,1.551,6693.691,1.235,77805.54001183658,-2666.299011836585,217.3464808613025,-0.4764808613024911,1.8304993446615112,-0.2794993446615113,6939.620299450204,-245.92929945020387,2.386795599014958,-1.1517955990149578
13.456,75495.205,192.047,1.487,6736.596,1.992,77811.80021556932,-2316.595215569323,217.34916332295597,-25.302163322955977,1.8319049704631762,-0.34490497046317614,6938.952265934865,-202.3562659348654,2.3875428692526945,-0.39554286925269455
13.446,75840.372,181.707,1.204,7083.644,1.093,77818.6656845461,-1978.2936845460936,217.3524121501747,-35.64541215017471,1.8334723689167705,-0.6294723689167705,6938.210670957171,145.43332904282943,2.388374737664814,-1.295374737664814
13.436,73627.755,177.463,1.309,6827.081,1.796,77825.43868445442,-4197.683684454416,217.3559416652446,-39.89294166524459,1.835045521658099,-0.526045521658099,6937.469972048984,-110.38897204898421,2.3892083537604845,-0.5932083537604844
13.427,75581.674,198.072,1.628,6793.181,1.622,77831.45748587724,-2249.7834858772403,217.35935654223078,-19.287356542230782,1.8364661694035265,-0.20846616940352658,6936.804267495632,-143.62326749563272,2.389960184125542,-0.7679601841255417
13.417,74549.942,229.639,1.424,6761.498,1.602,77838.06193785426,-3288.119937854266,217.36341357937414,12.27558642062587,1.838049893616221,-0.41404989361622113,6936.065787853966,-174.56778785396637,2.390797391293101,-0.788797391293101
13.408,76135.705,174.543,1.491,6840.405,2.054,77843.9331268855,-1708.2281268855004,217.36729940711342,-42.824299407113415,1.8394798501505936,-0.34847985015059346,6935.402363139682,-94.99736313968242,2.3915526099137665,-0.3375526099137667
13.398,74848.027,192.146,1.546,6723.312,2.032,77850.3779749845,-3002.350974984496,217.37187509272286,-25.225875092722873,1.8410736966770807,-0.2950736966770806,6934.6667094890345,-211.35470948903458,2.3923937523019507,-0.3603937523019507
13.388,75946.256,203.08,1.381,6527.248,1.509,77856.74225021942,-1910.48625021943,217.37671967834524,-14.296719678345227,1.8426727005567505,-0.46167270055675047,6933.93275919021,-406.68475919021057,2.3932370998016435,-0.8842370998016436
13.379,75682.275,206.239,1.478,6665.495,2.743,77862.40309032553,-2180.1280903255392,217.38130716732343,-11.142307167323423,1.8441161213533195,-0.3661161213533195,6933.273771068429,-267.7787710684288,2.3939980722508025,0.34900192774919736
13.369,77314.745,218.471,1.916,6649.707,1.856,77868.62049080699,-553.8754908069968,217.38665398256512,1.084346017434882,1.845724620904697,0.07027537909530301,6932.543416116381,-282.83641611638086,2.3948458554638536,-0.5388458554638536
13.36,76963.337,251.791,1.6,6499.595,2.527,77874.15268627624,-910.8156862762407,217.39168798050505,34.39931201949494,1.847176417411648,-0.24717641741164798,6931.887854753315,-432.2928547533147,2.3956109615108243,0.13138903848917582
13.35,76689.104,156.94,1.925,6871.433,1.839,77880.23097000722,-1191.1269700072153,217.3975244497603,-60.457524449760314,1.8487940422509581,0.07620595774904193,6931.161499853923,-59.728499853922585,2.3964634912471947,-0.5574634912471947
13.341,78259.253,228.968,2.009,6654.094,2.719,77885.64130213729,373.61169786271057,217.402993009493,11.565006990506987,1.8502538958655401,0.15874610413445978,6930.509695031348,-276.41569503134815,2.3972330043103147,0.32176699568968514
13.331,76729.685,240.454,1.534,6658.677,3.325,77891.58778458231,-1161.9027845823148,217.4093051708163,23.044694829183697,1.8518803086304867,-0.31788030863048666,6929.787668912528,-271.1106689125281,2.3980905772329555,0.9269094227670447
13.322,77759.328,196.424,1.304,6719.049,2.145,77896.88264332032,-137.55464332032716,217.41519511830793,-20.991195118307928,1.8533479309274736,-0.5493479309274736,6929.139883070862,-210.09088307086222,2.398864757786087,-0.25386475778608686
13.312,78886.716,194.991,1.205,6958.385,2.365,77902.70421282097,984.011787179028,217.42196766999882,-22.430967669998807,1.854982828291591,-0.6499828282915909,6928.422440797971,29.962559202029297,2.399727655953633,-0.03472765595363292
13.302,77060.361,235.153,1.035,6719.149,2.479,77908.46266557688,-848.1016655768763,217.42897594730428,17.72402405269571,1.8566220812107583,-0.8216220812107584,6927.707489306667,-208.55848930666707,2.400593465112989,0.07840653488701088
13.293,77476.777,204.232,1.765,6881.769,2.923,77913.59274382264,-436.8157438226335,217.43548099495422,-13.20348099495422,1.858101075604219,-0.09310107560421921,6927.066196445563,-45.297196445562804,2.401375241605891,0.5216247583941089
13.283,78985.058,308.996,1.533,6661.981,1.737,77919.2360088299,1065.8219911701017,217.44292383254424,91.55307616745574,1.8597484180384245,-0.3267484180384246,6926.356081394361,-264.3750813943616,2.4022467774730973,-0.6652467774730972
13.274,76560.386,176.819,1.49,7012.887,2.35,77924.26510667175,-1363.879106671753,217.44981180851633,-40.63081180851634,1.8612345929513225,-0.37123459295132255,6925.719184685047,87.16781531495235,2.4030338193735004,-0.05303381937350027
13.264,76155.425,172.247,1.085,6966.188,1.91,77929.79906166738,-1774.374061667375,217.45767073417457,-45.210670734174556,1.8628898120049806,-0.7778898120049806,6925.013985490768,41.17401450923171,2.4039113254596924,-0.4939113254596925
13.255,76714.17,241.089,1.499,6773.555,3.03,77934.73229938708,-1220.5622993870784,217.4649244821668,23.624075517833205,1.864382992612787,-0.36538299261278695,6924.381526722259,-150.82652672225868,2.4047038448634117,0.6252961551365881
13.245,76912.568,218.278,1.58,6885.982,2.537,77940.1624488574,-1027.5944488574023,217.47317985576515,0.8048201442348386,1.8660459129352183,-0.2860459129352182,6923.681257433078,-37.699257433077946,2.4055875489256815,0.13141245107431843
13.236,77064.856,220.898,1.503,6986.15,1.351,77945.00461754302,-880.1486175430182,217.48078119102894,3.4172188089710573,1.8675459586514993,-0.3645459586514994,6923.053220624391,63.096779375609,2.4063857436581135,-1.0553857436581136
13.227,77253.897,211.194,2.267,6652.948,1.597,77949.80522909014,-695.9082290901424,217.4885405413209,-6.294540541320913,1.86904921727086,0.39795078272914,6922.42725675417,-269.4792567541699,2.4071866916076217,-0.8101866916076217
13.217,77254.867,277.134,1.798,6843.07,1.58,77955.09168246931,-700.2246824693138,217.49734201028718,59.63665798971283,1.8707232488110794,-0.07272324881107939,6921.73414579683,-78.66414579682987,2.408079910987299,-0.8280799109872987
13.208,77184.72,189.693,1.47,7007.443,2.197,77959.8077135146,-775.0877135146002,217.5054203716243,-27.812420371624285,1.8722332296694173,-0.4022332296694173,6921.112479506708,86.33052049329217,2.4088867995048804,-0.21188679950488032
13.199,77725.546,246.349,1.71,6936.774,1.883,77964.48510557158,-238.93910557158233,217.5136427318584,28.835357268141593,1.8737463743283271,-0.16374637432832717,6920.492799764437,16.28120023556312,2.40969655942339,-0.5266965594233901
13.189,78096.195,193.738,1.321,7086.417,1.765,77969.63795286155,126.55704713845626,217.52294185483282,-23.784941854832823,1.875431347535724,-0.5544313475357241,6919.806548925917,166.61045107408336,2.4105997026523953,-0.6455997026523954
13.18,78144.891,258.982,1.187,6867.902,2.049,77974.2366084016,170.65439159840753,217.53145266525826,41.45054733474177,1.8769511508118055,-0.6899511508118055,6919.190928258391,-51.288928258391024,2.4114156368766,-0.3624156368766003
13.171,79027.664,224.255,1.63,7061.481,2.643,77978.79924739974,1048.8647526002605,217.5400925541838,6.714907445816209,1.8784741070320745,-0.24847410703207462,6918.577155271835,142.9038447281646,2.41223454576048,0.23076545423951966
13.162,76661.375,191.206,1.551,7143.439,1.639,77983.32665307251,-1321.9516530725086,217.54885654563134,-26.34285654563135,1.8800002210667168,-0.3290002210667169,6917.9651747020525,225.47382529794777,2.413056459337353,-0.7740564593373531
13.153,80229.71,244.22,2.187,7001.628,2.206,77987.81958062138,2241.8904193786293,217.55773958013623,26.66226041986377,1.881529501936593,0.30547049806340687,6917.354926290138,84.27307370986182,2.413881406114298,-0.20788140611429817
13.145,78575.687,283.023,1.211,7141.363,1.391,77991.78493835324,583.9020616467606,217.56573139431958,65.45726860568044,1.8828915318809534,-0.6718915318809533,6916.8138848534645,224.54911514653577,2.414617260380461,-1.023617260380461
13.136,78870.294,177.731,2.003,7173.725,2.142,77996.21470452205,874.0792954779463,217.57482519906236,-39.843825199062366,1.8844268340609387,0.11857316593906142,6916.206726661767,257.5182733382335,2.4154480089514188,-0.27344800895141885
13.128,78301.982,182.892,1.832,7058.726,2.377,78000.12501333116,301.85698666884855,217.5829960392918,-34.690996039291804,1.8857942467678175,-0.05379424676781741,6915.668318144969,143.05768185503075,2.416189059804254,-0.039189059804254356
13.12,78567.906,240.393,1.155,6870.908,1.974,78004.01014303182,563.8958569681854,217.59124527571328,22.801754724286724,1.8871642188248856,-0.7321642188248856,6915.131064225697,-44.22306422569636,2.416932581611965,-0.4429325816119649
13.113,76564.868,177.801,2.451,7133.168,0.924,78007.38932542808,-1442.5213254280825,217.59852467530504,-39.797524675305056,1.8883650599572788,0.5626349400427213,6914.661868708355,218.50613129164503,2.417585202004973,-1.4935852020049731
13.105,79297.607,188.167,1.4,6983.321,3.449,78011.22842618545,1286.3785738145525,217.6069106097264,-29.43991060972641,1.889739888463469,-0.48973988846346916,6914.126621360727,69.19437863927305,2.4183333967084755,1.0306666032915244
13.098,79357.996,198.393,1.643,6848.788,2.618,78014.56798161729,1343.4280183827068,217.61430367253948,-19.221303672539477,1.8909450166283794,-0.24794501662837942,6913.659086602351,-64.87108660235117,2.418990127085663,0.19900987291433703
13.09,80359.111,179.197,1.25,6972.721,3.409,78018.36251004542,2340.7484899545816,217.62281264090115,-38.42581264090114,1.8923247923633884,-0.6423247923633884,6913.125624178322,59.59537582167741,2.4197430416288657,0.9892569583711341
13.083,78083.102,186.122,1.632,6926.293,2.647,78021.66367003482,61.438329965181765,217.63030729341853,-31.50830729341851,1.8935342951600194,-0.26153429516001947,6912.65954856155,13.63345143844981,2.4204039204878676,0.22659607951213223
13.075,78430.99,213.12,1.644,6857.353,1.808,78025.41498535023,405.57501464977395,217.63892536765655,-4.51892536765655,1.894919127670157,-0.250919127670157,6912.127632040283,-54.774632040282995,2.4211615959554598,-0.6131615959554597
13.068,78753.217,185.983,1.803,6994.364,2.05,78028.67889776503,724.5381022349757,217.6465093130576,-31.663509313057602,1.896133109289725,-0.09313310928972496,6911.662799038076,82.70120096192386,2.4218266567273155,-0.37182665672731563
13.06,80062.885,180.395,1.24,7146.655,1.322,78032.38826534385,2030.4967346561461,217.6552223187501,-37.260222318750095,1.8975231272824538,-0.6575231272824538,6911.132172690122,235.52282730987736,2.422589128487223,-1.100589128487223
13.053,80683.868,237.651,2.195,7050.116,2.193,78035.61599746117,2648.2520025388367,217.6628830524299,19.98811694757012,1.898741708858903,0.2962582911410969,6910.668351443221,139.4476485567793,2.4232583996692796,-0.23025839966927952
13.045,78991.676,226.183,2.442,7156.595,1.422,78039.28459228393,952.3914077160734,217.67167658662407,8.51132341337592,1.9001370606101209,0.5418629393898793,6910.13874348619,246.45625651381033,2.4240256975340584,-1.0020256975340585
13.038,79339.313,180.243,1.621,7031.182,1.991,78042.47713375527,1296.835866244728,217.67940141187347,-37.436401411873476,1.9013603805823216,-0.2803603805823216,6909.6756893730635,121.50631062693628,2.424699202839564,-0.4336992028395641
13.031,80213.702,232.157,2.417,6937.373,2.826,78045.65357046496,2168.048429535047,217.68715175123143,14.469848248768585,1.902585964143001,0.5144140358569989,6909.212905805655,28.16009419434431,2.425374690878536,0.4006253091214642
13.023,79912.305,221.244,1.425,6977.456,2.076,78049.26430945672,1863.0406905432756,217.6960369049543,3.547963095045702,1.9039894488432552,-0.4789894488432551,6908.684267817904,68.77173218209646,2.4261491097715604,-0.35014910977156033
13.016,78892.417,190.644,1.786,6940.792,1.792,78052.40687256053,840.0101274394692,217.7038323997146,-27.059832399714594,1.9052200059316386,-0.11922000593163862,6908.22186888529,32.57013111471042,2.4268288584116515,-0.6348288584116515
13.008,78639.937,186.997,2.719,6896.027,2.852,78055.97937153967,583.957628460339,217.71276169269743,-30.715761692697413,1.9066292765156374,0.8123707234843625,6907.693514355446,-11.666514355445543,2.4276081543898327,0.4243918456101672
13.001,80380.428,239.878,2.137,6778.992,3.589,78059.08887126198,2321.339128738022,217.72058924041644,22.15741075958354,1.9078649898834663,0.2291350101165337,6907.231223877796,-128.23922387779567,2.428292176291081,1.1607078237089188
12.993,80402.843,202.914,2.075,7060.819,2.941,78062.62401691984,2340.218983080151,217.7295476182017,-14.81554761820172,1.9092802658145298,0.16571973418547037,6906.7028303277175,154.11616967228292,2.4290763614306323,0.5119236385693675
12.986,77291.545,248.264,1.495,6907.12,3.046,78065.70119537585,-774.1561953758501,217.7373939800276,30.526606019972405,1.910521336872056,-0.41552133687205584,6906.2403602801005,0.8796397198993873,2.4297646651195963,0.6162353348804035
12.978,78654.279,208.87,2.485,6996.77,1.485,78069.19979802248,585.0792019775108,217.746366241653,-8.876366241652988,1.911942859176138,0.5730571408238618,6905.711592001834,91.05840799816633,2.4305537468997453,-0.9455537468997453
12.971,79640.065,197.217,2.561,6882.232,3.304,78072.24533174578,1567.8196682542184,217.75421805880606,-20.537218058806047,1.9131895084132478,0.6478104915867522,6905.248643050438,-23.01664305043778,2.4312463369960557,0.8727536630039441
12.963,79496.711,193.059,2.578,6865.207,1.765,78075.708128144,1421.0028718559915,217.7631888757515,-24.7041888757515,1.9146175401685626,0.6633824598314373,6904.719151714804,-39.51215171480362,2.4320403185680677,-0.6670403185680678
12.956,79359.527,218.902,2.509,6832.615,2.304,78078.72263051878,1280.8043694812222,217.7710326862029,1.1309673137971004,1.9158700075906174,0.5931299924093825,6904.255413745746,-71.64041374574663,2.432737196028697,-0.12873719602869738
12.948,80948.51,219.704,1.802,6948.173,2.152,78082.15028660983,2866.359713390164,217.77998662156872,1.9240133784312832,1.917304834434367,-0.11530483443436701,6903.724839002543,44.4481609974564,2.433536076505237,-0.2815360765052368
12.941,79232.955,221.303,2.8,6894.021,2.023,78085.13431020937,1147.8206897906348,217.78780887692608,3.515191123073919,1.9185633800132627,0.8814366199867372,6903.259991643463,-9.238991643463123,2.434237238886652,-0.4112372388866521
12.933,79459.293,234.017,1.876,6901.873,1.833,78088.52742373277,1370.7655762672366,217.79673040485136,16.220269595148636,1.9200053106660273,-0.04400531066602742,6902.7279617134645,-0.8549617134649452,2.4350410136516647,-0.6020410136516647
12.926,79104.064,149.457,2.54,7171.605,2.008,78091.48146256621,1012.5825374337874,217.80451748745716,-68.34751748745717,1.9212702148069223,0.6187297851930778,6902.261674848002,269.3433251519973,2.4357464553900066,-0.42774645539000655
12.918,80332.952,230.655,1.578,6922.886,2.702,78094.84056557604,2238.1114344239613,217.81339101278715,12.841608987212851,1.9227195816152023,-0.3447195816152022,6901.727807106987,21.15819289301362,2.4365551164292825,0.2654448835707175
12.911,79543.732,241.417,3.594,6916.218,4.138,78097.76505724531,1445.9669427546905,217.82112925303903,23.59587074696097,1.9239911456393355,1.6700088543606644,6901.259741382352,14.958258617647516,2.4372648291386936,1.7007351708613063
12.903,80108.558,201.696,2.058,6948.015,2.168,78101.09061852517,2007.4673814748385,217.82993913124835,-16.133939131248354,1.9254483051367146,0.13255169486328522,6900.723642937311,47.29135706268971,2.438078365391235,-0.27007836539123486
12.896,79506.879,192.819,2.425,7098.832,2.127,78103.98594629516,1402.8930537048436,217.8376148251478,-25.018614825147807,1.9267268517807103,0.4982731482192895,6900.253450265159,198.57854973484154,2.4387923381804613,-0.3117923381804615
12.888,80249.433,235.663,1.76,6929.147,1.953,78107.27837367519,2142.1546263248165,217.8463453825301,17.816654617469908,1.9281921852680517,-0.16819218526805169,6899.714718522977,29.432281477023025,2.4396107359108026,-0.4866107359108025
12.881,78793.617,216.171,2.651,6906.924,1.344,78110.14486845912,683.4721315408824,217.85394480946593,-1.682944809465937,1.9294780592000413,0.7215219407999585,6899.24204257377,7.681957426229928,2.440328955718166,-1.096328955718166
12.873,79923.301,223.26,1.276,7046.458,1.253,78113.40451103824,1809.8964889617637,217.86258036359595,5.397419636404038,1.9309519733450964,-0.6549519733450964,6898.700265802618,147.75773419738198,2.4411521989097267,-1.1881521989097268
12.866,80840.226,247.771,2.708,7317.852,1.994,78116.24245330165,2723.9835466983495,217.87008980437167,29.900910195628313,1.9322455416979791,0.775754458302021,6898.224742493762,419.6272575062376,2.441874650856542,-0.4478746508565419
12.859,81718.043,247.044,2.01,7012.927,1.565,78119.06715328898,3598.9758467110223,217.87755256144,29.16644743856,1.9335428328766735,0.07645716712332629,6897.747763756055,115.17923624394462,2.442599072288897,-0.8775990722888971
12.851,81632.715,230.638,1.62,7150.175,2.214,78122.27922516411,3510.435774835889,217.8860204399565,12.751979560043509,1.9350301220768238,-0.3150301220768237,6897.200758355402,252.9742416445979,2.443429389388622,-0.2294293893886219
12.844,80056.717,283.521,2.201,6897.322,2.14,78125.07569652316,1931.6413034768484,217.8933731301966,65.62762686980341,1.93633568792957,0.2646643120704302,6896.7203852521125,0.6016147478876519,2.444158018633569,-0.30415801863356906
12.837,81906.768,204.267,2.063,7034.997,2.615,78127.85905327677,3778.908946723226,217.90066978545644,-13.633669785456448,1.9376452592464104,0.12535474075358977,6896.238298053311,138.75870194668914,2.4448886054934738,0.17011139450652646
12.829,80978.64,207.851,1.378,7080.282,1.549,78131.02401336431,2847.61598663569,217.9089364039616,-10.057936403961605,1.939146938812169,-0.561146938812169,6895.685135031244,184.59686496875656,2.4457259539478455,-0.8967259539478456
12.822,81024.26,228.146,2.078,7113.181,3.148,78133.77936624356,2890.480633756437,217.91610301278692,10.229896987213067,1.9404654163745922,0.1375345836254076,6895.199092317942,217.98190768205768,2.44646072243449,0.70153927756551
12.815,81632.305,324.208,2.002,6890.673,2.546,78136.52168714431,3495.7833128556813,217.92320429641018,106.28479570358985,1.941788206423214,0.060211793576785855,6894.7110705878995,-4.0380705878997105,2.447197436103074,0.09880256389692565
12.807,80399.565,243.799,2.314,6846.665,2.133,78139.63983255062,2259.925167449386,217.93123628987226,25.867763710127747,1.943305379253189,0.37069462074681114,6894.15079848556,-47.485798485559826,2.448041771343989,-0.31504177134398903
12.8,79588.027,199.204,1.455,6990.589,1.41,78142.35428033702,1445.67271966298,217.9381877083868,-18.7341877083868,1.9446377603259157,-0.48963776032591566,6893.658247423078,96.9307525769218,2.448782639926127,-1.0387826399261273
12.793,81083.483,178.465,2.238,6943.957,4.551,78145.05573605714,2938.4272639428527,217.94506460075763,-39.48006460075763,1.9459747861915275,0.29202521380847246,6893.16344685041,50.79355314959048,2.4495254413362506,2.1014745586637495
12.786,79189.74,224.721,1.682,6613.134,1.245,78147.74420381169,1041.9957961883192,217.9518640627886,6.769135937211416,1.9473165680376172,-0.2653165680376173,6892.6663096420725,-279.5323096420725,2.4502701717694704,-1.2052701717694703
12.778,79481.701,200.727,1.734,6539.729,2.401,78150.80083466126,1330.9001653387386,217.95953635554255,-17.23253635554255,1.9488560028549586,-0.21485600285495865,6892.09517925181,-352.3661792518096,2.451123649585842,-0.050123649585842145
12.771,80577.568,189.294,1.372,6667.653,2.085,78153.46146620293,2424.106533797065,217.96616017719055,-28.672160177190534,1.9502083630259281,-0.578208363025928,6891.592739406764,-223.9397394067637,2.451872501321128,-0.36687250132112803
12.764,78082.107,184.0,1.633,6881.136,1.683,78156.10909671863,-74.00209671862831,217.97269752936953,-33.972697529369526,1.9515658462557957,-0.31856584625579565,6891.0876861125735,-9.951686112573043,2.4526232708774947,-0.7696232708774946
12.757,78572.417,186.095,2.423,6809.933,1.68,78158.74371402929,413.67328597071173,217.97914556748893,-31.88414556748893,1.9529285750656742,0.47007142493432585,6890.579930416138,-80.64693041613828,2.453375955015224,-0.7733759550152242
12.75,78322.019,192.577,3.696,6782.226,2.884,78161.36530219193,160.6536978080694,217.98550146381476,-25.40850146381476,1.9542966747954837,1.7417033252045164,6890.069382977606,-107.84338297760678,2.4541305506928786,0.42986944930712134
12.743,76595.49,138.831,1.587,6722.807,2.822,78163.97384156178,-1568.4838415617705,217.99176240844162,-79.16076240844163,1.9556702736370761,-0.36867027363707616,6889.555954091349,-166.74895409134933,2.454887055092171,0.367112944907829
12.736,78919.771,170.394,1.637,6770.002,2.172,78166.56930885366,753.2016911463288,217.99792561027257,-47.60392561027257,1.9570495026677683,-0.3200495026677683,6889.039553706871,-119.03755370687031,2.4556454656432596,-0.28364546564325943
12.729,78899.425,204.14,2.769,6605.514,4.822,78169.15167720217,730.2733227978315,218.00398829800343,-13.863988298003449,1.9584344958842492,0.8105655041157509,6888.520091449613,-283.00609144961254,2.45640578005041,2.36559421994959
12.722,79724.822,210.341,1.473,6743.932,1.068,78171.720916221,1553.1010837789945,218.00994772111488,-7.6689477211148755,1.959825390236881,-0.4868253902368809,6887.997476641698,-144.0654766416983,2.4571679963180744,-1.3891679963180743
12.715,77847.724,253.986,2.766,6568.014,2.723,78174.27699206164,-326.5529920616391,218.01580115086978,35.97019884913021,1.9612223256643841,0.8047776743356159,6887.471618322603,-319.4576183226027,2.457932112777362,0.26506788722263774
12.708,77602.102,235.888,1.312,6677.821,1.668,78176.81986747065,-574.717867470652,218.02154588131694,17.866454118683066,1.962625445128899,-0.6506254451288989,6886.942425269741,-209.12142526974094,2.4586981281128923,-0.7906981281128924
12.701,77154.389,180.632,1.69,6813.931,1.921,78179.34950184697,-1024.9605018469738,218.02717923030136,-37.39517923030135,1.9640348946514257,-0.2740348946514257,6886.409806018997,-72.4788060189976,2.4594660413900447,-0.5384660413900446
12.694,77935.368,197.031,1.623,6732.488,2.206,78181.86585129774,-246.49785129773954,218.0326985404802,-21.00169854048019,1.9654508233476402,-0.3424508233476402,6885.873668885181,-153.38566888518108,2.46023585208259,-0.25423585208259025
12.687,78736.57,180.194,1.394,6827.602,2.374,78184.36886869383,552.2011313061812,218.03810118034505,-37.84410118034506,1.9668733834640721,-0.5728733834640722,6885.333921982412,-57.73192198241213,2.461007560100711,-0.08700756010071098
12.68,77165.917,197.941,2.062,6937.221,1.499,78186.85850372462,-1020.9415037246217,218.0433845452506,-20.1023845452506,1.9683027304146568,0.09369726958534308,6884.790473244452,52.43052675554736,2.4617811658194,-0.9627811658194001
12.673,78359.746,251.908,2.061,6728.688,3.297,78189.33470295215,170.41129704784544,218.0485460584487,33.859453941551294,1.969739022817641,0.09126097718235893,6884.243230444972,-155.55523044497204,2.4625566701072295,0.8344433298927707
12.666,77578.637,226.628,2.089,6873.675,2.884,78191.79740986464,-613.1604098646349,218.05358317212895,8.574416827871033,1.9711824225328467,0.11781757746715327,6883.692101217756,-10.017101217756135,2.4633340743555037,0.42066592564449623
12.659,76984.089,232.312,2.538,6713.939,2.746,78194.24656492958,-1210.15756492957,218.05849336846535,14.253506631534663,1.9726330946992854,0.5653669053007144,6883.136993076841,-169.19799307684025,2.464113380507782,0.28188661949221805
12.652,77767.303,186.416,1.169,6919.006,2.254,78196.6821056462,-429.3791056462069,218.06327416066827,-31.647274160668275,1.9740912077731172,-0.8050912077731172,6882.577813436617,36.42818656338295,2.464894591089763,-0.21089459108976305
12.644,76907.362,198.121,3.209,6705.074,1.761,78199.44882607207,-1292.0868260720745,218.06857632177596,-19.947576321775955,1.975766954584731,1.2332330454152691,6881.933646607567,-176.8596466075678,2.465789739192942,-0.7047897391929421
12.637,77564.729,160.74,2.168,6858.32,3.252,78201.85496923186,-637.1259692318563,218.07307159618287,-57.33307159618286,1.9772415953650966,0.19075840463490357,6881.365430214442,-23.045430214442604,2.4665750420889916,0.7854249579110082
12.63,76724.049,194.861,1.672,6904.534,1.958,78204.24728286783,-1480.1982828678301,218.07742986473022,-23.21642986473023,1.9787242285112012,-0.3067242285112013,6880.792850913225,23.741149086774385,2.4673622614822377,-0.5093622614822377
12.623,77222.915,233.175,1.458,6607.463,3.346,78206.62569273301,-983.7106927330169,218.08164878054566,15.093351219454348,1.980215036633338,-0.522215036633338,6880.215815918347,-272.75281591834755,2.468151402636335,0.8778485973636649
12.616,77718.562,200.636,1.983,6859.97,1.527,78208.99012187627,-490.4281218762626,218.08572603329614,-17.449726033296145,1.981714205859375,0.0012857941406250184,6879.634232447067,-19.66423244706675,2.46894247155643,-0.9419424715564302
12.608,77741.067,195.448,1.969,6885.27,2.772,78211.67510512326,-470.60810512326134,218.09020937208817,-22.64220937208816,1.9834380236968168,-0.014438023696816682,6878.963877069042,6.306122930958736,2.4698489195844022,0.3021510804155976
12.601,77159.152,268.56,1.784,6610.328,4.08,78214.00930418157,-1054.857304181569,218.09397545785683,50.466024542143174,1.9849557529276205,-0.20095575292762047,6878.372234562396,-268.044234562396,2.470644143293157,1.6093558567068431
12.594,77470.923,243.848,3.379,6829.49,2.722,78216.32926362814,-745.4062636281451,218.09759286955915,25.750407130440863,1.9864824515832669,1.3925175484167331,6877.775752215466,-48.285752215466346,2.471441318828167,0.250558681171833
12.587,79436.108,260.12,1.181,6751.013,2.388,78218.63489584374,1217.4731041562482,218.10105945988147,42.018940540118535,1.988018320793165,-0.8070183207931649,6877.174337467499,-126.16133746749892,2.4722404556116153,-0.08424045561161542
12.58,78286.309,199.147,1.649,6993.284,1.848,78220.92611076264,65.38288923735672,218.10437312369686,-18.95737312369687,1.989563565412763,-0.340563565412763,6876.567897861813,116.71610213818622,2.47304156397552,-0.6250415639755198
12.573,78220.969,237.149,1.828,6943.981,3.907,78223.20281592227,-2.233815922270878,218.10753179917927,19.04146820082073,1.9911183940649129,-0.1631183940649128,6875.956341065367,68.0246589346325,2.473844655195462,1.433155344804538
12.566,78234.074,225.105,2.339,6871.272,3.598,78225.46491651307,8.609083486924646,218.11053346892174,6.9944665310782455,1.992683019181496,0.34631698081850404,6875.339574888245,-4.0675748882449625,2.474649741524604,1.123350258475396
12.559,77435.151,207.025,2.938,6911.659,1.715,78227.71231542836,-792.5613154283637,218.1133761610599,-11.088376161059898,1.994257657045286,0.9437423429547143,6874.717507303143,36.941492696856585,2.475456836228025,-0.7604568362280248
12.552,75893.602,207.117,2.021,6802.013,2.144,78229.94491331416,-2336.3429133141617,218.11605795039975,-10.99905795039976,1.9958425278320382,0.025157472167961714,6874.090046464777,-72.07704646477669,2.476265953617336,-0.3322659536173358
12.545,77093.693,209.084,1.867,6781.087,2.536,78232.16260861917,-1138.4696086191689,218.11857695954956,-9.034576959549554,1.9974378556528083,-0.1304378556528083,6873.457100729269,-92.37010072926842,2.477077109085598,0.05892289091440217
12.538,77281.975,218.717,1.925,6836.016,2.238,78234.36529764517,-952.3902976451645,218.12093136005717,0.5960686399428425,1.999043868596477,-0.07404386859647705,6872.8185786735085,-36.80257867350883,2.477890319142509,-0.2398903191425088
12.531,77492.689,271.317,2.792,6607.27,2.628,78236.55287459693,-743.8638745969365,218.1231193735498,53.19388062645021,2.000660798772465,0.7913392012275349,6872.174389114423,-264.9043891144229,2.4787056014498714,0.14929439855012872
12.524,76303.935,220.785,1.645,6796.484,2.332,78238.72523163311,-1934.7902316331165,218.12513927287932,2.659860727120673,2.002288882353646,-0.3572888823536462,6871.524441128271,-75.04044112827069,2.4795229748573275,-0.14752297485732768
12.517,77314.444,275.373,1.6,6793.068,1.773,78240.88225891691,-926.4382589169109,218.12698938327046,57.246010616729535,2.0039283596194304,-0.4039283596194303,6870.868644069846,-77.80064406984548,2.48034245943835,-0.70734245943835
12.51,78614.996,203.713,1.405,7010.527,2.32,78243.02384466708,371.97215533291455,218.1286680834729,-14.415668083472895,2.0055794749990024,-0.6005794749990023,6870.206907591654,140.32009240834577,2.4811640765264897,-0.1611640765264899
12.503,78789.51,221.864,1.811,6865.878,2.294,78245.14987520946,544.3601247905317,218.13017380691718,3.7338261930828196,2.0072424771147244,-0.19624247711472442,6869.539141663079,-3.661141663079434,2.481987848751868,-0.18798784875186803
12.496,77965.675,222.807,2.603,6833.586,3.131,78247.26023502841,-281.58523502841126,218.1315050428732,4.675494957126801,2.0089176188256594,0.5940823811743408,6868.865256589446,-35.27925658944605,2.482813800077898,0.6481861999221019
12.489,77577.634,198.862,1.827,6902.459,1.37,78249.3548068192,-671.7208068191976,218.13266033761252,-19.270660337612526,2.0106051572712267,-0.18360515727122673,6868.185163031105,34.27383696889501,2.483641955838242,-1.1136419558382418
12.481,78193.026,214.623,2.188,6767.46,2.206,78251.7291180882,-58.703118088204064,218.1337634487172,-3.5107634487171993,2.0125492879175426,0.17545071208245755,6867.400196916828,-99.94019691682752,2.48459115324101,-0.27859115324101014
12.474,77856.207,186.284,1.822,6699.588,2.474,78253.78945537834,-397.5824553783459,218.13453710339024,-31.850537103390252,2.0142642768381585,-0.1922642768381584,6866.7065003895705,-167.11850038957073,2.4854241246908173,-0.011424124690817106
12.467,79328.104,229.196,1.412,6742.559,2.178,78255.83362490823,1072.2703750917717,218.1351306320956,11.060869367904388,2.0159924990008142,-0.6039924990008143,6866.006317119009,-123.4473171190084,2.48625938953177,-0.30825938953177
12.46,78822.623,210.766,2.879,7011.928,1.696,78257.86150252476,564.7614974752505,218.1355428296942,-7.369542829694211,2.0177342297450114,0.8612657702549886,6865.299559438345,146.62844056165522,2.4870969791726143,-0.7910969791726143
12.453,77107.998,246.444,1.709,7002.767,3.697,78259.87296256033,-1151.8749625603232,218.13577255406676,28.308227445933227,2.01948974891652,-0.3104897489165199,6864.586140133114,138.18085986688584,2.487936926585686,1.2090630734143142
12.446,77379.691,249.948,2.1,6757.534,2.362,78261.86787788801,-882.1768778880069,218.13581872729065,31.812181272709353,2.0212593409114694,0.07874065908853067,6863.865972459969,-106.33197245996962,2.4887792663450727,-0.12677926634507264
12.439,77461.605,247.282,2.568,6881.292,1.621,78263.84611997713,-802.2411199771304,218.13568033681875,29.14631966318126,2.023043294720459,0.544956705279541,6863.138970165421,18.153029834579684,2.489624034664946,-0.8686240346649461
12.432,76528.028,273.201,1.523,6522.298,2.958,78265.80755894931,-1737.7795589493035,218.1353564366587,55.065643563341325,2.024841903972664,-0.5018419039726643,6862.405047504517,-340.10704750451714,2.490471269438045,0.4675287305619551
12.425,77129.043,259.174,2.252,6788.411,4.909,78267.75206363539,-1138.7090636353823,218.13484614855463,41.03915385144535,2.026655466979933,0.22534453302006696,6861.664119259489,-73.25311925948881,2.491321010274305,2.4176789897256947
12.418,77619.815,220.899,1.335,6838.606,3.098,78269.67950163278,-649.8645016327791,218.1341486631691,2.764851336830901,2.028484286780838,-0.693484286780838,6860.916100758317,-22.310100758317276,2.4921732985396177,0.6058267014603822
12.411,78753.488,269.947,2.397,6846.648,2.75,78271.58973936358,481.8982606364152,218.1332632412656,51.81373675873439,2.030328671184686,0.36667132881531384,6860.160907893276,-13.512907893275951,2.493028177394711,0.25697182260528884
12.404,78970.784,164.494,1.899,7131.057,1.145,78273.48264213344,697.3013578665559,218.13218921489226,-53.638189214892265,2.0321889328154565,-0.13318893281545652,6859.398457139405,271.65854286059493,2.493885691834157,-1.3488856918341572
12.397,79088.733,216.434,1.607,6924.143,2.383,78275.35807419087,813.3749258091266,218.13092598856488,-1.6969259885648853,2.034065389155651,-0.42706538915565084,6858.628665572918,65.51433442708185,2.4947458887254603,-0.11174588872546032
12.389,77726.358,206.636,3.155,7024.35,1.855,78277.47985694066,-551.1218569406628,218.12924996193317,-11.493249961933174,2.0362301547247896,1.1187698452752102,6857.739809481798,166.61019051820222,2.4957323181854236,-0.6407323181854236
12.382,79074.045,214.42,2.067,6972.991,2.798,78279.31739008056,794.7276099194423,218.1275796459921,-3.7075796459921264,2.0381424059416675,0.02885759405833266,6856.954011274673,116.03698872532732,2.496598429950838,0.3014015700491619
12.375,76690.364,220.396,1.67,6855.099,2.591,78281.13701965543,-1590.773019655433,218.12571874356058,2.2702812564394037,2.0400718817874965,-0.3700718817874966,6856.160615755644,-1.0616157556441976,2.497467384097004,0.09353261590299633
12.367,76504.774,244.729,1.375,6803.105,2.047,78283.19449461962,-1778.4204946196114,218.12335826770695,26.605641732293066,2.0422985223371635,-0.6672985223371635,6855.244472290822,-52.139472290822596,2.4984640257225643,-0.45146402572256417
12.36,77661.904,219.261,1.766,7037.743,2.586,78284.97528878659,-623.0712887865957,218.12108811465743,1.1399118853425705,2.0442660530395775,-0.2782660530395775,6854.434527519811,183.30847248018927,2.4993392587044867,0.08666074129551316
12.352,77383.934,230.258,2.027,6826.083,2.426,78286.98801141372,-903.0540114137257,218.11825951787947,12.139740482120544,2.0465370935954286,-0.019537093595428434,6853.499263069876,-27.41626306987655,2.500343229460179,-0.07434322946017868
12.345,77609.324,227.52,2.248,7146.279,2.11,78288.72932287556,-679.4053228755656,218.11557959741117,9.40442040258884,2.048544281844501,0.199455718155499,6852.672407569471,293.6065924305294,2.5012250147314394,-0.39122501473143956
12.337,76259.794,223.232,2.652,6874.683,3.531,78290.69655003857,-2030.902550038576,218.1122827452253,5.119717254774713,2.050861583152458,0.601138416847542,6851.717613146021,22.965386853979,2.502236639290037,1.0287633607099633
12.33,76793.899,298.502,2.14,6890.805,3.299,78292.39772596037,-1498.4987259603658,218.10919334484507,80.39280665515494,2.0529100827817426,0.08708991721825754,6850.8734927559635,39.931507244036766,2.503125271777944,0.795874728222056
12.322,77181.501,175.254,1.368,7057.381,2.764,78294.31870900435,-1112.8177090043464,218.10542903610866,-42.85142903610867,2.0552755645458256,-0.6872755645458255,6849.898767947714,207.48223205228624,2.5041448998293574,0.2598551001706424
12.315,76989.606,249.931,2.05,6738.153,3.235,78295.97909242465,-1306.3730924246483,218.101931272334,31.829068727665998,2.057367081418896,-0.007367081418895971,6849.037036199696,-110.8840361996954,2.505040696767299,0.7299593032327008
12.307,76161.261,191.54,1.569,7025.194,2.318,78297.8530788018,-2136.5920788017975,218.09770126740696,-26.55770126740697,2.0597827233066686,-0.4907827233066686,6848.041989598759,177.15201040124157,2.5060687039692207,-0.1880687039692206
12.3,76959.526,224.816,1.341,6919.548,1.248,78299.4720100826,-1339.9460100825963,218.09379711033745,6.7222028896625545,2.0619190161895586,-0.7209190161895587,6847.162308087527,72.3856919124728,2.5069720057276155,-1.2589720057276155
12.292,78052.52,189.3,1.784,6944.573,2.055,78301.2982450317,-248.77824503170268,218.08910415907303,-28.78910415907302,2.0643868588201895,-0.28038685882018943,6846.146557711305,98.4264422886954,2.508008794653803,-0.45300879465380284
12.285,76138.498,215.117,1.816,6822.638,1.013,78302.87506334786,-2164.377063347856,218.08479645679648,-2.967796456796492,2.0665697402375156,-0.25056974023751555,6845.248596461812,-22.610596461811838,2.5089199655683414,-1.4959199655683415
12.278,77842.877,238.705,1.288,6806.707,2.151,78304.43200283597,-461.5550028359721,218.080301661063,20.62469833893701,2.068774998588626,-0.7807749985886259,6844.341994203729,-37.63499420372864,2.5098349403840583,-0.3588349403840585
12.27,76703.275,228.098,1.448,6848.595,2.692,78306.18683648783,-1602.9118364878377,218.07493682913253,10.023063170867488,2.071323223222409,-0.6233232232224091,6843.295208000516,5.299791999484114,2.5108853958489403,0.18111460415105984
12.263,77751.594,232.448,1.584,6926.555,2.012,78307.70069486019,-556.1066948601947,218.07004430412505,14.37795569587496,2.0735778274663454,-0.48957782746634537,6842.369858047543,84.18514195245734,2.5118088192518915,-0.49980881925189147
12.255,76893.162,204.269,1.764,6868.613,2.945,78309.40591696401,-1416.243916964013,218.06422771577536,-13.795227715775354,2.076183553081913,-0.31218355308191303,6841.301468787815,27.3115312121854,2.5128691705367965,0.43213082946320336
12.248,75534.832,220.92,1.942,6748.851,1.285,78310.87603708995,-2776.0440370899596,218.05894257832,2.8610574216799876,2.0784894518844217,-0.13648945188442174,6840.357063501497,-91.50606350149701,2.5138014694894073,-1.2288014694894074
12.24,79034.589,245.951,1.674,7126.387,2.562,78312.53089885834,722.0581011416652,218.05268062715146,27.898319372848533,2.0811549377452994,-0.40715493774529943,6839.266725074484,287.12027492551533,2.514872219751405,0.047127780248594764
12.233,78603.811,161.691,2.192,7055.863,1.632,78313.95662789352,289.85437210647797,218.04700895495236,-56.35600895495236,2.083514136339662,0.1084858636603383,6838.302966484649,217.56003351535128,2.5158138480127077,-0.8838138480127078
12.225,79590.901,179.0,1.847,6822.538,2.024,78315.56038638556,1275.340613614433,218.04030914605926,-39.04030914605926,2.0862417067931105,-0.23924170679311052,6837.190344027464,-14.652344027464096,2.516895531491769,-0.4928955314917691
12.218,78676.103,253.276,1.463,6639.69,3.317,78316.94107744034,359.161922559666,218.03425800097668,35.24174199902333,2.0886562677347085,-0.6256562677347084,6836.206944178108,-196.51694417810813,2.517846970416919,0.7991530295830813
12.21,78809.562,170.687,1.56,7127.519,1.906,78318.49299749061,491.0690025093936,218.02712897735762,-47.34012897735761,2.091448313057559,-0.5314483130575591,6835.0717144678765,292.4472855321237,2.5189401533439337,-0.6129401533439338
12.203,77433.339,175.298,1.54,7107.542,2.006,78319.82801133732,-886.4890113373112,218.02070642833957,-42.72270642833956,2.093920356948881,-0.5539203569488809,6834.068395757435,273.47360424256567,2.519901912673355,-0.5139019126733553
12.195,78297.014,263.595,1.713,6902.182,2.299,78321.32736752945,-24.31336752945208,218.01315799689212,45.58184200310791,2.0967793341581014,-0.3837793341581013,6832.910247596812,69.27175240318775,2.521007194165447,-0.2220071941654469
12.188,78403.49,240.167,2.259,6959.3,2.339,78322.61607434857,80.87392565143819,218.00637314252384,22.16062685747616,2.0993110403415716,0.15968895965842833,6831.886743112457,127.41325688754296,2.5219798128021176,-0.18297981280211761
12.18,78997.594,234.822,1.802,6996.205,3.717,78324.06215303228,673.531846967715,217.99841629958087,16.823583700419135,2.102239473966528,-0.30023947396652817,6830.705377708133,165.49962229186713,2.5230978257435277,1.1939021742564724
12.173,76808.751,241.358,1.758,6896.136,1.956,78325.30393419576,-1516.552934195759,217.99127929021546,23.366720709784545,2.1048330811824774,-0.34683308118247735,6829.661431553782,66.47456844621865,2.5240818725168612,-0.5680818725168613
12.165,77320.555,228.254,1.012,6916.448,1.945,78326.69603554584,-1006.1410355458502,217.98292624658256,10.271073753417426,2.1078335639957895,-1.0958335639957895,6828.456562887586,87.99143711241413,2.525213284423628,-0.5802132844236281
12.157,78016.277,267.994,3.356,6877.47,2.996,78328.05906824686,-311.7820682468591,217.97436731560305,50.01963268439698,2.1108735569727646,1.2451264430272353,6827.2390467208315,50.230953279168716,2.52635212760174,0.46964787239826
12.15,78721.81,204.506,1.826,6933.925,2.886,78329.22772555289,392.5822744471079,217.9667125114666,-13.460712511466596,2.1135665647066397,-0.28756656470663966,6826.163285697443,107.76171430255727,2.527354872705053,0.35864512729494713
12.142,78247.697,238.171,2.141,6856.443,1.991,78330.53573952132,-82.83873952132126,217.95777851766303,20.213221482336962,2.116682716555632,0.0243172834443679,6824.921853348347,31.521146651652998,2.5285082075665786,-0.5375082075665785
12.135,77292.279,254.59,2.949,6896.369,1.453,78331.65596646484,-1039.3769664648426,217.94980212530436,36.640197874695644,2.1194435667261082,0.8295564332738916,6823.82505384594,72.54394615406,2.5295239608002156,-1.0765239608002155
12.127,76885.599,197.227,1.647,6866.038,1.66,78332.90830638446,-1447.3093063844572,217.94050846442218,-20.713508464422176,2.122638646063872,-0.47563864606387196,6822.559453267087,43.478546732912946,2.5306925463385914,-0.8706925463385915
12.12,77721.447,248.645,1.991,6892.836,3.569,78333.97953868445,-612.5325386844488,217.93222452059976,30.71277547940025,2.125469791971659,-0.1344697919716591,6821.441400840707,71.39459915929365,2.5317219881540893,1.0372780118459106
12.112,78551.193,246.054,1.815,6899.436,2.478,78335.17557065151,216.0174293484888,217.92258788668497,28.131412113315037,2.128746637861724,-0.31374663786172396,6820.151394005785,79.28460599421487,2.5329066208932574,-0.05490662089325715
12.105,78989.891,200.004,2.496,7069.612,2.175,78336.19726373385,653.6937362661556,217.91401157397627,-17.910011573976277,2.1316505946748503,0.3643494053251497,6819.011886625456,250.60011337454398,2.5339504649203466,-0.35895046492034677
12.097,77541.615,243.743,2.26,6817.558,2.856,78337.33637748405,-795.7213774840493,217.90404998160471,25.83895001839528,2.1350121171301994,0.12498788286980034,6817.697249861709,-0.13924986170877673,2.5351519796831083,0.3208480203168915
12.09,77708.586,262.355,2.039,6753.322,2.194,78338.30800844313,-629.7220084431319,217.8951976475366,44.45980235246341,2.1379914622981815,-0.09899146229818134,6816.536098199127,-63.214098199126965,2.5362109733906735,-0.3422109733906735
12.082,77042.12,255.931,1.559,6862.827,2.182,78339.38961960856,-1297.2696196085599,217.8849304533008,38.046069546699215,2.1414406427243606,-0.5824406427243607,6815.196622510108,47.63037748989245,2.537430244040598,-0.3554302440405981
12.075,78667.03,263.68,1.732,6815.074,3.208,78340.31068919471,326.71931080528884,217.87581962881092,45.80418037118909,2.1444980163387424,-0.4124980163387424,6814.013650216685,1.0603497833144502,2.5385051693736522,0.669494830626348
12.067,77806.148,220.531,2.047,7000.885,2.614,78341.33424158822,-535.1862415882206,217.8652675520188,2.6657324479812132,2.14803790791398,-0.10103790791397982,6812.64914159495,188.23585840504984,2.5397431095286387,0.07425689047136119
12.06,78211.139,222.376,2.091,6931.412,2.057,78342.20427621748,-131.06527621748683,217.85591696920798,4.520083030792023,2.1511760130122455,-0.06017601301224529,6811.444185570878,119.96781442912197,2.5408347835196627,-0.4838347835196628
12.053,78476.387,199.84,1.956,6885.848,4.134,78343.05034017883,133.33665982117236,217.84646125187527,-18.006461251875265,2.1543527356155545,-0.19835273561555455,6810.228918447674,75.61908155232595,2.541934563173905,1.5920654368260951
12.046,78474.077,182.231,1.604,6984.641,1.951,78343.87233930544,130.20466069456597,217.83690486954157,-35.605904869541575,2.1575686845810442,-0.5535686845810441,6809.003309035808,175.63769096419128,2.543042637850687,-0.5920426378506871
12.038,77698.2,263.634,1.987,6824.793,2.182,78344.78218301163,-646.5821830116329,217.8258659270992,45.80813407290083,2.161292876710557,-0.17429287671055693,6807.5899103931715,17.203089606828144,2.5443194138976137,-0.3623194138976138
12.031,77466.245,254.88,2.211,6902.723,2.782,78345.55231192117,-879.3073119211767,217.81610947033357,37.06389052966642,2.164594962372684,0.04640503762731596,6806.342040448981,96.38095955101926,2.5454459184668567,0.23655408153314328
12.024,77629.671,212.135,1.955,7147.105,2.554,78346.29810044573,-716.627100445723,217.8062672178517,-5.671267217851721,2.167938229924281,-0.2129382299242808,6805.08373938054,342.02126061946,2.5465813373445902,0.00741866265540958
12.017,78840.061,230.874,1.92,7120.449,3.378,78347.01946774972,493.0415322502813,217.79634416493337,13.077655835066622,2.1713233149492064,-0.25132331494920646,6803.814981885299,316.63401811470067,2.547725875348516,0.830274124651484
12.011,77909.708,188.34,1.746,7160.533,2.44,78347.61828654341,-437.9102865434106,217.787778261011,-29.447778261010995,2.174258586198195,-0.4282585861981949,6802.719134877879,357.81386512212157,2.548714324029781,-0.1087143240297812
12.004,78766.223,183.237,1.439,6972.209,2.354,78348.29409759931,417.92890240068664,217.77771884236074,-34.54071884236075,2.177723040515297,-0.7387230405152971,6801.430896125704,170.778103874296,2.5498763538973925,-0.19587635389739244
11.997,78079.077,245.684,2.194,6920.201,2.28,78348.94527593302,-269.8682759330113,217.76759360680083,27.916406393199168,2.181231163839457,0.012768836160542918,6800.132136673987,120.06886332601334,2.551048109051706,-0.2710481090517063
11.99,77404.795,227.941,1.546,7116.765,3.86,78349.57175463627,-944.7767546362738,217.75740804949385,10.183591950506155,2.1847836166534123,-0.6387836166534122,6798.822836866258,317.9421631337427,2.552229809053578,1.3077701909464219
11.983,76786.638,210.476,2.18,7115.627,2.853,78350.17347065113,-1563.535470651128,217.74716779668626,-7.271167796686257,2.18838106588575,-0.008381065885749717,6797.502978534074,318.1240214659265,2.553421677335759,0.299578322664241
11.976,77500.583,214.298,1.846,7076.921,2.054,78350.75036486809,-850.167364868088,217.73687860627768,-3.438878606277683,2.192024184903701,-0.3460241849037011,6796.172545006498,280.7484549935025,2.5546239412217226,-0.5006239412217228
11.969,77879.698,198.838,1.636,7161.781,2.416,78351.30238222485,-471.60438222484663,217.72654636836842,-18.888546368368424,2.1957136535041837,-0.5597136535041838,6794.831521119352,366.9494788806478,2.555836831943644,-0.13983683194364405
11.962,77595.73,214.802,2.606,7049.728,2.04,78351.8294718044,-756.0994718044094,217.71617710578292,-2.914177105782926,2.1994501579030343,0.40654984209696554,6793.479893224161,256.248106775839,2.5570605846595083,-0.5170605846595082
11.956,78423.821,231.234,1.351,7042.132,3.401,78352.26138690066,71.55961309933627,217.70726436058112,13.526735639418888,2.202690837461632,-0.8516908374616321,6792.312905871831,249.81909412816822,2.5581183419542697,0.8428816580457301
11.949,77545.757,203.651,1.409,7250.105,1.698,78352.74206149776,-806.9850614977622,217.69684277159823,-14.045842771598217,2.206516536472135,-0.7975165364721348,6790.9415538147405,459.1634461852591,2.5593629042909884,-0.8613629042909885
11.942,77151.214,169.578,1.677,7129.792,2.714,78353.19768655751,-1201.9836865575053,217.68640210172202,-48.10840210172202,2.2103912671473633,-0.5333912671473633,6789.559567182498,340.23243281750274,2.5606190222747096,0.15338097772529036
11.935,77361.603,199.77,1.536,7056.115,2.287,78353.62822806991,-992.025228069906,217.6759488901979,-17.90594889019789,2.214315740327361,-0.6783157403273607,6788.166938252177,267.948061747823,2.5618869463497784,-0.2748869463497785
11.928,76888.93,211.717,1.987,6888.489,2.653,78354.03365664498,-1465.1036566449911,217.6654898112059,-5.948489811205889,2.218290673192344,-0.2312906731923441,6786.7636608563735,101.72533914362612,2.5631669309566067,0.08983306904339328
11.921,78167.434,208.907,2.159,6970.417,2.536,78354.41394760936,-186.97994760936126,217.6550316742439,-8.74803167424389,2.222316789240815,-0.0633167892408153,6785.349730390568,185.06726960943251,2.5644592345433557,-0.028459234543355638
11.914,78126.558,229.82,1.459,6844.912,2.61,78354.76908110261,-228.21108110260684,217.6445814244853,12.175418575514698,2.2263948182656637,-0.7673948182656636,6783.925143820257,60.98685617974297,2.5657641195766567,0.044235880423343144
11.907,77310.354,188.813,1.463,6878.796,2.351,78355.09904217339,-1044.745042173381,217.63414614311068,-28.821146143110695,2.230525496328246,-0.7675254963282461,6782.4898996877855,96.30610031221477,2.567081852551318,-0.21608185255131795
11.9,76763.032,232.796,2.767,6950.81,2.162,78355.40382087431,-1592.3718208743085,217.62373304761297,15.17226695238702,2.2347095657303733,0.5322904342696266,6781.043998118864,169.76600188113662,2.568412703999009,-0.40641270399900886
11.893,77523.456,223.609,0.949,6877.138,2.712,78355.68341235709,-832.2274123570824,217.61334949207634,5.995650507923671,2.238947774984214,-1.2899477749842143,6779.587440828844,97.55055917115624,2.569756948495924,0.14224305150407623
11.886,76464.484,191.246,2.306,7050.251,2.02,78355.93781696656,-1891.4538169665611,217.60300296742767,-26.35700296742766,2.243240878780065,0.06275912121993521,6778.120231128663,272.13076887133684,2.5711148646693833,-0.5511148646693833
11.879,78468.34,254.924,2.005,6999.196,2.398,78356.16704033398,112.17295966601523,217.5927011016604,37.33129889833961,2.2475896379519478,-0.24258963795194788,6776.642373930528,222.55362606947165,2.572486735203359,-0.174486735203359
11.872,76551.41,255.646,3.848,6892.776,4.304,78356.37109346999,-1804.9610934699886,217.58245166003093,38.06354833996906,2.2519948194410357,1.5960051805589641,6775.153875753265,117.62212424673453,2.5738728468429337,1.7301271531570666
11.865,77434.75,208.43,2.207,6912.076,4.135,78356.54999285653,-921.7999928565259,217.57226254522644,-9.14226254522643,2.2564571962568456,-0.04945719625684575,6773.654744727412,138.4212552725876,2.5752734903976418,1.559726509602358
11.858,77377.281,198.439,2.146,7117.358,1.144,78356.70376053799,-979.4227605379856,217.56214179750407,-19.123141797504076,2.260977547436183,-0.11497754743618316,6772.144990599965,345.21300940003493,2.576688960743698,-1.432688960743698
11.851,76980.136,211.361,2.791,6818.633,3.247,78356.83242421123,-1376.69642421123,217.5520975948009,-6.191097594800908,2.2655566579998103,0.5254433420001896,6770.624624738852,48.0083752611481,2.578119556825085,0.6688804431749147
11.844,77728.161,242.848,1.645,6812.386,2.443,78356.9360173155,-628.7750173155073,217.54213825281505,25.305861747184963,2.2701953189068087,-0.6251953189068087,6769.093660137101,43.2923398628991,2.5795655816535086,-0.13656558165350852
11.837,77682.16,223.598,2.465,6969.419,2.033,78357.0145791202,-674.8545791201905,217.5322722250561,6.065727774943923,2.2748943270065984,0.19010567299340142,6767.552111416669,201.86688858333127,2.5810273423071592,-0.5480273423071593
11.83,78003.965,211.615,2.009,7024.651,3.78,78357.06815481262,-353.1031548126193,217.52250810286608,-5.907508102866075,2.2796544849886073,-0.27065448498860745,6765.9999948319855,258.6510051680143,2.5825051499283127,1.197494850071687
11.823,77693.956,224.636,1.506,6986.309,4.011,78357.09679558399,-663.1407955839823,217.51285461540976,7.123145384590231,2.2844766013295335,-0.7784766013295334,6764.437328273189,221.87167172681075,2.583999319719727,1.427000680280273
11.816,76960.48,206.371,1.885,7210.499,3.17,78357.10055871481,-1396.6205587148143,217.50332062963352,-11.132320629633512,2.2893614902382025,-0.40436149023820245,6762.864131269013,447.63486873098645,2.58551017093982,0.5844898290601801
11.809,77941.48,245.101,1.204,6905.049,2.222,78357.07950765849,-415.599507658495,217.49391515019352,27.607084849806483,2.2943099715979702,-1.0903099715979703,6761.280424989398,143.76857501060204,2.5870380268966238,-0.3650380268966238
11.802,78712.667,233.43,2.708,6960.653,3.568,78357.03371212441,355.63328787559294,217.48464731935195,15.945352680648057,2.299322870906659,0.4086771290933413,6759.686232247749,200.96676775225114,2.5885832149404973,0.9794167850595028
11.795,79132.827,208.273,1.618,7146.7,2.881,78356.96324815914,775.863751840865,217.47552641684146,-9.202526416841465,2.304401019213998,-0.6864010192139978,6758.081577502893,388.6184224971066,2.5901460664555773,0.29085393354442246
11.788,78987.301,210.566,1.477,6995.722,2.222,78356.86819822641,630.432801773597,217.46656185969658,-6.90056185969658,2.309545253056533,-0.8325452530565329,6756.4664868607015,239.25551313929827,2.591726916849952,-0.36972691684995196
11.781,79687.196,232.785,2.183,6892.214,2.734,78356.74865128606,1330.447348713933,217.45776320205357,15.327236797946426,2.314756414389998,-0.13175641438999808,6754.840988075395,137.37301192460473,2.5933261055445573,0.14067389445544265
11.774,77814.586,293.22,2.181,6786.689,2.945,78356.60470287099,-542.0187028709915,217.44914013491626,75.77085986508376,2.3200353505191114,-0.1390353505191113,6753.205110550524,33.48388944947601,2.594943975960765,0.35005602403923497
11.767,78556.489,236.852,1.844,7128.133,1.926,78356.43645516309,200.05254483691533,217.44070248588878,19.411297514111226,2.325382914024768,-0.48138291402476807,6751.558885339609,376.5741146603905,2.5965808755066506,-0.6705808755066507
11.76,78062.658,216.584,2.742,6990.173,2.201,78356.24401706732,-293.5860170673259,217.43246021887495,-0.8484602188749477,2.330799962688631,0.4112000373113691,6749.902345146464,240.27065485353614,2.598237155561944,-0.39723715556194383
11.753,77883.745,229.075,1.862,6867.127,1.947,78356.02750428423,-472.2825042842305,217.42442343374267,11.650576566257314,2.3362873594150573,-0.4742873594150572,6748.235524325175,118.89147567482541,2.5999131714616244,-0.6529131714616243
11.746,78761.577,187.329,1.741,6984.012,2.946,78355.78703938087,405.78996061913494,217.41660236595507,-30.087602365955064,2.3418459721503826,-0.6008459721503825,6746.558458879772,237.45354112022778,2.6016092824781683,0.3443907175218319
11.739,78880.725,263.395,1.914,6893.898,3.339,78355.52275186015,525.2022481398599,217.40900738616656,45.98599261383342,2.3474766737995036,-0.4334766737995037,6744.871186463541,149.02681353645949,2.6033258518024214,0.7356741481975786
11.732,79805.524,287.492,2.364,6899.138,1.877,78355.23477822801,1450.2892217719927,217.40164899978325,70.09035100021677,2.353180342139765,0.010819657860234866,6743.173746378005,155.96425362199534,2.605063246523093,-0.728063246523093
11.726,79216.137,230.845,2.39,7011.347,1.127,78354.96920011449,861.1677998855157,217.39553818193312,13.44946181806688,2.3581279451158434,0.031872054884156675,6741.710736093575,269.6362639064246,2.606569298406728,-1.4795692984067281
11.719,78335.183,245.21,3.499,7052.15,3.408,78354.63762430724,-19.45462430724001,217.3886475124472,27.821352487552815,2.36396946807274,1.13503053192726,6739.994523079432,312.1554769205677,2.608346355976619,0.799653644023381
11.712,79286.489,218.748,1.926,7156.002,2.523,78354.28279157207,932.2062084279314,217.38202418994354,1.3659758100564545,2.369886491700209,-0.4438864917002092,6738.26826375479,417.7337362452108,2.6101453090445963,-0.08714530904459616
11.706,80063.943,184.035,1.964,6997.445,4.241,78353.96026281686,1709.9827371831343,217.3765681928187,-33.3415681928187,2.375018997455412,-0.4110189974554119,6736.780651416153,260.66434858384673,2.611704985234869,1.6292950147651308
11.699,80379.932,198.762,2.84,7190.586,3.607,78353.56267958856,2026.3693204114388,217.37047070981197,-18.608470709811968,2.381078616348095,0.45892138365190505,6735.035856994538,455.5501430054619,2.6135456174542497,0.9934543825457505
11.693,79464.883,294.534,3.174,7010.43,4.078,78353.20376507714,1111.6792349228635,217.3654819912179,77.16851800878209,2.3863346795607745,0.7876653204392254,6733.532428240033,276.8975717599669,2.6151415908362097,1.4628584091637906
11.686,78664.743,233.364,2.93,7211.799,2.625,78352.76404436362,311.97895563638303,217.35994920079298,16.004050799207022,2.3925400109437915,0.5374599890562086,6731.769266629239,480.0297333707613,2.617025243491569,0.007974756508430936
11.68,79648.618,239.633,2.357,6949.333,4.261,78352.36928985444,1296.2487101455627,217.3554614227108,22.27753857728922,2.3979223151252897,-0.04092231512528954,6730.250169862025,219.08283013797427,2.6186586739622615,1.6423413260377386
11.674,77552.522,195.701,3.141,7112.1,2.226,78351.95818921993,-799.4361892199377,217.35121639901467,-21.65021639901468,2.403363795692697,0.7376362043073028,6728.723894231901,383.3761057680995,2.62030978913162,-0.39430978913161985
11.669,77496.465,252.674,2.112,6922.53,3.36,78351.60321172467,-855.1382117246685,217.34786964763526,35.32613035236474,2.4079439843382873,-0.29594398433828717,6727.446538805817,195.08346119418275,2.621699410304354,0.7383005896956458
11.663,79225.128,244.923,2.281,7055.904,2.569,78351.16248135333,873.9655186466698,217.3440889226124,27.578911077387602,2.4134954590232685,-0.1324954590232683,6725.907191881285,329.9968081187153,2.623383606828612,-0.054383606828611875
11.657,80333.346,194.962,1.766,7247.466,2.529,78350.70578118198,1982.6402188180218,217.3405720757507,-22.378572075750725,2.4191077546017854,-0.6531077546017854,6724.360765805201,523.1052341947998,2.625086210913592,-0.09608621091359204
11.651,77907.343,206.605,1.62,7328.983,1.713,78350.23325192294,-442.890251922945,217.3373266941316,-10.732326694131615,2.424781455317427,-0.8047814553174271,6722.807297438589,606.1757025614115,2.6268074813753097,-0.9138074813753096
11.645,78554.022,204.552,2.681,7149.989,2.896,78349.7450384365,204.2769615635043,217.33436043284502,-12.782360432845024,2.4305171473213174,0.25048285267868264,6721.246824509251,428.7421754907482,2.6285476789253184,0.26745232107468153
11.639,78543.551,219.761,2.759,7233.971,3.38,78349.24128974912,194.30971025089093,217.3316810145531,2.4293189854468835,2.4363154186144005,0.3226845813855994,6719.679385609148,514.2916143908515,2.6303070661519783,0.7496929338480216
11.633,79941.232,199.545,2.095,7279.28,3.194,78348.72215906967,1592.5098409303318,217.32929622903686,-17.78429622903687,2.44217685898856,-0.34717685898856,6718.105020191626,561.1749798083738,2.632085907501117,0.561914092498883
11.627,80200.39,186.321,2.749,7229.709,4.103,78348.18780380554,1852.2021961944556,217.32721393272848,-31.006213932728485,2.4481020599665766,0.3008979400334235,6716.523768568546,513.1852314314538,2.6338844692560817,1.469115530743918
11.621,81271.591,194.957,2.696,7116.208,3.36,78347.63838557723,2923.952614422771,217.32544204822773,-22.368442048227735,2.454091614740931,0.2419083852590691,6714.93567190724,401.2723280927594,2.6357030195171767,0.7242969804828232
11.615,77876.104,242.051,1.839,7102.307,3.665,78347.07407023205,-470.9700702320406,217.3239885638027,24.7270114361973,2.46014611811142,-0.6211461181114202,6713.340772227353,388.96622777264656,2.6375418281804817,1.0274581718195184
11.609,79129.613,177.741,3.248,7364.515,2.721,78346.49502785681,783.1179721431836,217.3228615328747,-39.58186153287468,2.466266166421616,0.7817338335783841,6711.739112397545,652.7758876024554,2.639401166916061,0.08159883308393923
11.603,77815.013,225.469,2.036,7091.023,3.079,78345.90143278948,-530.8884327894775,217.32206907348836,8.14693092651163,2.472452357494159,-0.4364523574941588,6710.130736132053,380.8922638679469,2.641281309145547,0.43771869085445303
11.597,78710.429,229.16,2.356,7146.523,1.907,78345.29346362958,365.1355363704206,217.32161936776413,11.838380632235868,2.47870529056486,-0.12270529056486001,6708.515687987116,438.00731201288454,2.6431825300191027,-0.7361825300191027
11.592,78230.891,199.091,1.691,7108.598,1.924,78344.77597425689,-113.88497425688547,217.32151238563029,-18.230512385630277,2.483967484845895,-0.7929674848458947,6707.164750683223,401.4332493167767,2.644783182175602,-0.7207831821756021
11.586,77785.414,306.712,1.731,6916.277,2.208,78344.1421306367,-558.7281306366931,217.32171252278863,89.39028747721136,2.4903443390152833,-0.7593443390152832,6705.53758926112,210.73941073888,2.646723767497191,-0.43872376749719066
11.58,77515.263,228.093,1.67,7044.913,2.311,78343.49444217714,-828.2314421771298,217.32227893927103,10.77072106072896,2.496789640100517,-0.8267896401005173,6703.903886741797,341.0091132582029,2.648686220232329,-0.33768622023232897
11.574,79233.697,200.878,1.286,7021.284,2.404,78342.83310389172,890.8638961082761,217.32322005747577,-16.44522005747578,2.503303992123061,-1.2173039921230608,6702.26369087363,319.0203091263693,2.6506708219325414,-0.24667082193254153
11.568,79616.308,236.448,2.509,6959.673,3.464,78342.15831509096,1274.1496849090472,217.32454436101202,19.12345563898799,2.509888000182544,-0.0008880001825439798,6700.61705022782,259.0559497721797,2.652677855757714,0.8113221442422858
11.562,79505.243,235.901,1.66,7124.552,3.353,78341.47027938621,1163.7727206137934,217.3262603940599,18.574739605940124,2.5165422703840283,-0.8565422703840284,6698.964014194024,425.58798580597613,2.6547076064493997,0.6982923935506005
11.556,80240.267,263.537,1.849,6966.14,3.924,78340.76920469265,1899.497795307354,217.32837676071503,46.20862323928495,2.5232674097640935,-0.6742674097640935,6697.304632975863,268.83536702413767,2.656760360303484,1.2672396396965158
11.55,77956.823,214.291,2.342,7083.566,2.799,78340.05530323084,-383.2323032308341,217.3309021243166,-3.0399021243165976,2.5300640262157543,-0.18806402621575424,6695.6389575863,387.9270424136994,2.6588364051422286,0.1401635948577713
11.543,81378.137,229.076,1.929,7135.434,2.237,78339.20649569048,3038.930504309523,217.33437694769276,11.741623052307233,2.538084563226348,-0.6090845632263477,6693.687783673014,441.74621632698654,2.6612882807360245,-0.4242882807360244
11.537,81578.983,198.126,2.534,7194.453,2.714,78338.4655514468,3240.5174485531898,217.3378184694277,-19.211818469427698,2.5450381356869123,-0.011038135686912476,6692.008649741523,502.44435025847724,2.6634157838608816,0.05058421613911834
11.531,81142.115,258.42,2.817,7032.687,3.881,78337.7124808683,2804.402519131705,217.34169680494045,41.07830319505956,2.5520651149901896,0.26493488500981055,6690.323388464033,342.3636115359668,2.6655674991485885,1.2154325008514113
11.526,79533.947,204.251,3.736,7041.128,2.53,78337.07582479395,1196.871175206048,217.3452688495015,-13.094268849501503,2.557977446271245,1.1780225537287552,6688.914362629132,352.2136373708681,2.667379302593031,-0.13737930259303122
11.52,79140.689,237.911,3.387,6909.579,3.237,78336.3011234537,804.3878765463014,217.3499711723659,20.56102882763409,2.565140591048486,0.8218594089515139,6687.218009562451,222.36099043754894,2.6695761710748855,0.5674238289251146
11.514,79090.759,276.254,2.515,6807.238,2.969,78335.51495902357,755.2440409764386,217.35513567665274,58.89886432334728,2.572378873888881,-0.057378873888880744,6685.515685121876,121.72231487812405,2.671798087883065,0.2972019121169347
11.508,79438.845,219.53,3.95,7060.748,3.223,78334.7175738072,1104.1274261928047,217.36077142022805,2.1692285797719535,2.579692906480231,1.3703070935197692,6683.807445844797,376.94055415520234,2.67404535068824,0.5489546493117601
11.502,79122.074,225.686,2.02,7053.753,2.938,78333.90921438293,788.1647856170603,217.36688751424055,8.319112485759462,2.5870833007242044,-0.5670833007242044,6682.093349036081,371.65965096391847,2.676318258440914,0.26168174155908597
11.496,80340.703,209.558,1.155,7038.387,1.838,78333.09013159468,2007.612868405311,217.3734931223037,-7.815493122303707,2.594550668650843,-1.439550668650843,6680.373452762269,358.01354723773056,2.678617111337761,-0.8406171113377607
11.49,77452.3,283.13,2.263,6577.334,3.627,78332.26058054113,-879.9605805411265,217.3805974596605,65.7494025403395,2.602095622331901,-0.33909562233190105,6678.6478158456,-101.3138158456004,2.6809422107873058,0.946057789212694
11.484,79207.68,249.275,1.553,6905.299,3.482,78331.42082056389,876.2591794361069,217.38820979233247,31.88679020766753,2.609718773793073,-1.0567187737930732,6676.9164978579465,228.38250214205345,2.683293859374994,0.798706140625006
11.478,79047.97,203.911,2.31,7061.007,1.903,78330.57111523378,717.3988847662258,217.396339436252,-13.48533943625199,2.617420734925081,-0.3074207349250808,6675.179559114579,385.8274408854204,2.6856723608276143,-0.7826723608276143
11.472,78881.516,172.938,3.821,7302.572,1.433,78329.7117323367,551.8042676633049,217.40499575637864,-44.46699575637865,2.6252021173936466,1.1957978826063536,6673.437060667845,629.1349393321552,2.6880780199770977,-1.2550780199770977
11.466,79943.97,248.332,2.275,7115.149,2.585,78328.84294385742,1615.1270561425772,217.41418816579878,30.917811834201217,2.6330635325483547,-0.35806353254835477,6671.689064300689,443.45993569931125,2.690511142723686,-0.10551114272368611
11.46,78367.954,206.654,2.576,7108.119,3.148,78327.9650259625,39.98897403749288,217.42392612480933,-10.76992612480933,2.6410055913303934,-0.0650055913303933,6669.935632520055,438.18336747994454,2.6929720359984692,0.4550279640015309
11.454,79627.57,242.291,2.316,6881.641,2.461,78327.07825898149,1300.4917410185153,217.43421913998463,24.856780860015363,2.6490289041792185,-0.3330289041792187,6668.17682855016,213.46417144983934,2.6954610077253065,-0.23446100772530665
11.448,77589.021,221.719,2.697,6801.265,2.375,78326.18292738739,-737.1619273873948,217.44507676322792,4.273923236772077,2.657134080938102,0.03986591906189796,6666.41271632566,134.85228367434047,2.697978366782107,-0.3229783667821069
11.442,78945.812,166.519,2.02,6955.394,4.693,78325.27931977503,620.5326802249765,217.45650859080556,-50.93750859080555,2.665321730758614,-0.6453217307586141,6664.643360484652,290.75063951534867,2.7005244229615024,1.9924755770384972
11.436,81122.423,188.018,1.667,7042.285,3.063,78324.36772883877,2798.0552711612254,217.46852426236566,-29.45052426236566,2.6735924620040215,-1.0065924620040214,6662.868826361584,379.4161736384158,2.703099486930891,0.3599005130691091
11.43,79426.839,186.573,2.082,7059.802,2.246,78323.44845134843,1103.3905486515723,217.48113345994074,-30.90813345994073,2.6819468821516343,-0.5999468821516345,6661.089179980039,398.7128200199604,2.705703870191872,-0.4597038701918721
11.424,78342.789,197.027,1.64,6911.128,2.307,78322.52178812404,20.267211875965586,217.49434590693352,-20.46734590693353,2.69038559769408,-1.0503855976940801,6659.304488045372,251.82351195462797,2.708337885039055,-0.4013378850390552
11.419,78937.684,173.187,1.361,6855.277,2.014,78321.74414669946,615.9398533005296,217.50582413782485,-44.31882413782483,2.697482689768643,-1.336482689768643,6657.813439115523,197.46356088447737,2.710555758476663,-0.6965557584766633
11.413,79162.916,186.322,2.899,6919.473,2.291,78320.80473759265,842.111262407343,217.5201679290753,-31.19816792907531,2.7060775183958503,0.1929224816041497,6656.019672481341,263.4533275186586,2.713244911460782,-0.422244911460782
11.406,78664.644,177.729,1.915,6942.298,2.968,78319.7005524308,344.943447569196,217.5377005772617,-39.808700577261675,2.7162135647443044,-0.8012135647443044,6653.920816045205,288.3771839547944,2.716420853057092,0.25157914694290806
11.4,78387.789,155.434,2.202,6884.943,2.672,78318.74743451332,69.04156548668107,217.55342404697825,-62.11942404697825,2.7249955035855025,-0.5229955035855025,6652.116622323235,232.82637767676533,2.7191765315797425,-0.04717653157974233
11.394,78810.259,283.178,1.491,6561.426,2.877,78317.78849473468,492.47050526532985,217.56979996707605,65.60820003292395,2.7338647519868813,-1.2428647519868812,6650.307726535946,-88.88172653594575,2.721963413572658,0.15503658642734175
11.388,78498.845,244.17,2.17,6544.032,2.382,78316.82405760876,182.02094239124563,217.58683828699316,26.58316171300683,2.7428219084022034,-0.5728219084022035,6648.494199318275,-104.46219931827454,2.7247818151895604,-0.3427818151895603
11.382,79616.753,212.504,2.475,6854.385,2.313,78315.8544514844,1300.8985485156009,217.60454898999384,-5.100548989993854,2.751867569580914,-0.27686756958091374,6646.67611193213,207.70888806787025,2.727632053071927,-0.41463205307192696
11.376,78113.663,243.914,1.587,6554.87,1.419,78314.88000850935,-201.21700850935304,217.62294209202832,26.291057907971663,2.761002330461384,-1.174002330461384,6644.853536258088,-89.98353625808795,2.7305144443029996,-1.3115144443029996
11.37,77934.005,166.177,1.455,6837.495,1.62,78313.9010645922,-379.89606459219067,217.64202764057524,-51.465027640575244,2.770226784063211,-1.3152267840632108,6643.026544786951,194.4684552130493,2.7334293063612085,-1.1134293063612084
11.363,75837.803,181.342,2.015,6841.024,2.851,78312.75372797328,-2474.950727973279,217.66518273585652,-36.323182735856506,2.7811027965604582,-0.7661027965604581,6640.889571206561,200.13442879343893,2.7368714423110934,0.11412855768890662
11.357,78026.434,208.835,2.087,6582.654,2.261,78311.76620204729,-285.3322020472988,217.6858031966048,-8.8508031966048,2.7905236089664243,-0.7035236089664241,6639.053263713749,-56.39926371374895,2.7398577485474576,-0.47885774854745744
11.351,80231.924,247.551,3.097,6653.399,2.624,78310.77526325185,1921.148736748146,217.70714811547504,29.843851884524952,2.8000359780907287,0.2969640219092713,6637.212773906356,16.18622609364411,2.742877533027272,-0.118877533027272
11.345,80345.261,209.242,1.612,6958.184,1.561,78309.78126273175,2035.4797372682515,217.72922765852695,-8.487227658526962,2.8096404877784957,-1.1976404877784956,6635.368176724739,322.8158232752612,2.7459311143616083,-1.1849311143616084
11.338,81244.005,219.004,1.85,6826.54,1.41,78308.6181991667,2935.3868008333084,217.75592920646625,1.248070793533742,2.820962979960738,-0.970962979960738,6633.211056177866,193.32894382213362,2.749536766647703,-1.3395367666477032
11.332,79870.088,173.481,2.229,7072.351,3.042,78307.6187863576,1562.4692136423982,217.77963542932852,-44.29863542932853,2.8307691184290924,-0.6017691184290923,6631.357819451625,440.99318054837477,2.752664668136707,0.28933533186329274
11.326,77629.643,226.893,3.48,6774.078,2.385,78306.61744694726,-676.9744469472644,217.80410862988518,9.088891370114823,2.8406692293380407,0.6393307706619593,6629.500716345836,144.5772836541646,2.755827376135775,-0.3708273761357752
11.319,81483.885,209.719,1.956,6986.497,2.128,78305.4472705664,3178.437729433601,217.8336437650876,-8.114643765087607,2.8523388933608067,-0.8963388933608067,6627.329312448804,359.16768755119665,2.7595616191180494,-0.6315616191180493
11.313,79239.362,205.444,2.732,6780.397,2.663,78304.4430155382,934.918984461794,217.85981398571283,-12.415813985712845,2.8624445720095433,-0.13044457200954307,6625.464097843427,154.9329021565727,2.76280083508109,-0.09980083508109017
11.307,81674.123,225.629,3.04,6984.144,3.576,78303.4380030586,3370.6849969414034,217.8867837510069,7.742216248993088,2.872646026380675,0.16735397361932502,6623.595263224609,360.54873677539126,2.7660758670563683,0.8099241329436317
11.301,81368.089,263.812,2.249,6519.227,2.185,78302.43260914164,3065.656390858363,217.91456338297934,45.897436617020674,2.8829438193990837,-0.6339438193990836,6621.7228874597295,-102.4958874597296,2.7693870335371624,-0.5843870335371624
11.295,80395.418,282.27,2.065,6483.715,2.597,78301.4272129767,2093.9907870233,217.94316321943825,64.32683678056173,2.8933385106512346,-0.8283385106512346,6619.847049911867,-136.1320499118665,2.77273465278277,-0.1757346527827699
11.288,81952.394,221.108,1.808,6710.013,4.051,78300.25475815355,3652.139241846453,217.9775801543702,3.1304198456298025,2.9055888607833396,-1.0975888607833395,6617.654304016996,92.3586959830036,2.7766867050024358,1.2743132949975644
11.282,81703.348,262.915,2.542,6474.144,3.672,78299.25067273059,3404.09732726941,218.00799263187707,44.90700736812295,2.916195401262024,-0.37419540126202433,6615.771240499689,-141.62724049968892,2.780114395597373,0.8918856044026273
11.276,81489.131,190.88,2.351,6936.062,2.449,78298.24780612937,3190.883193870628,218.03925813898582,-27.15925813898582,2.926900588619107,-0.5759005886191071,6613.884969673227,322.1770303267731,2.7835795446191334,-0.33457954461913353
11.27,80803.162,208.284,1.606,6733.97,2.814,78297.24655015167,2505.915449848326,218.07138706457002,-9.787387064570026,2.937704967243725,-1.3317049672437251,6611.995572858696,121.97442714130466,2.787082468766329,0.02691753123367091
11.264,80321.236,227.735,1.714,6601.673,1.725,78296.24729947081,2024.9887005291966,218.10438980614418,9.63061019385583,2.9486090775652354,-1.2346090775652354,6610.103131820813,-8.430131820813585,2.790623484219874,-1.065623484219874
11.257,80313.737,190.48,1.666,6624.907,1.83,78295.0845719182,2018.6524280817976,218.14401129230254,-27.664011292302547,2.961457304701657,-1.295457304701657,6607.891546067544,17.015453932455785,2.7948032331126402,-0.9648032331126402
11.251,80871.736,200.194,2.357,6642.456,2.738,78294.09103328967,2577.6449667103298,218.178943003479,-17.984943003479003,2.9725793347194567,-0.6155793347194565,6605.9927917606165,36.463208239383675,2.7984278615918963,-0.06042786159189628
11.245,79749.416,203.553,1.512,6629.809,1.667,78293.10076797992,1456.3152320200752,218.2147814968257,-14.66178149682571,2.9838027802782747,-1.4718027802782747,6604.091254960306,25.71774503969391,2.8020915785584486,-1.1350915785584486
11.239,80770.677,192.087,1.282,6740.593,1.937,78292.11418193646,2478.5628180635395,218.25153719035868,-26.164537190358686,2.9951281639866187,-1.7131281639866187,6602.187019167151,138.4059808328484,2.805794697424295,-0.8687946974242948
11.233,79417.258,184.045,2.474,6743.755,3.069,78291.13168364012,1126.1263163598778,218.28922050322592,-34.24422050322593,3.0065560038559296,-0.5325560038559294,6600.2801682707595,143.47483172924058,2.8095375307877424,0.2594624692122576
11.227,78588.627,252.129,3.234,6430.048,2.11,78290.15368403569,298.4733159643074,218.32784185421565,33.80115814578434,3.0180868131756555,0.21591318682434446,6598.370786538996,-168.3227865389963,2.8133203903747868,-0.7033203903747869
11.22,80151.024,243.641,2.208,6533.165,1.465,78289.01892190966,1862.0050780903402,218.37409957009416,25.26690042990583,3.0316702440327896,-0.8236702440327894,6596.14008875605,-62.975088756050354,2.817784729837146,-1.3527847298371458
11.214,81023.842,262.502,1.747,6402.807,2.03,78288.05209054265,2735.7899094573513,218.41478906826143,44.08721093173858,3.043425891425636,-1.296425891425636,6594.22551436818,-191.41851436817979,2.82165537778206,-0.7916553777820603
11.208,81222.882,248.553,1.742,6481.218,2.49,78287.09107463705,2935.7909253629477,218.45644957784793,30.096550422152063,3.0552861011066623,-1.3132861011066623,6592.3086783640465,-111.09067836404665,2.8255670326552798,-0.33556703265527954
11.202,79559.595,258.393,1.814,6233.784,3.559,78286.13629462974,1273.4587053702562,218.4990914998228,39.89390850017716,3.0672513653364493,-1.2532513653364492,6590.3896664691365,-356.60566646913685,2.8295200019086613,0.7294799980913389
11.195,80097.712,228.369,1.829,6563.129,2.246,78285.03082990582,1812.6811700941762,218.5500946694478,9.818905330552212,3.081344266801456,-1.2523442668014562,6588.148183986561,-25.019183986561075,2.8341844246855725,-0.5881844246855725
11.189,79957.211,220.983,1.85,6537.891,2.07,78284.09101317523,1673.119986824764,218.59489862453302,2.388101375466988,3.093538812165994,-1.243538812165994,6586.224753261286,-48.3337532612868,2.83822795744688,-0.76822795744688
11.183,80753.859,256.143,2.539,6454.861,4.335,78283.15877711994,2470.7002228800557,218.64071686649487,37.5022831335051,3.105839934845238,-0.566839934845238,6584.299420172771,-129.43842017277075,2.84231377010196,1.4926862298980401
11.177,81212.555,191.02,1.687,6598.061,1.436,78282.23455035602,2930.320449643972,218.68755975155239,-27.667559751552375,3.1182481038679866,-1.4312481038679865,6582.37227170884,15.68872829115935,2.846442164777151,-1.4104421647771512
11.171,79879.531,228.78,1.396,6595.821,2.052,78281.31876325778,1598.212236742227,218.7354376210915,10.044562378908495,3.1307637823573486,-1.7347637823573487,6580.4433951306155,15.377604869384413,2.850613442161502,-0.7986134421615021
11.165,79641.418,250.662,1.989,6347.814,3.229,78280.41184787653,1361.0061521234747,218.78436080006023,31.87763919993978,3.14338742740256,-1.15438742740256,6578.512877960897,-230.69887796089643,2.8548279014445246,0.3741720985554755
11.158,80071.314,155.985,1.516,6723.315,2.168,78279.36557140958,1791.9484285904182,218.84277274656577,-62.85777274656576,3.1582520722544247,-1.6422520722544247,6576.258651515653,147.05634848434693,2.8597997447064842,-0.6917997447064841
11.152,79114.627,254.143,1.284,6392.585,4.029,78278.4793677373,836.1476322626986,218.89399609466957,35.249003905330426,3.171111183367946,-1.887111183367946,6574.324881157582,-181.7398811575822,2.864108783626177,1.1648912163738228
11.146,79121.346,210.632,1.9,6569.575,1.62,78277.60341406174,843.7425859382638,218.9462973210271,-8.314297321027084,3.1840796672208658,-1.2840796672208659,6572.389748956604,-2.8147489566044896,2.868461941273054,-1.248461941273054
11.14,79180.72,212.684,1.794,6499.132,2.332,78276.73814851989,903.9818514801154,218.99968666461325,-6.315686664613253,3.1971579543786635,-1.4031579543786634,6570.453343399214,-71.32134339921413,2.872859509912421,-0.5408595099124209
11.134,78818.156,205.643,1.381,6616.919,2.051,78275.88401048747,542.2719895125338,219.05417433952718,-13.411174339527179,3.210346468708897,-1.829346468708897,6568.51575317248,48.40324682751998,2.8773017799841494,-0.8263017799841492
11.127,79021.531,309.355,2.369,6317.465,3.497,78274.90216782034,746.6288321796601,219.11914505208125,90.23585494791877,3.2258729396503947,-0.8568729396503945,6566.2538525301925,-248.78885253019234,2.882541310893686,0.6144586891063137
11.121,77918.969,203.465,1.541,6471.488,1.659,78274.07365205421,-355.10465205421497,219.176047356156,-15.711047356156001,3.239301700917322,-1.6983017009173222,6564.314000647397,-92.82600064739654,2.887081421348424,-1.228081421348424
11.115,77974.982,187.696,1.748,6538.062,2.299,78273.25766232132,-298.27566232132085,219.23408015319117,-31.538080153191174,3.2528419859552784,-1.5048419859552784,6562.37324612397,-24.311246123969795,2.8916671401927685,-0.5926671401927686
11.109,77308.692,201.582,2.064,6367.667,1.951,78272.45464220145,-963.7626422014582,219.2932535356874,-17.711253535687405,3.2664941893400883,-1.2024941893400882,6560.431678352726,-192.76467835272524,2.8962987495715327,-0.9452987495715326
11.103,79605.613,169.132,1.936,6901.729,2.069,78271.66503604857,1333.947963951432,219.35357756261573,-50.22157756261572,3.280258698285981,-1.344258698285981,6558.489386864387,343.2396131356136,2.90097652947236,-0.8319765294723602
11.097,78629.585,213.54,1.648,6523.977,1.999,78270.88928889812,358.69571110188554,219.415062257721,-5.875062257720998,3.294135892517555,-1.6461358925175549,6556.546461315307,-32.56946131530731,2.905700757661,-0.906700757661
11.091,76539.066,268.234,1.869,6260.486,1.973,78270.1278463734,-1731.061846373399,219.4777176078196,48.75628239218037,3.30812614414198,-1.4391261441419798,6554.602991475131,-294.1169914751308,2.9104717096164547,-0.9374717096164547
11.085,78474.135,199.913,1.081,6566.165,1.294,78269.38115459104,204.75384540895175,219.54155356109067,-19.628553561090655,3.3222298175214307,-2.2412298175214307,6552.65906721442,13.505932785579716,2.9152896584660057,-1.6212896584660057
11.079,79310.941,211.165,1.723,6699.357,3.312,78268.649660066,1042.2913399340032,219.60658002536331,-8.441580025363322,3.33644726914586,-1.61344726914586,6550.714778492252,148.64222150774822,2.9201548749201574,0.3918451250798425
11.073,77598.74,221.653,1.899,6413.44,3.019,78267.9338096151,-669.1938096150989,219.67280686639654,1.98019313360345,3.3507788475060307,-1.4517788475060307,6548.770215343744,-135.33021534374438,2.9250676272074565,0.09393237279254363
11.067,79536.721,202.737,1.706,6566.55,3.053,78267.23405026057,1269.4869497394393,219.74024390615628,-17.003243906156285,3.3652248929669737,-1.6592248929669737,6546.825467867569,19.724532132430795,2.930028181009282,0.12297181899071807
11.061,78971.913,178.798,1.687,6672.244,2.121,78266.55082913225,705.3621708677529,219.80890092108683,-41.01090092108683,3.3797857376418152,-1.6927857376418152,6544.880626213422,127.36337378657754,2.9350367993945534,-0.8140367993945534
11.055,80443.316,231.428,2.298,6563.404,2.972,78265.88459336938,2177.431406630625,219.87878764037882,11.54921235962118,3.3944617052660453,-1.0964617052660453,6542.935780569462,20.46821943053874,2.9400937427544105,0.03190625724558949
11.05,80154.706,242.073,2.246,6573.781,2.769,78265.34269436149,1889.3633056385152,219.9379729159199,22.13502708408012,3.4067798471113626,-1.1607798471113626,6541.31513790286,32.46586209713951,2.944344963096384,-0.17534496309638392
11.044,79642.523,210.957,3.916,6831.921,2.266,78264.70875938906,1377.81424061094,220.01013919829364,-9.05313919829365,3.4216676859845805,0.49433231401541944,6539.370519260033,292.5504807399675,2.9494911693879198,-0.6834911693879198
11.038,80882.654,184.339,2.186,6750.401,2.269,78264.09307585875,2618.560924141246,220.0835624792516,-35.74456247925161,3.4366715184687173,-1.2506715184687174,6537.426152259036,212.97484774096392,2.954686423315373,-0.685686423315373
11.032,80766.324,196.346,2.454,6560.455,2.499,78263.49609002305,2502.8279099769425,220.15825229073434,-23.812252290734335,3.451791635029263,-0.9977916350292628,6535.48212711853,24.97287288146981,2.9599309743997226,-0.4609309743997225
11.026,80133.092,227.442,2.719,6443.98,2.744,78262.91824765927,1870.1737523407355,220.23421810900928,7.207781890990731,3.4670283171537277,-0.7480283171537279,6533.538534034494,-89.55853403449419,2.965225069168417,-0.22122506916841678
11.02,79801.2,197.597,2.2,6743.187,2.628,78262.3599939676,1538.840006032391,220.31146935292253,-22.71446935292252,3.4823818372292066,-1.2823818372292064,6531.595463167518,211.59153683248223,2.9705689510901543,-0.3425689510901542
11.014,79863.068,200.719,3.654,6644.744,2.418,78261.82177346878,1601.2462265312206,220.39001538214842,-19.671015382148425,3.4978524584206356,0.15614754157936428,6529.653004630076,115.0909953699238,2.9759628605097324,-0.5579628605097322
11.008,79040.252,312.872,1.98,6419.817,2.849,78261.30402990073,778.947970099267,220.46986549543732,92.4021345045627,3.513440434549776,-1.5334404345497759,6527.7112484737545,-107.89424847375449,2.981407034582996,-0.13240703458299574
11.002,79826.482,180.995,1.445,6737.383,3.071,78260.80720611525,1565.6747938847548,220.5510289288642,-39.55602892886421,3.52914600997497,-2.08414600997497,6525.7702846765,211.6127153235002,2.986901707211886,0.0840982927881142
10.996,80721.584,239.638,1.965,6501.854,1.874,78260.33174397395,2461.252256026055,220.6335148540755,19.00448514592452,3.544969419471726,-1.5799694194717258,6523.830203129839,-21.976203129838723,2.9924471089796296,-1.1184471089796295
10.99,80371.604,207.686,2.048,6511.008,1.98,78259.87808424377,2111.7259157562366,220.7173323765365,-13.031332376536483,3.5609108881141056,-1.5129108881141056,6521.891093626086,-10.88309362608652,2.9980434670860565,-1.0180434670860565
10.984,80017.16,182.64,4.465,6690.582,3.125,78259.44666649222,1757.7133335077815,220.80249053377946,-38.162490533779476,3.576970631157048,0.8880293688429517,6519.953045845555,170.62895415444564,3.0036910052830894,0.12130899471691059
10.978,79998.985,186.947,2.402,6583.123,3.206,78259.03792898217,1739.9470710178284,220.8889982936524,-33.941998293652404,3.593148853919592,-1.191148853919592,6518.016149343752,65.10685065624784,3.009389943810419,0.19661005618958116
10.972,79399.38,207.617,1.99,6645.519,1.977,78258.65230856629,1140.7276914337126,220.97686455256877,-13.35986455256878,3.6094457516690683,-1.6194457516690683,6516.080493538579,129.43850646142164,3.0151404993313635,-1.0381404993313634
10.966,81099.65,235.238,2.111,6453.879,2.693,78258.29024058115,2841.359759418847,221.0660981337598,14.171901866240205,3.6258615095063043,-1.514861509506304,6514.1461676975305,-60.26716769753057,3.0209428848689575,-0.3279428848689574
10.96,80270.47,203.693,1.978,6593.677,3.435,78257.9521587411,2012.5178412589012,221.15670778552783,-17.463707785527816,3.6423963022518575,-1.6643963022518575,6512.213260924891,81.4637390751086,3.026797309742274,0.40820269025772626
10.954,80766.441,226.218,3.324,6475.324,2.165,78257.63849503212,2508.8025049678836,221.24870217950368,4.969297820496308,3.659050294333369,-0.3350502943333691,6510.281862148942,-34.957862148942695,3.032703979502997,-0.867703979502997
10.948,81028.491,274.741,2.061,6522.614,2.257,78257.34967960465,2771.1413203953416,221.34208990890485,53.39891009109513,3.6758236396739745,-1.6148236396739746,6508.352060109175,14.261939890824578,3.0386630958722627,-0.7816630958722626
10.943,81526.401,214.518,2.661,6709.613,1.271,78257.12829040026,3269.2727095997398,221.42098351439702,-6.902983514397022,3.6898927037977405,-1.0288927037977404,6506.745175353827,202.86782464617318,3.0436692324029306,-1.7726692324029307
10.937,80144.986,251.776,3.569,6561.216,1.846,78256.88614083373,1888.0998591662792,221.51694774338623,30.259052256613785,3.7068852279164886,-0.1378852279164886,6504.818530462142,56.39746953785834,3.049725011838284,-1.203725011838284
10.931,81258.916,139.663,2.238,6813.904,1.669,78256.6700474078,3002.2459525922022,221.61432921424597,-81.95132921424596,3.7239974834037564,-1.4859974834037564,6502.893732598217,311.0102674017835,3.055833788074681,-1.3868337880746808
10.925,81033.385,150.908,3.016,6974.214,3.389,78256.48043224748,2776.9045677525137,221.71313620355642,-70.80513620355643,3.741229582903541,-0.7252295829035411,6500.970869659581,473.24313034041916,3.061995747569937,0.3270042524300627
10.919,79353.804,175.728,2.597,6661.247,2.475,78256.3177151253,1097.4862848746998,221.81337690112935,-46.08537690112934,3.7585816280333173,-1.1615816280333173,6499.050029293352,162.19697070664824,3.0682110726505334,-0.5932110726505333
10.913,80522.025,230.127,2.62,6541.028,3.779,78256.1823133539,2265.842686646094,221.91505940829364,8.211940591706366,3.7760537092797763,-1.1560537092797762,6497.131298883534,43.89670111646592,3.0744799414504085,0.7045200585495914
10.907,79633.935,211.027,1.576,6418.584,3.66,78256.07464167872,1377.8603583212825,222.01819173618725,-10.991191736187261,3.7936459058960414,-2.2176459058960414,6495.2147655383405,-76.63076553834071,3.08080252785018,0.5791974721498203
10.901,81960.315,197.469,1.833,6586.787,4.251,78255.99511217084,3704.3198878291587,222.1227818040552,-24.6537818040552,3.8113582858002593,-1.9783582858002593,6493.30051607755,93.48648392245013,3.0871790014167724,1.163820998583228
10.895,78766.333,223.381,2.796,6374.033,3.238,78255.94413411978,510.38886588021705,222.22883743755543,1.1521625624445733,3.829190905475689,-1.0331909054756894,6491.3886370199,-117.3556370198994,3.093609527343495,0.14439047265650506
10.889,79410.246,254.844,2.375,6405.31,4.329,78255.9221139263,1154.3238860737038,222.33636636707058,32.50763363292941,3.8471438098722865,-1.4721438098722865,6489.479214570481,-84.16921457048102,3.1000942663905646,1.2289057336094351
10.883,80071.249,222.968,3.003,6574.894,2.642,78255.92945499554,1815.3195450044586,222.445376226029,0.5226237739709916,3.8652170323098423,-0.8622170323098421,6487.572334608206,87.32166539179434,3.106633374826127,-0.4646333748261271
10.877,79412.817,233.576,2.193,6617.121,1.956,78255.96655763008,1156.8504423699196,222.5558745492334,11.020125450766585,3.8834105943827026,-1.6904105943827026,6485.668082673285,131.45291732671467,3.113227004367752,-1.1572270043677522
10.871,79469.23,159.682,2.122,6667.773,2.32,78256.03381892345,1213.1961810765497,222.6678687711981,-62.98586877119811,3.9017245058661345,-1.7797245058661346,6483.766543954753,184.00645604524743,3.1198753021244716,-0.7998753021244718
10.865,78659.367,218.479,1.741,6529.559,2.229,78256.13163265362,403.2353673463804,222.78136622449625,-4.3023662244962395,3.9201587646243095,-2.1791587646243094,6481.867803278039,47.691196721961205,3.1265784105393326,-0.8975784105393325
10.859,78415.422,224.56,1.713,6417.949,2.515,78256.2603891769,159.1616108231101,222.89637413811576,1.6636258618842419,3.9387133565200303,-2.22571335652003,6479.971945092573,-62.022945092573536,3.133336467332512,-0.618336467332512
10.854,79218.355,151.068,1.493,6619.964,1.837,78256.39160232173,961.9633976782643,222.993373032637,-71.925373032637,3.9542674190237426,-2.4612674190237422,6478.394325832274,141.56967416772568,3.1390102518378136,-1.3020102518378136
10.848,78736.109,226.951,1.914,6373.927,2.246,78256.57808936125,479.5309106387431,223.11116854849308,3.8398314515069103,3.973042544771678,-2.0590425447716783,6476.503970250775,-102.57697025077505,3.1458693891154463,-0.8998693891154463
10.842,79323.175,171.594,1.69,6564.611,2.882,78256.79660569686,1066.378394303145,223.23049443003111,-51.63649443003112,3.991937897660095,-2.3019378976600953,6474.616734284267,89.99426571573258,3.1527838388405467,-0.2707838388405466
10.836,78850.284,204.527,1.586,6505.125,1.699,78257.04752759071,593.2364724092913,223.35135749412663,-18.824357494126644,4.010953416741927,-2.4249534167419267,6472.732700826986,32.39229917301418,3.159753720112629,-1.4607537201126288
10.83,77847.474,246.389,1.776,6338.056,2.079,78257.3312273748,-409.85722737479955,223.47376444627764,22.91523555372237,4.0300890286575335,-2.2540890286575337,6470.851952337993,-132.79595233799319,3.166779147041865,-1.0877791470418647
10.824,79346.032,207.668,1.975,6461.177,2.563,78257.64807334723,1088.3839266527793,223.5977218790273,-15.929721879027284,4.049344647555078,-2.0743446475550775,6468.974570829114,-7.797570829114193,3.1738602286958324,-0.6108602286958322
10.818,78906.398,201.624,1.884,6660.495,2.167,78257.99842966844,648.3995703315595,223.72323627039896,-22.09923627039896,4.068720175012856,-2.1847201750128558,6467.100637852913,193.39436214708712,3.1809970690469447,-1.0139970690469449
10.812,78170.236,205.231,2.166,6386.352,2.265,78258.38265625841,-88.14665625841008,223.85031398234443,-18.619313982344437,4.08821549996361,-1.92221549996361,6465.2302344907475,-78.87823449074767,3.188189766920584,-0.9231897669205837
10.806,77775.43,191.376,1.768,6349.59,2.275,78258.80110869407,-483.3711086940748,223.97896125920659,-32.60296125920658,4.107830498620882,-2.3398304986208824,6463.363441340884,-113.77344134088344,3.195438415943975,-0.9204384159439751
10.8,77758.451,211.567,2.224,6468.551,1.917,78259.25413810754,-500.8031381075416,224.10918422619562,-12.542184226195616,4.127565034407405,-1.9035650344074044,6461.500338506685,7.0506614933156015,3.202743104495783,-1.285743104495783
10.794,78305.128,206.562,2.576,6387.928,1.75,78259.7420910848,45.385908915195614,224.24098888788063,-17.67898888788062,4.147418957885616,-1.5714189578856161,6459.641005584852,-71.713005584852,3.2101039156565,-1.4601039156565
10.788,79327.438,191.788,1.595,6702.213,1.977,78260.26530956523,1067.1726904347597,224.37438112669597,-32.586381126695954,4.167392106690257,-2.5723921066902573,6457.785521653785,244.42747834621514,3.217520927159584,-1.240520927159584
10.782,80214.311,204.218,2.007,6525.366,2.089,78260.82413074156,1953.4868692584423,224.50936670146328,-20.29136670146329,4.187484305463171,-2.1804843054631706,6455.933965261975,69.43203473802532,3.2249942113434233,-1.1359942113434234
10.776,79611.507,196.537,1.956,6442.665,2.784,78261.41888696073,1350.0881130392663,224.64595124592998,-28.108951245929973,4.20769536579027,-2.2516953657902703,6454.086414416492,-11.421414416491643,3.2325238351041063,-0.44852383510410654
10.77,78358.636,166.758,1.815,6270.931,1.977,78262.04990562549,96.5860943745065,224.784140267324,-58.026140267323996,4.228025086140754,-2.413025086140754,6452.242946571572,-181.31194657157266,3.2401098598490368,-1.2631098598490367
10.764,77754.597,175.79,2.218,6382.241,1.512,78262.71750909656,-508.1205090965668,224.92393914492584,-49.13393914492585,4.248473251808544,-2.0304732518085444,6450.403638617261,-68.16263861726111,3.2477523414514,-1.7357523414513998
10.758,79079.572,171.3,1.352,6445.815,1.472,78263.42201459604,816.1499854039575,225.0653531286576,-53.76535312865758,4.269039634856064,-2.9170396348560637,6448.568566868177,-2.753566868177586,3.2554513302055077,-1.7834513302055077
10.752,78537.965,198.183,2.018,6471.47,2.994,78264.16373411113,273.80126588886196,225.20838733769077,-27.025387337690773,4.289723994060276,-2.2717239940602765,6446.737807052323,24.732192947677504,3.2632068707830264,-0.2692068707830262
10.747,79115.754,225.035,2.163,6258.093,2.133,78264.81048248056,850.9435175194376,225.32882378590102,-0.29382378590102576,4.307050897488606,-2.1440508974886066,6445.215521931372,-187.12252193137192,3.2697130488861523,-1.1367130488861523
10.741,79186.871,212.437,1.842,6269.465,2.443,78265.62122023765,921.249779762351,225.4748412641947,-13.037841264194697,4.327950875508351,-2.4859508755083506,6443.392862017828,-173.92786201782747,3.277572364997913,-0.8345723649979129
10.735,80174.887,176.364,1.286,6356.041,2.332,78266.47002671756,1908.4169732824375,225.62249275011072,-49.25849275011072,4.348968073630498,-3.0629680736304983,6441.574725318136,-85.53372531813602,3.285488328597534,-0.9534883285975342
10.729,78001.142,191.906,1.789,6346.57,1.815,78267.35719296755,-266.2151929675456,225.7717828490443,-33.86578284904431,4.370102199247613,-2.5811021992476135,6439.761185209935,-93.19118520993561,3.29346096241441,-1.47846096241441
10.723,79810.425,219.012,1.854,6318.324,3.097,78268.28300434886,1542.1419956511381,225.9227160291757,-6.910716029175688,4.391352946239811,-2.5373529462398112,6437.95231443165,-119.62831443165032,3.3014902833569044,-0.20449028335690445
10.717,78322.358,221.275,3.441,6170.477,1.799,78269.24774044621,53.11025955378136,226.0752966201911,-4.800296620191091,4.412719994934976,-0.9717199949349764,6436.148185071899,-265.67118507189934,3.3095763024741465,-1.5105763024741465
10.711,77844.099,178.732,1.821,6360.932,1.475,78270.25167497863,-426.15267497862806,226.22952881202474,-47.49752881202474,4.434203012071436,-2.6132030120714367,6434.348868559011,-73.41686855901116,3.3177190249188246,-1.8427190249188246
10.705,76853.704,174.787,2.263,6315.836,2.565,78271.29507571089,-1417.591075710894,226.38541665362152,-51.59841665362151,4.455801650763227,-2.1928016507632275,6432.55443565066,-116.71843565065956,3.3259184499110153,-0.7609184499110153
10.699,77271.798,177.016,1.314,6326.535,1.867,78272.37820436628,-1000.5802043662843,226.5429640517225,-49.5269640517225,4.477515550467906,-3.1635155504679062,6430.764956423594,-104.22995642359456,3.334174570703056,-1.467174570703056
10.693,76967.878,195.396,2.051,6166.536,1.686,78273.50131654076,-1305.6233165407612,226.70217476967187,-31.306174769671884,4.49934433695695,-2.44834433695695,6428.98050026349,-262.4445002634902,3.342487374545474,-1.656487374545474
10.687,77999.08,242.922,1.964,6244.228,2.174,78274.66466161786,-275.58466161786055,226.86305242624672,16.058947573753272,4.5212876222887814,-2.5572876222887815,6427.201135854928,-182.97313585492793,3.350856842653992,-1.1768568426539923
10.681,79137.629,218.263,1.775,6185.738,2.236,78275.86848268515,861.7605173148477,227.02560049451031,-8.762600494510309,4.543345004784415,-2.768345004784415,6425.426931171467,-239.68893117146672,3.3592829501776276,-1.1232829501776274
10.674,79463.382,150.834,1.796,6517.005,2.694,78277.32441318755,1186.0575868124433,227.21735555157778,-76.38335555157778,4.5692222688298685,-2.773222268829868,6423.363636708374,93.64136329162648,3.369184953253784,-0.6751849532537841
10.668,77249.182,198.549,2.728,6285.939,2.008,78278.61673565458,-1029.4347356545768,227.38353405854315,-28.83453405854314,4.591525418281378,-1.863525418281378,6421.600841168552,-135.6618411685513,3.377733665163774,-1.369733665163774
10.662,77159.195,223.939,2.528,6244.711,1.763,78279.95026142345,-1120.7552614234446,227.5513930013023,-3.6123930013023084,4.613941302054732,-2.085941302054732,6419.843415802231,-175.13241580223075,3.3863388974276996,-1.6233388974276997
10.656,77674.032,199.969,2.312,6312.397,2.704,78281.32520647513,-607.2932064751221,227.72093523395452,-27.751935233954526,4.636469461028989,-2.3244694610289893,6418.091425516424,-105.69442551642442,3.3950005995979775,-0.6910005995979773
10.65,79347.763,246.472,2.514,6293.706,2.156,78282.74178008232,1065.0212199176895,227.8921634593404,18.579836540659613,4.6591094222628495,-2.1451094222628497,6416.3449344578885,-122.63893445788835,3.403718715013433,-1.2477187150134328
10.644,73887.582,142.558,2.33,6284.693,1.26,78284.20018473394,-4396.618184733947,228.06508022804587,-85.50708022804588,4.681860698987068,-2.3518606989870676,6414.6040060039995,-129.91100600399932,3.412493180774463,-2.1524931807744627
10.638,78295.195,234.928,2.249,6137.385,2.798,78285.70061606074,9.49438393926539,228.23968793743137,6.688312062568627,4.704722790599604,-2.4557227905996037,6412.868702753743,-275.48370275374236,3.4213239277193805,-0.6233239277193805
10.632,77604.92,212.484,2.007,6268.511,1.715,78287.2432627625,-682.3232627624966,228.41598883068752,-15.931988830687516,4.727695182663586,-2.720695182663586,6411.139086518862,-142.6280865188619,3.4302108804019715,-1.7152108804019714
10.626,77975.683,184.568,2.556,6542.601,2.675,78288.82830653677,-313.14530653676775,228.5939849959179,-44.025984995917895,4.750777346908084,-2.194777346908084,6409.4152183151355,133.1857816848642,3.4391539570702756,-0.7641539570702758
10.62,77374.725,200.387,2.771,6342.081,2.916,78290.45592200868,-915.7309220086754,228.77367836524746,-28.386678365247462,4.773968741231684,-2.002968741231684,6407.697158353788,-65.6161583537878,3.44815306964659,-0.5321530696465899
10.614,78487.139,209.188,2.003,6480.587,2.112,78292.1262766628,195.01272333718953,228.95507071395946,-19.76707071395947,4.797268809708943,-2.794268809708943,6405.984966033068,74.60203396693214,3.4572081237087326,-1.3452081237087326
10.608,79006.201,192.181,2.697,6383.674,3.096,78293.83953077611,712.3614692238916,229.1381636596592,-36.95716365965919,4.820676982599673,-2.1236769825996733,6404.2786999299315,-20.604699929931485,3.466319018472558,-0.370319018472558
10.602,77305.803,229.637,1.986,6286.152,2.818,78295.59583735256,-989.7928373525647,229.3229586614656,0.31404133853439475,4.844192676361073,-2.8581926763610737,6402.578417791918,-116.42641779191763,3.4754856467757302,-0.6574856467757302
10.596,75836.564,175.865,1.714,6224.246,2.609,78297.39534205943,-2460.831342059435,229.50945701923143,-53.644457019231425,4.867815293662753,-3.153815293662753,6400.884176529128,-176.63817652912803,3.484707895062794,-0.8757078950627939
10.59,76069.036,211.847,2.865,6143.869,3.777,78299.23818316503,-2230.2021831650345,229.6976598727921,-17.85065987279208,4.891544223404649,-2.026544223404649,6399.196032206399,-255.32703220639905,3.493985643371528,0.2830143566284722
10.584,75159.435,192.371,1.356,5934.929,2.337,78301.12449147805,-3141.689491478057,229.88756820124226,-37.51656820124225,4.915378840737812,-3.5593788407378124,6397.51404003559,-462.5850400355903,3.503318765320602,-1.166318765320602
10.578,72730.229,184.265,2.058,6150.548,2.1,78303.05439028877,-5572.825390288766,230.07918282224335,-45.81418282224337,4.939318507088112,-2.881318507088112,6395.83825436805,-245.29025436805023,3.512707128098543,-1.412707128098543
10.572,74157.457,180.891,1.175,6105.672,2.06,78305.02799531151,-4147.570995311515,230.2725043913584,-49.38150439135842,4.96336257018283,-3.78836257018283,6394.168728687222,-288.49672868722246,3.522150592454022,-1.4621505924540221
10.566,73980.419,194.896,1.932,5969.94,2.241,78307.04541462907,-4326.626414629078,230.4675334014185,-35.57153340141852,4.987510364080176,-3.055510364080176,6392.505515601424,-422.5655156014245,3.531649012687475,-1.2906490126874748
10.56,72358.334,166.641,2.266,5827.117,2.241,78309.10674863867,-5950.772748638672,230.66427018191771,-64.02327018191772,5.011761209201753,-2.7457612092017527,6390.84866683677,-563.7316668367694,3.5412022366440645,-1.3002022366440644
10.554,72683.726,161.769,1.558,6034.409,1.806,78311.2120899999,-5627.486089999904,230.86271489843918,-69.09371489843917,5.036114412367859,-3.4781144123678596,6389.198233230261,-354.78923323026174,3.550810105707976,-1.744810105707976
10.548,73534.967,181.949,1.85,6014.166,1.792,78313.36152358382,-4778.394523583818,231.06286755211124,-49.11386755211123,5.060569266835813,-3.210569266835813,6387.554264723048,-373.38826472304754,3.5604724547980897,-1.7684724547980897
10.542,74656.388,267.42,2.426,5895.028,2.614,78315.5551264245,-3659.167126424494,231.26472797909446,36.15527202090556,5.08512505234113,-2.65912505234113,6385.916810353834,-490.88881035383383,3.5701891123649947,-0.9561891123649948
10.536,75254.645,223.74,1.986,6034.635,1.27,78317.79296767162,-3063.1479676716117,231.4682958500992,-7.728295850099187,5.109781035141675,-3.1237810351416755,6384.285918252464,-349.6509182524642,3.5799599003893925,-2.3099599003893925
10.53,74536.811,168.445,1.401,6142.042,1.877,78320.0751085454,-3783.2641085453943,231.67357066993515,-63.22857066993515,5.134536468064702,-3.7335364680647025,6382.66163563367,-240.61963563366953,3.5897846343818616,-1.7127846343818616
10.525,74986.797,140.425,1.767,6429.391,1.578,78322.01077125531,-3335.2137712553085,231.84593646680577,-91.42093646680576,5.155241416043445,-3.3882414160434453,6381.31314912131,48.07785087868979,3.598012983861889,-2.020012983861889
10.519,75266.432,217.034,3.237,6155.942,1.127,78324.37426062502,-3057.9422606250155,232.05433885448076,-15.02033885448077,5.180177189247987,-1.9431771892479865,6379.701103453155,-223.75910345315515,3.6079361181691465,-2.4809361181691463
10.513,75805.288,217.989,2.656,6274.978,4.385,78326.78217964344,-2521.494179643443,232.26444588346965,-14.275445883469644,5.205210223098966,-2.549210223098966,6378.095796020542,-103.1177960205423,3.6179126406037794,0.7670873593962204
10.507,75494.214,171.897,2.102,6180.112,1.685,78329.23455874692,-2835.02055874691,232.47625641901936,-60.57925641901937,5.230339719428248,-3.1283397194282485,6376.497270475404,-196.38527047540356,3.6279423418971097,-1.9429423418971097
10.501,76774.904,176.047,1.917,6073.026,2.231,78331.73142024873,-1556.8274202487373,232.68976915874237,-56.64276915874237,5.255564866905716,-3.338564866905716,6374.905569526736,-301.8795695267363,3.638025006328834,-1.4070250063288343
10.495,75770.571,200.507,2.052,6240.031,3.482,78334.27277830432,-2563.7017783043266,232.9049826323516,-32.397982632351585,5.280884841103326,-3.228884841103326,6373.320734935343,-133.2897349353434,3.6481604117349304,-0.16616041173493024
10.489,75575.358,185.471,1.639,6152.013,2.478,78336.85863887865,-2761.500638878657,233.12189520142817,-47.65089520142817,5.306298804562084,-3.6672988045620833,6371.742807508774,-219.72980750877377,3.6583483295169943,-1.180348329516994
10.483,76375.132,224.005,2.786,6050.981,2.492,78339.48899971487,-1964.3569997148734,233.34050505922104,-9.335505059221049,5.331805906861886,-2.545805906861886,6370.171827096396,-319.1908270963959,3.6685885246529724,-1.1765885246529724
10.477,77548.408,186.049,1.449,6458.175,1.509,78342.16385030551,-793.7558503055188,233.56081023047938,-47.51181023047937,5.357405284694232,-3.908405284694232,6368.607832584686,89.56716741531454,3.678880755709306,-2.1698807557093063
10.471,75059.605,224.765,2.133,6086.294,2.291,78344.88317186515,-3285.278171865153,233.78280857131884,-9.017808571318852,5.383096061937829,-3.250096061937829,6367.0508618926915,-280.75686189269163,3.689224774854525,-1.398224774854525
10.465,75328.966,208.149,2.183,6103.08,5.002,78347.64693730508,-3018.6809373050783,234.00649776911905,-25.85749776911905,5.4088773497370335,-3.2258773497370337,6365.5009519676405,-262.4209519676406,3.6996203278742197,1.30237967212578
10.459,76577.293,174.014,2.386,6265.222,3.173,78350.45511120986,-1773.162111209851,234.2318753424563,-60.217875342456296,5.434748246583132,-3.0487482465831315,6363.958138780781,-98.7361387807814,3.7100671541874766,-0.5370671541874765
10.453,75426.511,216.64,2.623,6144.27,2.123,78353.30764981576,-2926.796649815762,234.45893864106716,-17.818938641067177,5.460707838398464,-2.8377078383984635,6362.422457323351,-218.15245732335097,3.7205649868646953,-1.597564986864695
10.446,77541.561,237.282,2.094,6108.041,2.434,78356.69161356054,-815.130613560541,234.72597262185764,2.5560273781423746,5.491104892618231,-3.397104892618231,6360.639887984547,-252.59888798454722,3.732876559791039,-1.2988765597910388
10.44,77289.197,221.562,2.092,6128.689,2.131,78359.64008565732,-1070.4430856573163,234.95667842892695,-13.394678428926937,5.517253461724901,-3.425253461724901,6359.119773954321,-230.430773954321,3.74348396041132,-1.6124839604113204
10.434,76629.817,169.457,2.166,6292.326,2.725,78362.63272858388,-1732.8157285838824,235.18906045508217,-65.73206045508218,5.543487749306209,-3.377487749306209,6357.606895951527,-65.28089595152687,3.7541414804624544,-1.0291414804624543
10.428,74525.164,154.33,1.575,6171.846,2.109,78365.66946360288,-3840.50546360288,235.42311534692038,-81.09311534692037,5.569806789881176,-3.994806789881176,6356.10128484499,-184.25528484499046,3.7648488267854816,-1.6558488267854816
10.422,77004.262,219.226,1.981,6242.553,4.299,78368.75020354794,-1364.4882035479386,235.65883958254835,-16.432839582548354,5.596209605878927,-3.6152096058789267,6354.6029705057435,-112.04997050574366,3.775605699987577,0.5233943000124235
10.416,75427.882,178.817,2.175,6118.728,2.137,78371.87485281407,-2943.9928528140736,235.89622947175263,-57.079229471752626,5.622695207739791,-3.447695207739791,6353.111981804145,-234.38398180414515,3.7864117944686266,-1.6494117944686266
10.41,74031.714,170.557,2.015,6212.754,2.68,78375.04330734993,-4343.329307349923,236.13528115620443,-65.57828115620444,5.649262594019233,-3.634262594019233,6351.628346607201,-138.874346607201,3.797266798449245,-1.1172667984492448
10.404,75539.941,146.428,2.07,6486.913,2.456,78378.25545465198,-2838.314454651976,236.3759906096965,-89.94799060969649,5.675910751494375,-3.6059107514943753,6350.152091776052,136.7609082239478,3.808170394000189,-1.352170394000189
10.398,74324.307,181.25,1.647,6151.602,1.914,78381.51117376055,-4057.204173760547,236.6183536384146,-55.36835363841459,5.7026386552732,-4.055638655273199,6348.683243163644,-197.0812431636441,3.819122257073177,-1.9051222570731772
10.391,74649.804,215.714,2.469,6010.848,2.615,78385.36440951562,-3735.560409515616,236.90319461313555,-21.189194613135555,5.73392061677964,-3.2649206167796403,6346.978980173159,-336.1309801731586,3.8319599946714664,-1.2169599946714662
10.385,74187.373,221.593,1.534,6139.057,2.207,78388.71407894627,-4201.341078946265,237.14912520439557,-15.556125204395585,5.760817733359872,-4.226817733359872,6345.526262241451,-206.46926224145136,3.8430152967550932,-1.6360152967550934
10.379,73316.272,181.999,1.457,6014.033,1.9,78392.10688134722,-5075.834881347226,237.39669498839504,-55.397694988395045,5.787791275054965,-4.330791275054965,6344.081025721796,-330.04802572179597,3.854117800213921,-1.954117800213921
10.373,73243.778,141.451,1.952,6136.253,2.082,78395.54266052559,-5151.764660525587,237.64589907661468,-96.19489907661469,5.8148401695845,-3.8628401695844996,6342.643292245478,-206.39029224547812,3.8652671558663485,-1.7832671558663487
10.367,73973.303,143.539,1.34,6105.005,1.613,78399.02125184302,-4425.71825184302,237.8967324148612,-94.3577324148612,5.841963333604339,-4.501963333604339,6341.213082426564,-236.20808242656403,3.8764630085931904,-2.2634630085931904
10.361,74235.563,176.247,1.863,6047.309,1.884,78402.54248222342,-4166.979482223425,238.14918978374402,-61.90218978374401,5.869159672831617,-4.0061596728316164,6339.790415860725,-292.48141586072506,3.887704997377062,-2.003704997377062
10.355,72841.674,137.559,2.588,6071.452,2.406,78406.10617016294,-5564.432170162938,238.4032657991844,-100.8442657991844,5.896428082172086,-3.308428082172086,6338.375311124241,-266.9233111242411,3.8989927553430905,-1.4929927553430904
10.348,72769.604,134.667,2.328,6099.746,1.24,78410.31721388908,-5640.713213889074,238.70172619558696,-104.03472619558696,5.928330825868329,-3.6003308258683293,6336.733936275374,-236.9879362753736,3.912219155935081,-2.672219155935081
10.342,74709.755,186.564,2.329,6001.652,2.725,78413.97223046646,-3704.2172304664564,238.95929002689434,-52.395290026894344,5.955751545323601,-3.6267515453236006,6335.335274367744,-333.68327436774416,3.9236047942299606,-1.1986047942299605
10.336,72886.091,169.452,1.67,6104.377,1.888,78417.66907438508,-5531.578074385077,239.21845437506437,-69.76645437506437,5.983240765591894,-4.313240765591894,6333.944226381247,-229.56722638124666,3.9350350017800877,-2.047035001780088
10.33,74042.352,152.561,1.916,6048.203,1.84,78421.40752917275,-4379.0555291727505,239.4792131760335,-86.9182131760335,6.01079733795608,-4.094797337956081,6332.560806638163,-284.3578066381624,3.9465093877727995,-2.1065093877727996
10.324,72742.818,141.505,1.444,6046.391,1.504,78425.18737001016,-5682.369370010158,239.7415602042073,-98.23656020420731,6.0384201035838,-4.5944201035838,6331.185028439226,-284.79402843922617,3.958027555769858,-2.454027555769858
10.318,74636.866,224.261,1.475,5876.587,1.511,78429.00836375241,-3792.142363752413,240.0054890731705,-15.744489073170513,6.066107893669234,-4.591107893669234,6329.816904063768,-453.2299040637672,3.9695891037563857,-2.4585891037563856
10.311,74074.975,169.51,1.791,5966.291,1.068,78433.51787990783,-4358.542879907822,240.31539661538778,-70.80539661538779,6.0984909261624205,-4.307490926162421,6328.230447504478,-361.93944750447827,3.9831318598864005,-2.9151318598864004
10.305,74040.268,178.835,2.153,6136.685,1.622,78437.42719893747,-4397.159198937472,240.58273013547242,-61.74773013547241,6.126315546288868,-3.9733155462888683,6326.878943673812,-190.1939436738112,3.994785992456089,-2.3727859924560892
10.299,73916.478,182.03,2.462,6042.155,1.193,78441.37687792876,-4524.898877928761,240.85162422036746,-58.821624220367454,6.154201425506962,-3.6922014255069615,6325.535125817634,-283.3801258176345,4.0064821957566865,-2.8134821957566865
10.293,72215.85,187.891,3.251,5824.089,2.854,78445.36664931732,-6229.5166493173165,241.12207182193094,-53.23107182193095,6.182147355029247,-2.9311473550292475,6324.199001965073,-500.110001965073,4.018220045092768,-1.164220045092768
10.287,71419.206,137.968,2.073,5915.364,2.781,78449.3962373525,-7030.190237352494,241.39406573538008,-103.42606573538009,6.210152116861699,-4.137152116861699,6322.870579127515,-407.5065791275156,4.029999110465594,-1.248999110465594
10.28,74240.524,182.014,1.977,6160.796,4.356,78454.14736800107,-4213.623368001063,241.71333650583173,-59.699336505831724,6.242897058998927,-4.2658970589989265,6321.330493652407,-160.53449365240704,4.043792864939601,0.3122071350603992
10.274,73538.505,184.913,1.529,6059.424,2.729,78458.2622406577,-4919.757240657695,241.9886553045701,-57.07565530457009,6.27102506952983,-4.74202506952983,6320.0187755591905,-260.59477555919057,4.055659731673422,-1.3266597316734217
10.268,73724.299,162.177,1.621,6149.638,2.904,78462.41600312476,-4738.11700312476,242.26549657713272,-80.08849657713273,6.299207996422627,-4.678207996422627,6318.714773984957,-169.07677398495707,4.067566418446576,-1.1635664184465764
10.262,74716.333,159.158,2.512,6250.03,1.673,78466.60834591226,-3750.2753459122614,242.54385247616233,-83.38585247616234,6.327444585010597,-3.815444585010597,6317.418491716171,-67.3884917161713,4.079512473787918,-2.4065124737879175
10.256,71856.627,112.11,1.514,6225.852,1.529,78470.8389515306,-6614.211951530611,242.82371500266692,-130.7137150026669,6.3557335722406805,-4.84173357224068,6316.1299305300045,-90.2779305300046,4.091497441229188,-2.562497441229188
10.25,71088.806,173.689,1.774,5853.579,3.435,78475.10749453197,-7386.301494531974,243.10507600708198,-69.41607600708198,6.384073686837935,-4.610073686837935,6314.849091196515,-461.27009119651484,4.103520859367935,-0.6685208593679346
10.243,72075.375,161.721,2.298,6125.536,2.161,78480.13496482468,-6404.759964824683,243.43521334175796,-81.71421334175795,6.417200065977948,-4.119200065977948,6313.3645378357105,-187.82853783571045,4.117596155614814,-1.9565961556148141
10.237,69555.722,159.424,1.507,5754.706,1.804,78484.48455137156,-8928.762551371561,243.71979238010624,-84.29579238010623,6.4456465572085815,-4.938646557208582,6312.100427040871,-557.394427040871,4.129701277617315,-2.3257012776173145
10.231,67564.448,146.785,1.301,5829.722,1.507,78488.87099271361,-10924.422992713604,244.00584310862172,-97.22084310862172,6.474140097758894,-5.1731400977588935,6310.844033920772,-481.1220339207721,4.141843357392059,-2.634843357392059
10.225,69142.131,203.893,1.756,5717.709,1.761,78493.29393072551,-9351.16293072552,244.2933567624229,-40.40035676242289,6.502679383903367,-4.746679383903367,6309.59535507635,-591.8863550763499,4.1540219136794505,-2.3930219136794504
10.219,68703.914,203.178,1.287,5563.399,1.106,78497.75299956341,-9793.838999563406,244.5823244320008,-41.404324432000806,6.531263104570643,-5.244263104570643,6308.35438611538,-744.95538611538,4.166236460628507,-3.0602364606285075
10.213,68703.455,206.635,1.248,5659.536,1.772,78502.2478257163,-9798.7928257163,244.87273706445546,-38.23773706445547,6.559889941517851,-5.311889941517851,6307.121121655693,-647.585121655693,4.178486507866518,-2.406486507866518
10.206,72146.762,146.751,1.784,5931.751,1.784,78507.53647395235,-6360.774473952348,245.21336579987323,-98.46236579987323,6.5933406437553685,-4.809340643755369,6305.6920422017065,-373.9410422017063,4.192822437674073,-2.408822437674073
10.2,71751.608,254.275,1.9,5862.224,3.016,78512.10745673289,-6760.499456732898,245.50687745336396,8.76812254663605,6.6220563439177145,-4.722056343917714,6304.475447668556,-442.25144766855556,4.2051476988461305,-1.1891476988461305
10.194,72862.916,207.578,1.906,5970.724,1.942,78516.71296407054,-5653.796964070541,245.80180447076663,-38.22380447076662,6.650810940617843,-4.744810940617843,6303.2665341016345,-332.5425341016344,4.217506878439002,-2.2755068784390016
10.188,72274.834,151.736,1.82,6050.91,2.159,78521.352591093,-6246.518591093001,246.09813721563472,-94.36213721563473,6.679603087639116,-4.859603087639115,6302.06529203221,-251.15529203221013,4.22989946801198,-2.07089946801198
10.182,71643.294,166.692,2.605,5926.979,1.612,78526.02592554962,-6882.731925549626,246.3958659149494,-79.7038659149494,6.708431432515887,-4.103431432515887,6300.871711020787,-373.8927110207869,4.242324954978665,-2.630324954978665
10.176,70637.631,193.511,1.206,5834.26,1.689,78530.73254787167,-7893.101547871673,246.69498066051935,-53.18398066051935,6.737294616715924,-5.531294616715924,6299.685779661317,-465.4257796613165,4.254782822682724,-2.565782822682724
10.17,71053.224,181.497,1.887,5834.774,2.091,78535.47203123408,-7482.248031234078,246.99547141040506,-65.49847141040505,6.76619127582392,-4.879191275823921,6298.50748558555,-463.7334855855497,4.267272550474552,-2.176272550474552
10.165,73592.864,189.067,1.609,5832.301,2.349,78539.44638997826,-4946.582389978255,247.24692414678316,-58.17992414678315,6.790296407888417,-5.181296407888417,6297.531398306566,-465.2303983065658,4.277704616202721,-1.9287046162027206
10.159,72059.265,193.738,1.627,5859.972,2.143,78544.24498619404,-6484.979986194041,247.54991105205835,-53.81191105205835,6.819250875188119,-5.192250875188119,6296.3670706194025,-436.39507061940276,4.29025138897196,-2.14725138897196
10.153,72204.333,208.673,2.555,5909.318,2.558,78549.07519526352,-6344.7421952635195,247.85424479593206,-39.18124479593206,6.8482349212230655,-4.293234921223066,6295.210339987263,-385.89233998726286,4.302828525651455,-1.7448285256514549
10.147,71555.184,220.881,2.555,5808.544,2.601,78553.93656314135,-6998.752563141359,248.1599148373932,-27.278914837393188,6.877247160744807,-4.322247160744807,6294.06119039647,-485.51719039647014,4.315435491010081,-1.7144354910100814
10.141,72184.981,147.412,1.314,6069.309,1.657,78558.82862884275,-6373.847628842748,248.46691050890394,-101.05491050890393,6.906286203522945,-5.592286203522945,6292.919604894289,-223.61060489428837,4.3280717462062075,-2.6710717462062075
10.135,70291.877,161.283,1.593,5795.167,2.199,78563.7509245126,-8271.873924512605,248.7752210179607,-87.4922210179607,6.93535065453413,-5.34235065453413,6291.785565594117,-496.61856559411626,4.340736748869254,-2.1417367488692545
10.13,69815.928,169.068,1.085,5812.418,1.998,78567.87558767055,-8751.947587670555,249.03314296036552,-79.96514296036551,6.959589429816252,-5.874589429816252,6290.846283757457,-478.4282837574574,4.351312483947245,-2.353312483947245
10.124,71295.643,199.405,1.955,5907.783,1.965,78572.85206730876,-7277.209067308766,249.34383556603336,-49.93883556603336,6.988696824257607,-5.033696824257607,6289.72602962786,-381.9430296278597,4.364028770262028,-2.399028770262028
10.118,71223.936,186.824,2.586,5778.435,2.997,78577.85741463756,-7353.92141463756,249.6558117657865,-62.83181176578648,7.017825650000602,-4.431825650000603,6288.613265997535,-510.17826599753425,4.37677224888639,-1.3797722488863897
10.112,70878.55,168.594,2.564,5887.931,1.279,78582.8911361283,-7704.341136128292,249.96906030293388,-81.37506030293389,7.046974495412874,-4.482974495412874,6287.507971450815,-399.5769714508151,4.389542364691383,-3.1105423646913835
10.106,74567.968,157.615,1.839,6249.118,2.667,78587.95273173296,-4019.9847317329695,250.28356980366314,-92.66856980366313,7.076141944992391,-5.237141944992391,6286.410123665277,-37.29212366527645,4.402338559423807,-1.7353385594238073
10.1,74468.949,144.923,1.564,6178.137,1.763,78593.04169495986,-4124.092694959865,250.59932877872217,-105.67632877872217,7.105326579560127,-5.541326579560127,6285.3196994177215,-107.18269941772178,4.4151602717919305,-2.6521602717919306
10.094,73078.345,178.182,1.733,5976.262,1.542,78598.15751295048,-5519.812512950477,250.91632562512046,-72.73432562512048,7.13452697645318,-5.40152697645318,6284.236674590289,-307.9746745902894,4.428006937551861,-2.886006937551861
10.089,74826.614,242.76,2.41,5995.675,2.231,78602.44083431286,-3775.8268343128584,251.18142681147432,-8.421426811474333,7.158871652535481,-4.748871652535481,6283.33978822135,-287.66478822135014,4.43873114491346,-2.20773114491346
10.083,74778.913,186.05,2.399,6130.64,1.437,78607.60453321249,-3828.691533212492,251.50066258256348,-65.45066258256347,7.188097241267647,-4.789097241267647,6282.270263414084,-151.63026341408386,4.451622083643484,-3.0146220836434834
10.077,75418.101,222.282,1.327,6004.6,3.585,78612.79359988551,-3194.692599885515,251.82110274730582,-29.539102747305805,7.217334544221926,-5.890334544221926,6281.208064889623,-276.60806488962226,4.464536361805653,-0.8795363618056529
10.071,74207.932,246.95,2.253,6040.362,2.992,78618.00749779584,-4410.075497795842,252.1427352827988,-5.192735282798822,7.2465821271759285,-4.993582127175928,6280.153165159455,-239.79116515945498,4.4774734046501505,-1.4854734046501505
10.065,74938.26,183.264,2.005,6180.088,2.437,78623.245684425,-3684.9856844250025,252.46554806087556,-69.20154806087555,7.275838553361297,-5.270838553361297,6279.105535871681,-99.0175358716815,4.490432634900552,-2.053432634900552
10.059,73478.321,212.911,1.843,5960.296,1.671,78628.5076113544,-5150.186611354409,252.7895288499068,-39.878528849906786,7.305102383658338,-5.462102383658338,6278.065147817819,-317.7691478178185,4.503413472843416,-2.832413472843416
10.053,73238.067,275.946,2.461,5930.888,3.157,78633.79272434796,-5395.725724347969,253.11466531661836,22.83133468338167,7.334372176790689,-4.873372176790689,6277.031970939708,-346.1439709397082,4.516415336418294,-1.3594153364182944
10.047,76190.705,197.174,1.404,6130.46,2.629,78639.10046343599,-2448.3954634359834,253.44094502792427,-56.266945027924265,7.363646489520061,-5.959646489520061,6276.005974336539,-145.54597433653908,4.529437641308243,-1.9004376413082427
10.041,75908.243,270.538,2.203,6008.544,1.608,78644.43026299948,-2736.187262999476,253.7683554527737,16.769644547226306,7.392923876840863,-5.189923876840863,6274.987126271983,-266.4431262719827,4.5424798010307,-2.9344798010306996
10.035,75908.702,305.538,2.79,5928.384,2.851,78649.7815518554,-2741.079551855393,254.09688396401197,51.441116035988045,7.422202892174804,-4.632202892174804,6273.975394181411,-345.5913941814106,4.555541227028785,-1.704541227028785
10.029,75561.664,232.56,1.529,6134.541,2.914,78655.15375334234,-3093.4897533423355,254.4265178402556,-21.866517840255597,7.451482087565321,-5.922482087565321,6272.970744679224,-138.4297446792234,4.568621328762953,-1.654621328762953
10.023,75714.767,177.632,2.074,6161.678,2.11,78660.5462854071,-2945.7792854070867,254.75724426777924,-77.12524426777924,7.4807600138718175,-5.406760013871818,6271.973143566275,-110.29514356627533,4.581719513803003,-2.4717195138030035
10.017,76774.815,170.651,2.691,6194.274,4.102,78665.95856069155,-1891.1435606915475,255.08905034241593,-84.43805034241592,7.510035220963639,-4.819035220963639,6270.98255583739,-76.70855583738921,4.5948351879203875,-0.49283518792038716
10.011,77181.647,216.089,5.209,6040.501,1.592,78671.38998662058,-1489.7429866205784,255.4219230714686,-39.3329230714686,7.539306257913763,-2.3303062579137634,6269.998945688977,-229.49794568897687,4.607967755180831,-3.015967755180831
10.005,75751.833,202.906,3.966,6146.786,2.759,78676.83996548995,-2925.006965489956,255.75584937563235,-52.849849375632346,7.5685716731921,-3.6025716731920996,6269.022276526711,-122.23627652671075,4.621116618037191,-1.862116618037191
9.999,76881.178,203.287,2.919,6069.08,3.488,78682.30789455521,-1801.1298945552116,256.090816090929,-52.80381609092902,7.597830014858453,-4.678830014858454,6268.052510973331,-198.97251097333083,4.634281177422604,-1.1462811774226043
9.993,77309.513,286.457,2.375,6023.558,3.112,78687.79316612078,-1378.2801661207777,256.4268099706499,30.03019002935008,7.627079830754916,-5.252079830754916,6267.089610876502,-243.53161087650187,4.647460832843788,-1.5354608328437882
9.987,77752.482,223.242,2.985,6111.565,3.074,78693.2951676297,-940.8131676296907,256.7638176873095,-33.52181768730949,7.656319668697851,-4.671319668697851,6266.133537316757,-154.5685373167571,4.660654982474594,-1.5866549824745944
9.982,80826.288,217.005,3.299,6178.259,3.034,78697.89250347423,2128.3954965257726,257.0454222403052,-40.04042224030519,7.680677530700462,-4.381677530700463,6265.341995462633,-87.08299546263333,4.671660744085841,-1.6376607440858413
9.976,78236.827,265.948,2.606,6042.553,1.457,78703.42356982679,-466.5965698267828,257.38425378337934,8.563746216620643,7.709895304766557,-5.103895304766557,6264.398333624746,-221.84533362474576,4.6848798993104355,-3.2278798993104356
9.97,80515.925,184.341,3.661,6593.938,2.482,78708.96960493314,1806.9553950668633,257.7240609807216,-73.38306098072161,7.739098987890927,-4.078098987890927,6263.461383956683,330.47661604331734,4.69811183715256,-2.2161118371525594
9.964,79505.846,279.679,3.196,6186.853,2.796,78714.52997843808,791.3160215619282,258.06483021345167,21.614169786548302,7.768287129558576,-4.5722871295585765,6262.531104673293,-75.67810467329309,4.711355951545768,-1.9153559515457679
9.958,81911.755,192.872,2.42,6539.273,3.723,78720.10405556316,3191.650944436842,258.40654779147053,-65.53454779147052,7.797458280147627,-5.377458280147627,6261.607453261742,277.66554673825794,4.72461163554466,-1.00161163554466
9.952,80121.459,295.384,4.886,6335.845,5.475,78725.69119719867,1395.7678028013324,258.7491999554586,36.63480004454141,7.8266109911172785,-2.9406109911172784,6260.690386489883,75.15461351011709,4.737878281419029,0.7371217185809709
9.946,79694.72,244.366,2.633,6115.5,2.792,78731.29075999532,963.4292400046834,259.0927728788793,-14.726772878879302,7.855743815194894,-5.222743815194894,6259.779860414676,-144.27986041467557,4.751155280748001,-1.9591552807480008
9.94,78333.21,224.678,3.427,6197.742,2.821,78736.90209645615,-403.6920964561432,259.43725266998854,-34.75925266998854,7.88485530656218,-4.45785530656218,6258.875830390655,-61.13383039065502,4.764442024514189,-1.9434420245141886
9.934,79914.747,254.744,3.529,6095.801,4.056,78742.52455502887,1172.2224449711357,259.78262537384853,-5.038625373848532,7.913944021040457,-4.384944021040457,6257.978251078486,-162.17725107848582,4.7777379031978295,-0.7217379031978295
9.928,81770.72,236.059,3.43,6140.174,4.785,78748.15748019808,3022.562519801926,260.12887697434576,-24.06987697434576,7.9430085162748805,-4.51300851627488,6257.087076453542,-116.91307645354209,4.7910423068708266,-0.006042306870826408
9.922,81764.425,235.785,3.695,6390.51,3.503,78753.80021257768,3010.624787422319,260.47599339621274,-24.690993396212747,7.9720473519176815,-4.277047351917682,6256.202259814549,134.30774018545162,4.804354625290757,-1.3013546252907569
9.916,79930.073,208.479,5.16,6298.866,2.743,78759.45208900345,1170.6209109965566,260.82396050705233,-52.34496050705232,8.001059089810244,-2.841059089810244,6255.323753792263,43.54224620773675,4.817674247994729,-2.074674247994729
9.91,81766.884,241.11,6.724,6051.301,3.022,78765.11244262541,3001.7715573745954,261.17276411936547,-20.062764119365454,8.030042294164126,-1.3060422941641257,6254.451510358228,-203.15051035822762,4.831000564393158,-1.8090005643931586
9.904,83865.962,236.79,4.231,6400.314,2.448,78770.78060300052,5095.181396999484,261.52238999257975,-24.732389992579755,8.058995531740855,-3.8279955317408554,6253.585480833522,146.7285191664787,4.844332963863343,-2.3963329638633426
9.898,85434.063,223.092,6.587,6425.505,4.433,78776.45589618507,6657.607103814924,261.87282383508034,-38.78082383508033,8.087917372030521,-1.5009173720305213,6252.725615897591,172.7793841024095,4.857670835842907,-0.42467083584290677
9.892,88027.745,250.151,10.269,6508.138,3.466,78782.13764482719,9245.607355172804,262.2240513062414,-12.073051306241382,8.116806387429108,2.1521936125708923,6251.87186559709,256.2661344029102,4.871013569923008,-1.4050135699230077
9.886,86559.554,190.764,7.423,6573.003,7.058,78787.82516825914,7771.7288317408675,262.5760580184574,-71.81205801845738,8.145661153414498,-0.7226611534144975,6251.024179354777,321.9788206452231,4.884360555941339,2.1736394440586606
9.881,86206.903,267.668,6.43,6320.698,2.396,78792.5686891179,7414.334310882099,262.86998178781766,4.798018212182342,8.169679603514671,-1.7396796035146718,6250.322369505135,70.37563049486562,4.895485852328786,-2.499485852328786
9.875,82876.746,223.702,5.912,6425.331,2.914,78798.26502118509,4078.480978814914,263.22337959306367,-39.52137959306367,8.19846789003607,-2.2864678900360706,6249.48566730773,175.84533269226995,4.908839050030005,-1.9948390500300053
9.869,82324.997,219.949,7.932,6564.532,4.228,78803.9651822836,3521.031817716401,263.57751563713066,-43.62851563713065,8.227217909257398,-0.29521790925739744,6248.654882556307,315.87711744369335,4.922194773025424,-0.6941947730254245
9.864,80599.397,319.026,8.696,5970.781,5.037,78808.71774195126,1790.6792580487381,263.8731824444518,55.15281755554821,8.251146008486085,0.4448539915139147,6247.967044064212,-277.1860440642122,4.933326032310208,0.10367396768979198
9.858,81246.005,247.673,5.732,6217.894,4.725,78814.42312222498,2431.5818777750246,264.228634112803,-16.555634112802977,8.279822208862264,-2.5478222088622635,6247.146970187861,-29.252970187861138,4.946684805460734,-0.22168480546073432
9.852,79083.78,222.203,9.267,6280.775,5.041,78820.13036198409,263.64963801590784,264.5847827030643,-42.38178270306432,8.308456154098852,0.958543845901147,6246.3326624124,34.44233758759947,4.960044382080627,0.08095561791937378
9.847,80597.042,242.214,8.634,6303.12,2.544,78824.88731031501,1772.1546896849904,264.8820949983204,-22.668094998320385,8.332284487038123,0.30171551296187715,6245.658437952189,57.46156204781073,4.971177539013972,-2.427177539013972
9.841,80378.868,184.771,7.299,6333.713,1.369,78830.5961380864,1548.2718619135994,265.2394832094327,-80.46848320943272,8.360837332652192,-1.0618373326521917,6244.854559392961,88.85844060703857,4.984537015003454,-3.6155370150034543
9.835,83803.537,294.694,16.144,6007.71,2.566,78836.3048340868,4967.232165913199,265.59752675688304,29.096473243116975,8.389343969148602,7.754656030851397,6244.056291061937,-236.34629106193734,4.997895579531738,-2.431895579531738
9.83,84521.663,250.87,12.922,6026.32,2.199,78841.06146967284,5680.601530327156,265.89638635568986,-15.026386355689851,8.413063200322622,4.508936799677379,6243.395312617876,-217.07531261787608,5.009026585140884,-2.810026585140884
9.824,84748.993,291.449,17.574,5919.245,6.645,78846.76808461061,5902.224915389394,266.2555930700366,25.19340692996343,8.441481521921892,9.13251847807811,6242.607183732533,-323.3621837325327,5.022381912776998,1.6226180872230014
9.818,84709.669,266.738,13.146,6206.703,4.619,78852.47255686797,5857.196443132023,266.6154133122695,0.12258668773051795,8.469849717997436,4.676150282002565,6241.824504881294,-35.12150488129373,5.035734622964904,-0.4167346229649045
9.813,87027.851,189.091,9.268,6611.568,2.63,78857.22413189634,8170.62686810366,266.9157215039718,-77.82472150397177,8.493450600632958,0.7745493993670429,6241.176394234346,370.3916057656543,5.046859449391347,-2.416859449391347
9.807,85338.495,292.087,10.36,6193.046,3.802,78862.92281985513,6475.572180144867,267.2766280922771,24.810371907722867,8.521723338742579,1.8382766612574208,6240.403557324968,-47.357557324967274,5.060205804679571,-1.2582058046795708
9.801,85144.275,237.5,13.105,6318.56,3.085,78868.61733660463,6275.657663395366,267.63810622259246,-30.138106222592455,8.549942076094943,4.555057923905057,6239.636006140768,78.92399385923272,5.0735478474956,-1.9885478474956004
9.796,85055.361,242.95,15.22,6159.259,3.662,78873.35906165824,6182.0019383417675,267.9397638775822,-24.98976387758222,8.573415460622114,6.646584539377887,6239.000375356301,-79.74137535630143,5.084662492762996,-1.4226624927629965
9.79,84750.04,217.018,12.008,6009.424,4.396,78879.04406041457,5870.995939585424,268.30225124925096,-51.28425124925096,8.601531675641505,3.406468324358494,6238.242361255652,-228.81836125565223,5.097995084598414,-0.7019950845984138
9.784,84869.932,268.972,13.606,5925.423,3.744,78884.72284381764,5985.209156182362,268.66526804467054,0.30673195532943964,8.629590059327187,4.976409940672813,6237.4894646629455,-312.0664646629457,5.11132168188652,-1.3673216818865197
9.779,84578.119,279.778,14.852,6097.245,4.629,78889.44989260776,5688.669107392241,268.9681757207287,10.80982427927131,8.65292690160646,6.199073098393541,6236.865916578353,-139.620916578353,5.1224221745891665,-0.49342217458916693
9.773,83388.088,248.213,21.78,6068.846,3.227,78895.11539750978,4492.972602490219,269.3321244510237,-21.11912445102368,8.680875783571862,13.09912421642814,6236.122245234668,-167.27624523466875,5.135736250349558,-1.9087362503495577
9.767,82136.876,231.753,16.726,5879.629,3.191,78900.77262927075,3236.1033707292518,269.6965603989706,-37.94356039897059,8.708763051647173,8.017236948352826,6235.383519479412,-355.754519479412,5.149042664384906,-1.958042664384906
9.761,81193.837,215.228,14.98,6001.845,4.262,78906.42085871845,2287.4161412815447,270.0614686555781,-54.83346865557809,8.73658738288745,6.243412617112551,6234.64967778962,-232.80467778961975,5.162340832194879,-0.9003408321948791
9.755,83024.318,254.985,12.075,6132.326,5.024,78912.05935530626,4112.258644693735,270.4268343083088,-15.441834308308785,8.764347460872234,3.3106525391277657,6233.920658215692,-101.5946582156921,5.175630171455482,-0.15163017145548174
9.75,81835.411,250.019,14.602,6067.422,5.66,78916.7501396912,2918.6608603087952,270.73164432556206,-20.712644325562053,8.787430831714737,5.814569168285264,6233.316780482244,-165.89478048224464,5.186697458249988,0.4733025417500123
9.744,80727.673,269.317,17.889,5933.581,4.482,78922.36889108217,1805.3041089178296,271.0978098025348,-1.7808098025348045,8.81506971522605,9.07393028477395,6232.596439177204,-299.0154391772039,5.199969106962353,-0.7179691069623528
9.738,78459.354,178.044,10.78,5862.039,5.726,78927.97583299185,-468.62183299184835,271.46439042079044,-93.42039042079043,8.842640652240146,1.9373593477598536,6231.880742225533,-369.8417422255334,5.213230289739567,0.5127697102604332
9.732,80634.911,201.99,11.681,5854.156,5.847,78933.57023036928,1701.3407696307113,271.83137127172984,-69.84137127172983,8.870142352591953,2.810857647408046,6231.169626124942,-377.01362612494177,5.226480433352375,0.6205195666476255
9.726,80697.997,302.982,9.623,5820.064,3.792,78939.15134718445,1758.8456528155511,272.19873745229984,30.78326254770019,8.897573533280436,0.7254264667195631,6230.4630269895415,-410.3990269895412,5.2397189671367554,-1.4477189671367556
9.721,82905.171,304.038,10.897,6215.308,8.524,78943.79160135702,3961.379398642981,272.50515953838357,31.532840461616445,8.920378060749144,1.9766219392508564,6229.877598486402,-14.569598486402356,5.250741800124772,3.273258199875227
9.715,83565.793,323.78,10.291,6025.515,2.656,78949.34645591161,4616.446544088394,272.8731934758683,50.906806524131696,8.947676647428594,1.3433233525714066,6229.179113290329,-203.66411329032871,5.263957575908743,-2.607957575908743
9.709,81896.296,219.907,11.219,5962.916,6.075,78954.88593986363,2941.4100601363753,273.241570563882,-53.33457056388201,8.974901119274097,2.244098880725902,6228.484962043327,-265.5689620433268,5.2771601395946846,0.7978398604053156
9.703,83308.441,200.358,11.735,6284.169,3.962,78960.40931416191,4348.0316858380975,273.61027593761565,-73.25227593761565,9.002050221895523,2.7329497781044765,6227.7950794704375,56.37392052956238,5.2903489310695075,-1.3283489310695074
