{"cnn_lstm": {"fpr": [0.0, 0.00125, 0.005, 0.00625, 0.0075, 0.0125, 0.0175, 0.0175, 0.01875, 0.01875, 0.025, 0.025, 0.0275, 0.0275, 0.02875, 0.03, 0.03125, 0.03125, 0.03625, 0.0375, 0.04375, 0.04375, 0.04375, 0.06375, 0.065, 0.0775, 0.08, 0.08375, 0.08625, 0.0925, 0.095, 0.0975, 0.09875, 0.1025, 0.105, 0.11375, 0.11625, 0.12125, 0.12375, 0.125, 0.1275, 0.1475, 0.15, 0.1525, 0.155, 0.1625, 0.1625, 0.165, 0.17, 0.17, 0.1725, 0.1825, 0.1825, 0.185, 0.185, 0.195, 0.195, 0.19625, 0.19875, 0.20125, 0.20375, 0.205, 0.20625, 0.2175, 0.22, 0.22375, 0.22625, 0.265, 0.2675, 0.28875, 0.29125, 0.3125, 0.315, 0.325, 0.3275, 0.32875, 0.33125, 0.4125, 0.415, 0.5675, 0.57, 0.575, 0.5775, 0.73625, 0.73875, 1.0], "tpr": [0.0, 0.0, 0.0, 0.05, 0.05, 0.05, 0.05, 0.1, 0.1, 0.15, 0.15, 0.2, 0.2, 0.25, 0.25, 0.3, 0.3, 0.35, 0.35, 0.45, 0.45, 0.5, 0.6, 0.6, 0.65, 0.65, 0.65, 0.65, 0.65, 0.65, 0.65, 0.65, 0.7, 0.7, 0.7, 0.7, 0.7, 0.7, 0.7, 0.7, 0.7, 0.7, 0.7, 0.7, 0.7, 0.7, 0.75, 0.75, 0.75, 0.8, 0.8, 0.8, 0.85, 0.85, 0.9, 0.9, 0.95, 0.95, 0.95, 0.95, 0.95, 0.95, 1.0, 1.0, 1.0, 1.0, 1.0, 1.0, 1.0, 1.0, 1.0, 1.0, 1.0, 1.0, 1.0, 1.0, 1.0, 1.0, 1.0, 1.0, 1.0, 1.0, 1.0, 1.0, 1.0, 1.0], "auc": 0.919}, "variance": {"fpr": [0.0, 0.00125, 0.40375, 0.40375, 0.68625, 0.68625, 0.775, 0.775, 0.83125, 0.83125, 0.85375, 0.85375, 0.86, 0.86, 0.8875, 0.8875, 0.8925, 0.8925, 0.89625, 0.89625, 0.8975, 0.8975, 0.945, 0.945, 0.97, 0.97, 0.9725, 0.9725, 0.9775, 0.9775, 0.98125, 0.98125, 0.98375, 0.98375, 1.0], "tpr": [0.0, 0.0, 0.0, 0.05, 0.05, 0.1, 0.1, 0.15, 0.15, 0.2, 0.2, 0.25, 0.25, 0.3, 0.3, 0.4, 0.4, 0.45, 0.45, 0.6, 0.6, 0.65, 0.65, 0.7, 0.7, 0.8, 0.8, 0.85, 0.85, 0.9, 0.9, 0.95, 0.95, 1.0, 1.0], "auc": 0.127}, "lag1_ac": {"fpr": [0.0, 0.00125, 1.0, 1.0], "tpr": [0.0, 0.0, 0.0, 1.0], "auc": 0.0}, "n_forced": 20, "n_neutral": 800, "N": 820, "mean_p_forced": 1.0, "mean_p_neutral": 1.0}