{"cnn_lstm": {"fpr": [0.0, 0.00125, 0.0075, 0.01, 0.015, 0.0175, 0.01875, 0.02125, 0.0225, 0.03, 0.03375, 0.0375, 0.0425, 0.045, 0.0475, 0.04875, 0.05125, 0.05375, 0.05625, 0.065, 0.06875, 0.07375, 0.075, 0.0775, 0.08375, 0.08625, 0.0875, 0.09, 0.09125, 0.09375, 0.095, 0.0975, 0.10125, 0.10375, 0.11, 0.1125, 0.11375, 0.11625, 0.1175, 0.12, 0.12375, 0.12625, 0.13, 0.13375, 0.135, 0.1375, 0.13875, 0.1425, 0.145, 0.14875, 0.15625, 0.16, 0.16375, 0.175, 0.18, 0.19375, 0.19625, 0.21875, 0.22125, 0.2225, 0.225, 0.23375, 0.23625, 0.24, 0.2425, 0.245, 0.2475, 0.25625, 0.25875, 0.26, 0.2625, 0.28, 0.2825, 0.30375, 0.30625, 0.31625, 0.31875, 0.33375, 0.33625, 0.34125, 0.34375, 0.3575, 0.36, 0.36375, 0.36625, 0.37, 0.3725, 0.42125, 0.42375, 0.47875, 0.48125, 0.48625, 0.48875, 0.68, 0.6825, 0.72875, 0.73125, 0.74375, 0.74625, 0.805, 0.8075, 0.83375, 0.83625, 0.9925, 0.9925, 0.995, 0.995, 0.99625, 0.99625, 0.9975, 0.9975, 0.99875, 0.99875, 1.0, 1.0], "tpr": [0.0, 0.0, 0.0, 0.0, 0.0, 0.0, 0.0, 0.0, 0.0, 0.0, 0.0, 0.0, 0.0, 0.0, 0.0, 0.0, 0.0, 0.0, 0.0, 0.0, 0.0, 0.0, 0.0, 0.0, 0.0, 0.0, 0.0, 0.0, 0.0, 0.0, 0.0, 0.0, 0.0, 0.0, 0.0, 0.0, 0.0, 0.0, 0.0, 0.0, 0.0, 0.0, 0.0, 0.0, 0.0, 0.0, 0.0, 0.0, 0.0, 0.0, 0.0, 0.0, 0.0, 0.0, 0.0, 0.0, 0.0, 0.0, 0.0, 0.0, 0.0, 0.0, 0.0, 0.0, 0.0, 0.0, 0.0, 0.0, 0.0, 0.0, 0.0, 0.0, 0.0, 0.0, 0.0, 0.0, 0.0, 0.0, 0.0, 0.0, 0.0, 0.0, 0.0, 0.0, 0.0, 0.0, 0.0, 0.0, 0.0, 0.0, 0.0, 0.0, 0.0, 0.0, 0.0, 0.0, 0.0, 0.0, 0.0, 0.0, 0.0, 0.0, 0.0, 0.0, 0.05, 0.05, 0.1, 0.1, 0.25, 0.25, 0.3, 0.3, 0.45, 0.45, 1.0], "auc": 0.001}, "variance": {"fpr": [0.0, 0.0, 0.0, 0.00125, 0.00125, 0.0025, 0.0025, 0.51375, 0.51375, 0.73375, 0.73375, 0.90875, 0.90875, 1.0], "tpr": [0.0, 0.05, 0.75, 0.75, 0.8, 0.8, 0.85, 0.85, 0.9, 0.9, 0.95, 0.95, 1.0, 1.0], "auc": 0.892}, "lag1_ac": {"fpr": [0.0, 0.0, 0.0, 0.07125, 0.07125, 0.11375, 0.11375, 1.0], "tpr": [0.0, 0.05, 0.9, 0.9, 0.95, 0.95, 1.0, 1.0], "auc": 0.991}, "n_forced": 20, "n_neutral": 800, "N": 820, "mean_p_forced": 0.977, "mean_p_neutral": 0.999}