{"cnn": {"fpr": [0.0, 0.00125, 0.02625, 0.02625, 0.05875, 0.05875, 0.06625, 0.06625, 0.08125, 0.08125, 0.09125, 0.09125, 0.16, 0.16, 0.16625, 0.16625, 0.17375, 0.17375, 0.17625, 0.17625, 0.19, 0.19, 0.2075, 0.2075, 0.26375, 0.26375, 0.27375, 0.27375, 0.27875, 0.27875, 0.28125, 0.28125, 0.295, 0.295, 0.29625, 0.29625, 0.30625, 0.30625, 0.3125, 0.3125, 0.315, 0.315, 0.31625, 0.31625, 0.32625, 0.32625, 0.33625, 0.33625, 0.35875, 0.35875, 0.365, 0.365, 0.36625, 0.36625, 0.3675, 0.3675, 0.39875, 0.39875, 0.42125, 0.42125, 0.4475, 0.4475, 0.45125, 0.45125, 0.45375, 0.45375, 0.47625, 0.47625, 0.48375, 0.48375, 0.485, 0.485, 0.49375, 0.49375, 0.49625, 0.49625, 0.53375, 0.53375, 0.55375, 0.55375, 0.55625, 0.55625, 0.57375, 0.57375, 0.60875, 0.60875, 0.64375, 0.64375, 0.6625, 0.6625, 0.68375, 0.68375, 0.70625, 0.70625, 0.7075, 0.7075, 0.71125, 0.71125, 0.71625, 0.71625, 0.72375, 0.72375, 0.72875, 0.72875, 0.73, 0.73, 0.7325, 0.7325, 0.76, 0.76, 0.79375, 0.79375, 0.83, 0.83, 0.8375, 0.8375, 0.85, 0.85, 0.87, 0.87, 0.8825, 0.8825, 0.93125, 0.93125, 0.935, 0.935, 0.95875, 0.95875, 0.965, 0.965, 0.975, 0.975, 0.97875, 0.97875, 0.98, 0.98, 0.985, 0.985, 0.98625, 0.98625, 0.99, 0.99, 0.99125, 0.99125, 0.9975, 0.9975, 1.0], "tpr": [0.0, 0.0, 0.0, 0.0125, 0.0125, 0.025, 0.025, 0.0375, 0.0375, 0.05, 0.05, 0.075, 0.075, 0.0875, 0.0875, 0.1, 0.1, 0.1125, 0.1125, 0.125, 0.125, 0.1375, 0.1375, 0.15, 0.15, 0.1625, 0.1625, 0.175, 0.175, 0.2, 0.2, 0.2125, 0.2125, 0.225, 0.225, 0.2375, 0.2375, 0.25, 0.25, 0.2625, 0.2625, 0.275, 0.275, 0.2875, 0.2875, 0.3, 0.3, 0.3125, 0.3125, 0.325, 0.325, 0.3375, 0.3375, 0.35, 0.35, 0.375, 0.375, 0.3875, 0.3875, 0.4, 0.4, 0.4125, 0.4125, 0.425, 0.425, 0.4375, 0.4375, 0.45, 0.45, 0.4625, 0.4625, 0.475, 0.475, 0.4875, 0.4875, 0.5, 0.5, 0.5125, 0.5125, 0.525, 0.525, 0.5375, 0.5375, 0.55, 0.55, 0.575, 0.575, 0.5875, 0.5875, 0.6, 0.6, 0.6125, 0.6125, 0.625, 0.625, 0.6375, 0.6375, 0.65, 0.65, 0.6625, 0.6625, 0.675, 0.675, 0.6875, 0.6875, 0.7, 0.7, 0.7125, 0.7125, 0.725, 0.725, 0.7375, 0.7375, 0.75, 0.75, 0.7625, 0.7625, 0.775, 0.775, 0.7875, 0.7875, 0.8, 0.8, 0.8125, 0.8125, 0.825, 0.825, 0.8375, 0.8375, 0.85, 0.85, 0.8625, 0.8625, 0.875, 0.875, 0.8875, 0.8875, 0.9, 0.9, 0.925, 0.925, 0.9375, 0.9375, 0.975, 0.975, 1.0, 1.0], "auc": 0.444}, "variance": {"fpr": [0.0, 0.0, 0.0, 0.00875, 0.00875, 0.01, 0.01, 0.01625, 0.01625, 0.01875, 0.01875, 0.02, 0.02, 0.0225, 0.0225, 0.02625, 0.02625, 0.03125, 0.03125, 0.0425, 0.0425, 0.04375, 0.04375, 0.045, 0.045, 0.0525, 0.0525, 0.05375, 0.05375, 0.055, 0.055, 0.0575, 0.0575, 0.06, 0.06, 0.06125, 0.06125, 0.065, 0.065, 0.0725, 0.0725, 0.075, 0.075, 0.08875, 0.08875, 0.095, 0.095, 0.10125, 0.10125, 0.115, 0.115, 0.18125, 0.18125, 0.68875, 0.68875, 0.72, 0.72, 0.72125, 0.72125, 0.7225, 0.7225, 0.725, 0.725, 0.75875, 0.75875, 0.79875, 0.79875, 0.82375, 0.82375, 0.85875, 0.85875, 0.87125, 0.87125, 0.875, 0.875, 0.88, 0.88, 0.88625, 0.88625, 0.8875, 0.8875, 0.88875, 0.88875, 0.89625, 0.89625, 0.915, 0.915, 0.93625, 0.93625, 0.9425, 0.9425, 0.95125, 0.95125, 0.9525, 0.9525, 0.96, 0.96, 0.98125, 0.98125, 0.98625, 0.98625, 0.9875, 0.9875, 1.0, 1.0], "tpr": [0.0, 0.0125, 0.125, 0.125, 0.1375, 0.1375, 0.15, 0.15, 0.1625, 0.1625, 0.175, 0.175, 0.1875, 0.1875, 0.2125, 0.2125, 0.2375, 0.2375, 0.25, 0.25, 0.2625, 0.2625, 0.275, 0.275, 0.2875, 0.2875, 0.3, 0.3, 0.3125, 0.3125, 0.325, 0.325, 0.35, 0.35, 0.3625, 0.3625, 0.4, 0.4, 0.4125, 0.4125, 0.425, 0.425, 0.4375, 0.4375, 0.45, 0.45, 0.4625, 0.4625, 0.475, 0.475, 0.4875, 0.4875, 0.5, 0.5, 0.5125, 0.5125, 0.525, 0.525, 0.5375, 0.5375, 0.5625, 0.5625, 0.575, 0.575, 0.5875, 0.5875, 0.6, 0.6, 0.6125, 0.6125, 0.65, 0.65, 0.6625, 0.6625, 0.6875, 0.6875, 0.7, 0.7, 0.7125, 0.7125, 0.725, 0.725, 0.7375, 0.7375, 0.75, 0.75, 0.7625, 0.7625, 0.775, 0.775, 0.7875, 0.7875, 0.8, 0.8, 0.8375, 0.8375, 0.85, 0.85, 0.875, 0.875, 0.8875, 0.8875, 0.9375, 0.9375, 1.0], "auc": 0.532}, "lag1_ac": {"fpr": [0.0, 0.00125, 0.1575, 0.1575, 0.17, 0.17, 0.21, 0.21, 0.21125, 0.21125, 0.2125, 0.2125, 0.2325, 0.2325, 0.2375, 0.2375, 0.24, 0.24, 0.2475, 0.2475, 0.2675, 0.2675, 0.27625, 0.27625, 0.295, 0.295, 0.305, 0.305, 0.31625, 0.31625, 0.32, 0.32, 0.3225, 0.3225, 0.3325, 0.3325, 0.34, 0.34, 0.37, 0.37, 0.37125, 0.37125, 0.37875, 0.37875, 0.40625, 0.40625, 0.41375, 0.41375, 0.425, 0.425, 0.44, 0.44, 0.45, 0.45, 0.455, 0.455, 0.45625, 0.45625, 0.45875, 0.45875, 0.46625, 0.46625, 0.46875, 0.46875, 0.50625, 0.50625, 0.52125, 0.52125, 0.54125, 0.54125, 0.55125, 0.55125, 0.55375, 0.55375, 0.57, 0.57, 0.575, 0.575, 0.57875, 0.57875, 0.58125, 0.58125, 0.625, 0.625, 0.63, 0.63, 0.675, 0.675, 0.6875, 0.6875, 0.705, 0.705, 0.7175, 0.7175, 0.73, 0.73, 0.7325, 0.7325, 0.73375, 0.73375, 0.7425, 0.7425, 0.755, 0.755, 0.75625, 0.75625, 0.75875, 0.75875, 0.7775, 0.7775, 0.78375, 0.78375, 0.7875, 0.7875, 0.81125, 0.81125, 0.815, 0.815, 0.82125, 0.82125, 0.825, 0.825, 0.83625, 0.83625, 0.9325, 0.9325, 0.94125, 0.94125, 0.9425, 0.9425, 0.9575, 0.9575, 0.96125, 0.96125, 0.9625, 0.9625, 0.96625, 0.96625, 0.98125, 0.98125, 0.9925, 0.9925, 0.99375, 0.99375, 0.9975, 0.9975, 1.0], "tpr": [0.0, 0.0, 0.0, 0.0125, 0.0125, 0.025, 0.025, 0.0375, 0.0375, 0.05, 0.05, 0.0625, 0.0625, 0.075, 0.075, 0.0875, 0.0875, 0.1, 0.1, 0.1125, 0.1125, 0.125, 0.125, 0.1375, 0.1375, 0.1625, 0.1625, 0.175, 0.175, 0.1875, 0.1875, 0.2, 0.2, 0.2125, 0.2125, 0.225, 0.225, 0.2375, 0.2375, 0.25, 0.25, 0.2625, 0.2625, 0.275, 0.275, 0.2875, 0.2875, 0.3, 0.3, 0.3125, 0.3125, 0.325, 0.325, 0.3375, 0.3375, 0.35, 0.35, 0.3625, 0.3625, 0.375, 0.375, 0.3875, 0.3875, 0.4, 0.4, 0.4125, 0.4125, 0.425, 0.425, 0.4375, 0.4375, 0.45, 0.45, 0.4625, 0.4625, 0.475, 0.475, 0.4875, 0.4875, 0.5, 0.5, 0.5125, 0.5125, 0.525, 0.525, 0.55, 0.55, 0.5625, 0.5625, 0.575, 0.575, 0.5875, 0.5875, 0.6, 0.6, 0.6125, 0.6125, 0.625, 0.625, 0.6375, 0.6375, 0.6625, 0.6625, 0.675, 0.675, 0.6875, 0.6875, 0.7, 0.7, 0.7125, 0.7125, 0.725, 0.725, 0.7375, 0.7375, 0.75, 0.75, 0.7625, 0.7625, 0.775, 0.775, 0.7875, 0.7875, 0.8, 0.8, 0.8125, 0.8125, 0.825, 0.825, 0.8375, 0.8375, 0.85, 0.85, 0.8625, 0.8625, 0.9, 0.9, 0.9125, 0.9125, 0.925, 0.925, 0.9625, 0.9625, 0.9875, 0.9875, 1.0, 1.0], "auc": 0.398}, "n_forced": 80, "n_neutral": 800, "N": 880, "mean_p_forced": 0.656, "mean_p_neutral": 0.674}