{"cnn": {"fpr": [0.0, 0.0, 0.0075, 0.0075, 0.0175, 0.0175, 0.0225, 0.0225, 0.02875, 0.02875, 0.03125, 0.03125, 0.04, 0.04, 0.05, 0.05, 0.07375, 0.07375, 0.1075, 0.1075, 0.12875, 0.12875, 0.16125, 0.16125, 0.25375, 0.25375, 0.2775, 0.2775, 0.365, 0.365, 0.50875, 0.50875, 0.52875, 0.52875, 0.69875, 0.69875, 0.9725, 0.9725, 1.0], "tpr": [0.0, 0.05, 0.05, 0.1, 0.1, 0.15, 0.15, 0.2, 0.2, 0.25, 0.25, 0.3, 0.3, 0.35, 0.35, 0.4, 0.4, 0.5, 0.5, 0.55, 0.55, 0.6, 0.6, 0.65, 0.65, 0.7, 0.7, 0.75, 0.75, 0.8, 0.8, 0.85, 0.85, 0.9, 0.9, 0.95, 0.95, 1.0, 1.0], "auc": 0.783}, "variance": {"fpr": [0.0, 0.0, 0.0, 1.0], "tpr": [0.0, 0.05, 1.0, 1.0], "auc": 1.0}, "lag1_ac": {"fpr": [0.0, 0.00125, 0.11125, 0.11125, 0.18, 0.18, 0.235, 0.235, 0.23875, 0.23875, 0.28875, 0.28875, 0.35875, 0.35875, 0.39625, 0.39625, 0.4125, 0.4125, 0.4325, 0.4325, 0.43375, 0.43375, 0.4425, 0.4425, 0.4475, 0.4475, 0.455, 0.455, 0.4675, 0.4675, 0.49875, 0.49875, 0.50875, 0.50875, 0.53125, 0.53125, 0.53625, 0.53625, 0.58625, 0.58625, 0.6475, 0.6475, 1.0], "tpr": [0.0, 0.0, 0.0, 0.05, 0.05, 0.1, 0.1, 0.15, 0.15, 0.2, 0.2, 0.25, 0.25, 0.3, 0.3, 0.35, 0.35, 0.4, 0.4, 0.45, 0.45, 0.5, 0.5, 0.55, 0.55, 0.6, 0.6, 0.65, 0.65, 0.7, 0.7, 0.75, 0.75, 0.8, 0.8, 0.85, 0.85, 0.9, 0.9, 0.95, 0.95, 1.0, 1.0], "auc": 0.59}, "n_forced": 20, "n_neutral": 800, "N": 820, "mean_p_forced": 0.97, "mean_p_neutral": 0.935}