{"cnn": {"fpr": [0.0, 0.00125, 0.04875, 0.04875, 0.0525, 0.0525, 0.07, 0.07, 0.075, 0.075, 0.09125, 0.09125, 0.10125, 0.10125, 0.11, 0.11, 0.1375, 0.1375, 0.2025, 0.2025, 0.26, 0.26, 0.27875, 0.27875, 0.32125, 0.32125, 0.32375, 0.32375, 0.3375, 0.3375, 0.58875, 0.58875, 0.61, 0.61, 0.6225, 0.6225, 0.72875, 0.72875, 0.79125, 0.79125, 0.83625, 0.83625, 1.0], "tpr": [0.0, 0.0, 0.0, 0.05, 0.05, 0.1, 0.1, 0.15, 0.15, 0.2, 0.2, 0.25, 0.25, 0.3, 0.3, 0.35, 0.35, 0.4, 0.4, 0.45, 0.45, 0.5, 0.5, 0.55, 0.55, 0.6, 0.6, 0.65, 0.65, 0.7, 0.7, 0.75, 0.75, 0.8, 0.8, 0.85, 0.85, 0.9, 0.9, 0.95, 0.95, 1.0, 1.0], "auc": 0.671}, "variance": {"fpr": [0.0, 0.00125, 0.40375, 0.40375, 0.68625, 0.68625, 0.775, 0.775, 0.83125, 0.83125, 0.85375, 0.85375, 0.86, 0.86, 0.8875, 0.8875, 0.8925, 0.8925, 0.89625, 0.89625, 0.8975, 0.8975, 0.945, 0.945, 0.97, 0.97, 0.9725, 0.9725, 0.9775, 0.9775, 0.98125, 0.98125, 0.98375, 0.98375, 1.0], "tpr": [0.0, 0.0, 0.0, 0.05, 0.05, 0.1, 0.1, 0.15, 0.15, 0.2, 0.2, 0.25, 0.25, 0.3, 0.3, 0.4, 0.4, 0.45, 0.45, 0.6, 0.6, 0.65, 0.65, 0.7, 0.7, 0.8, 0.8, 0.85, 0.85, 0.9, 0.9, 0.95, 0.95, 1.0, 1.0], "auc": 0.127}, "lag1_ac": {"fpr": [0.0, 0.00125, 1.0, 1.0], "tpr": [0.0, 0.0, 0.0, 1.0], "auc": 0.0}, "n_forced": 20, "n_neutral": 800, "N": 820, "mean_p_forced": 0.979, "mean_p_neutral": 0.96}