{"cnn": {"fpr": [0.0, 0.00125, 0.1, 0.1, 0.15125, 0.15125, 0.1675, 0.1675, 0.18875, 0.18875, 0.2775, 0.2775, 0.3025, 0.3025, 0.31, 0.31, 0.31375, 0.31375, 0.3275, 0.3275, 0.35625, 0.35625, 0.35875, 0.35875, 0.36125, 0.36125, 0.37, 0.37, 0.39625, 0.39625, 0.4175, 0.4175, 0.43, 0.43, 0.4525, 0.4525, 0.50875, 0.50875, 0.51625, 0.51625, 0.565, 0.565, 0.57375, 0.57375, 0.575, 0.575, 0.57875, 0.57875, 0.6125, 0.6125, 0.62125, 0.62125, 0.63, 0.63, 0.6575, 0.6575, 0.8425, 0.8425, 0.8725, 0.8725, 0.89625, 0.89625, 1.0], "tpr": [0.0, 0.0, 0.0, 0.03125, 0.03125, 0.0625, 0.0625, 0.09375, 0.09375, 0.125, 0.125, 0.15625, 0.15625, 0.1875, 0.1875, 0.21875, 0.21875, 0.25, 0.25, 0.28125, 0.28125, 0.3125, 0.3125, 0.34375, 0.34375, 0.375, 0.375, 0.40625, 0.40625, 0.4375, 0.4375, 0.46875, 0.46875, 0.5, 0.5, 0.53125, 0.53125, 0.5625, 0.5625, 0.59375, 0.59375, 0.625, 0.625, 0.65625, 0.65625, 0.75, 0.75, 0.78125, 0.78125, 0.8125, 0.8125, 0.84375, 0.84375, 0.875, 0.875, 0.90625, 0.90625, 0.9375, 0.9375, 0.96875, 0.96875, 1.0, 1.0], "auc": 0.535}, "variance": {"fpr": [0.0, 0.00125, 0.555, 0.555, 0.55625, 0.55625, 0.5625, 0.5625, 0.57625, 0.57625, 0.61375, 0.61375, 0.62125, 0.62125, 0.62375, 0.62375, 0.625, 0.625, 0.6325, 0.6325, 0.635, 0.635, 0.64625, 0.64625, 0.66875, 0.66875, 0.70375, 0.70375, 0.94125, 0.94125, 0.9475, 0.9475, 0.95125, 0.95125, 0.95375, 0.95375, 0.96375, 0.96375, 0.9825, 0.9825, 0.985, 0.985, 0.99, 0.99, 1.0], "tpr": [0.0, 0.0, 0.0, 0.0625, 0.0625, 0.09375, 0.09375, 0.125, 0.125, 0.15625, 0.15625, 0.1875, 0.1875, 0.21875, 0.21875, 0.28125, 0.28125, 0.3125, 0.3125, 0.375, 0.375, 0.40625, 0.40625, 0.4375, 0.4375, 0.46875, 0.46875, 0.5, 0.5, 0.53125, 0.53125, 0.625, 0.625, 0.6875, 0.6875, 0.71875, 0.71875, 0.75, 0.75, 0.78125, 0.78125, 0.875, 0.875, 1.0, 1.0], "auc": 0.208}, "lag1_ac": {"fpr": [0.0, 0.00125, 0.4225, 0.4225, 0.53125, 0.53125, 0.5825, 0.5825, 0.6025, 0.6025, 0.60375, 0.60375, 0.62875, 0.62875, 0.6825, 0.6825, 0.69125, 0.69125, 0.715, 0.715, 0.77375, 0.77375, 0.81625, 0.81625, 0.82125, 0.82125, 0.82625, 0.82625, 0.82875, 0.82875, 0.835, 0.835, 0.84125, 0.84125, 0.8475, 0.8475, 0.8575, 0.8575, 0.86125, 0.86125, 0.88, 0.88, 0.96, 0.96, 0.9825, 0.9825, 0.98875, 0.98875, 0.995, 0.995, 0.99875, 0.99875, 1.0, 1.0], "tpr": [0.0, 0.0, 0.0, 0.03125, 0.03125, 0.0625, 0.0625, 0.09375, 0.09375, 0.125, 0.125, 0.15625, 0.15625, 0.1875, 0.1875, 0.21875, 0.21875, 0.25, 0.25, 0.28125, 0.28125, 0.3125, 0.3125, 0.34375, 0.34375, 0.40625, 0.40625, 0.4375, 0.4375, 0.46875, 0.46875, 0.5, 0.5, 0.53125, 0.53125, 0.5625, 0.5625, 0.59375, 0.59375, 0.625, 0.625, 0.65625, 0.65625, 0.6875, 0.6875, 0.71875, 0.71875, 0.75, 0.75, 0.78125, 0.78125, 0.96875, 0.96875, 1.0], "auc": 0.175}, "n_forced": 32, "n_neutral": 800, "N": 832, "mean_p_forced": 0.673, "mean_p_neutral": 0.67}