{"cnn_lstm": {"fpr": [0.0, 0.00125, 0.00625, 0.00875, 0.01125, 0.01375, 0.015, 0.01875, 0.02375, 0.03, 0.0325, 0.03625, 0.03875, 0.0425, 0.045, 0.04625, 0.05, 0.0525, 0.05625, 0.06, 0.06125, 0.06375, 0.07, 0.07375, 0.07625, 0.08125, 0.085, 0.09, 0.09375, 0.0975, 0.1, 0.10375, 0.105, 0.11, 0.11375, 0.11625, 0.1175, 0.12, 0.12125, 0.12375, 0.125, 0.135, 0.13625, 0.14, 0.1425, 0.14875, 0.1525, 0.155, 0.1575, 0.15875, 0.16375, 0.16625, 0.16875, 0.1725, 0.18625, 0.18875, 0.19, 0.1925, 0.195, 0.1975, 0.205, 0.20625, 0.20875, 0.21625, 0.2175, 0.22, 0.22125, 0.22625, 0.22875, 0.2325, 0.235, 0.23625, 0.23875, 0.24, 0.24375, 0.245, 0.24875, 0.25, 0.2525, 0.25375, 0.25875, 0.26125, 0.2625, 0.265, 0.2675, 0.27125, 0.275, 0.2775, 0.28125, 0.28375, 0.285, 0.2875, 0.29, 0.2925, 0.295, 0.3, 0.30125, 0.30375, 0.3075, 0.31125, 0.31375, 0.32125, 0.325, 0.3275, 0.33, 0.3325, 0.33375, 0.335, 0.33875, 0.33875, 0.34875, 0.3525, 0.3575, 0.36, 0.3625, 0.365, 0.36625, 0.36625, 0.3675, 0.37625, 0.38125, 0.38125, 0.385, 0.385, 0.3925, 0.3925, 0.39625, 0.39875, 0.4, 0.4025, 0.405, 0.4075, 0.4075, 0.415, 0.415, 0.42, 0.42, 0.42125, 0.42125, 0.42875, 0.42875, 0.43, 0.43, 0.43125, 0.43125, 0.43375, 0.43375, 0.43875, 0.44125, 0.80375, 0.80375, 0.805, 0.805, 0.81375, 0.81375, 0.83, 0.83, 0.84, 0.84, 0.8475, 0.8475, 0.84875, 0.84875, 0.8775, 0.8775, 0.89125, 0.89125, 0.89375, 0.89375, 0.8975, 0.8975, 0.89875, 0.89875, 0.905, 0.905, 0.90875, 0.90875, 0.91375, 0.91375, 1.0], "tpr": [0.0, 0.0, 0.0, 0.0, 0.0, 0.0, 0.0, 0.0, 0.0, 0.0, 0.0, 0.0, 0.0, 0.0, 0.0, 0.0, 0.0, 0.0, 0.0, 0.0, 0.0, 0.0, 0.0, 0.0, 0.0, 0.0, 0.0, 0.0, 0.0, 0.0, 0.0, 0.0, 0.0, 0.0, 0.0, 0.0, 0.0, 0.0, 0.0, 0.0, 0.0, 0.0, 0.0, 0.0, 0.0, 0.0, 0.0, 0.0, 0.0, 0.0, 0.0, 0.0, 0.0, 0.0, 0.0, 0.0, 0.0, 0.0, 0.0, 0.0, 0.0, 0.0, 0.0, 0.0, 0.0, 0.0, 0.0, 0.0, 0.0, 0.0, 0.0, 0.0, 0.0, 0.0, 0.0, 0.0, 0.0, 0.0, 0.0, 0.0, 0.0, 0.0, 0.0, 0.0, 0.0, 0.0, 0.0, 0.0, 0.0, 0.0, 0.0, 0.0, 0.0, 0.0, 0.0, 0.0, 0.0, 0.0, 0.0, 0.0, 0.0, 0.0, 0.0, 0.0, 0.0, 0.0, 0.0, 0.03125, 0.03125, 0.0625, 0.0625, 0.0625, 0.0625, 0.0625, 0.0625, 0.0625, 0.0625, 0.09375, 0.125, 0.125, 0.125, 0.15625, 0.15625, 0.1875, 0.1875, 0.21875, 0.21875, 0.21875, 0.25, 0.25, 0.25, 0.25, 0.28125, 0.28125, 0.3125, 0.3125, 0.34375, 0.34375, 0.375, 0.375, 0.40625, 0.40625, 0.4375, 0.4375, 0.46875, 0.46875, 0.5, 0.5, 0.5, 0.5, 0.53125, 0.53125, 0.5625, 0.5625, 0.625, 0.625, 0.65625, 0.65625, 0.6875, 0.6875, 0.71875, 0.71875, 0.75, 0.75, 0.78125, 0.78125, 0.8125, 0.8125, 0.84375, 0.84375, 0.875, 0.875, 0.90625, 0.90625, 0.9375, 0.9375, 0.96875, 0.96875, 1.0, 1.0], "auc": 0.371}, "variance": {"fpr": [0.0, 0.00125, 0.555, 0.555, 0.55625, 0.55625, 0.5625, 0.5625, 0.57625, 0.57625, 0.61375, 0.61375, 0.62125, 0.62125, 0.62375, 0.62375, 0.625, 0.625, 0.6325, 0.6325, 0.635, 0.635, 0.64625, 0.64625, 0.66875, 0.66875, 0.70375, 0.70375, 0.94125, 0.94125, 0.9475, 0.9475, 0.95125, 0.95125, 0.95375, 0.95375, 0.96375, 0.96375, 0.9825, 0.9825, 0.985, 0.985, 0.99, 0.99, 1.0], "tpr": [0.0, 0.0, 0.0, 0.0625, 0.0625, 0.09375, 0.09375, 0.125, 0.125, 0.15625, 0.15625, 0.1875, 0.1875, 0.21875, 0.21875, 0.28125, 0.28125, 0.3125, 0.3125, 0.375, 0.375, 0.40625, 0.40625, 0.4375, 0.4375, 0.46875, 0.46875, 0.5, 0.5, 0.53125, 0.53125, 0.625, 0.625, 0.6875, 0.6875, 0.71875, 0.71875, 0.75, 0.75, 0.78125, 0.78125, 0.875, 0.875, 1.0, 1.0], "auc": 0.208}, "lag1_ac": {"fpr": [0.0, 0.00125, 0.4225, 0.4225, 0.53125, 0.53125, 0.5825, 0.5825, 0.6025, 0.6025, 0.60375, 0.60375, 0.62875, 0.62875, 0.6825, 0.6825, 0.69125, 0.69125, 0.715, 0.715, 0.77375, 0.77375, 0.81625, 0.81625, 0.82125, 0.82125, 0.82625, 0.82625, 0.82875, 0.82875, 0.835, 0.835, 0.84125, 0.84125, 0.8475, 0.8475, 0.8575, 0.8575, 0.86125, 0.86125, 0.88, 0.88, 0.96, 0.96, 0.9825, 0.9825, 0.98875, 0.98875, 0.995, 0.995, 0.99875, 0.99875, 1.0, 1.0], "tpr": [0.0, 0.0, 0.0, 0.03125, 0.03125, 0.0625, 0.0625, 0.09375, 0.09375, 0.125, 0.125, 0.15625, 0.15625, 0.1875, 0.1875, 0.21875, 0.21875, 0.25, 0.25, 0.28125, 0.28125, 0.3125, 0.3125, 0.34375, 0.34375, 0.40625, 0.40625, 0.4375, 0.4375, 0.46875, 0.46875, 0.5, 0.5, 0.53125, 0.53125, 0.5625, 0.5625, 0.59375, 0.59375, 0.625, 0.625, 0.65625, 0.65625, 0.6875, 0.6875, 0.71875, 0.71875, 0.75, 0.75, 0.78125, 0.78125, 0.96875, 0.96875, 1.0], "auc": 0.175}, "n_forced": 32, "n_neutral": 800, "N": 832, "mean_p_forced": 0.996, "mean_p_neutral": 0.997}