{"cnn_lstm": {"fpr": [0.0, 0.00125, 0.0075, 0.00875, 0.0125, 0.015, 0.015, 0.01625, 0.01875, 0.02625, 0.03, 0.03375, 0.03875, 0.0425, 0.045, 0.04875, 0.0525, 0.0525, 0.055, 0.05625, 0.06, 0.0625, 0.06875, 0.07375, 0.07625, 0.07875, 0.0875, 0.09, 0.09125, 0.09375, 0.095, 0.1025, 0.1075, 0.1125, 0.1175, 0.12125, 0.12375, 0.12875, 0.1325, 0.13375, 0.13625, 0.1375, 0.14, 0.14375, 0.14375, 0.1475, 0.15125, 0.155, 0.1575, 0.16, 0.1625, 0.16375, 0.16625, 0.1675, 0.17125, 0.17125, 0.18, 0.1825, 0.185, 0.185, 0.18625, 0.18875, 0.1925, 0.19625, 0.19875, 0.2, 0.2025, 0.20625, 0.20875, 0.21375, 0.21875, 0.2225, 0.225, 0.22875, 0.22875, 0.23, 0.2325, 0.2475, 0.25, 0.25875, 0.26125, 0.27, 0.2725, 0.28625, 0.28875, 0.30375, 0.30625, 0.3125, 0.31375, 0.315, 0.3175, 0.32125, 0.32625, 0.33125, 0.33375, 0.34125, 0.34375, 0.355, 0.3575, 0.35875, 0.35875, 0.36125, 0.3775, 0.38, 0.3825, 0.3825, 0.3875, 0.38875, 0.38875, 0.39125, 0.39125, 0.39625, 0.39625, 0.4075, 0.4075, 0.40875, 0.41875, 0.41875, 0.4225, 0.4225, 0.425, 0.425, 0.42875, 0.43, 0.43, 0.43375, 0.43375, 0.435, 0.435, 0.4625, 0.4625, 0.4675, 0.4675, 0.485, 0.485, 0.4875, 0.49, 0.5, 0.5, 0.50875, 0.51, 0.51375, 0.51375, 0.53, 0.53, 0.55, 0.55, 0.8025, 0.8025, 0.815, 0.815, 0.81625, 0.81625, 0.82, 0.82, 0.82375, 0.82375, 0.8275, 0.8275, 0.82875, 0.82875, 0.83, 0.83, 0.835, 0.835, 0.8375, 0.8375, 0.83875, 0.83875, 0.84125, 0.84125, 0.845, 0.845, 0.85, 0.85, 0.85125, 0.85125, 0.8525, 0.8525, 0.8575, 0.8575, 0.8625, 0.8625, 0.865, 0.865, 0.87, 0.87, 0.8725, 0.8725, 0.875, 0.875, 0.87625, 0.87625, 0.895, 0.895, 0.89625, 0.89625, 0.89875, 0.89875, 0.9125, 0.9125, 0.9425, 0.9425, 0.95875, 0.95875, 1.0], "tpr": [0.0, 0.0, 0.0, 0.0125, 0.0125, 0.0125, 0.025, 0.025, 0.025, 0.025, 0.025, 0.0375, 0.0375, 0.0375, 0.0375, 0.0375, 0.0375, 0.05, 0.05, 0.05, 0.05, 0.05, 0.05, 0.05, 0.05, 0.05, 0.05, 0.05, 0.05, 0.05, 0.05, 0.05, 0.05, 0.05, 0.05, 0.0625, 0.0625, 0.0625, 0.0625, 0.0875, 0.0875, 0.1, 0.1, 0.1, 0.1125, 0.125, 0.125, 0.125, 0.125, 0.125, 0.125, 0.125, 0.125, 0.125, 0.1375, 0.15, 0.15, 0.15, 0.15, 0.1625, 0.1625, 0.1625, 0.1625, 0.1625, 0.1625, 0.1625, 0.1625, 0.1625, 0.1625, 0.1625, 0.1625, 0.1625, 0.1625, 0.1625, 0.175, 0.175, 0.175, 0.175, 0.175, 0.175, 0.175, 0.175, 0.175, 0.175, 0.175, 0.175, 0.175, 0.175, 0.1875, 0.1875, 0.1875, 0.1875, 0.1875, 0.1875, 0.1875, 0.1875, 0.1875, 0.1875, 0.1875, 0.1875, 0.2, 0.2, 0.2, 0.2, 0.2, 0.2125, 0.2125, 0.225, 0.2375, 0.2375, 0.25, 0.25, 0.2625, 0.2625, 0.275, 0.2875, 0.2875, 0.3125, 0.3125, 0.325, 0.325, 0.3375, 0.3375, 0.35, 0.375, 0.375, 0.3875, 0.3875, 0.4, 0.4, 0.4125, 0.4125, 0.425, 0.425, 0.4375, 0.4375, 0.4375, 0.4375, 0.45, 0.45, 0.4625, 0.4625, 0.475, 0.475, 0.4875, 0.4875, 0.5, 0.5, 0.5125, 0.5125, 0.525, 0.525, 0.5375, 0.5375, 0.55, 0.55, 0.5625, 0.5625, 0.5875, 0.5875, 0.6, 0.6, 0.6375, 0.6375, 0.65, 0.65, 0.6625, 0.6625, 0.6875, 0.6875, 0.725, 0.725, 0.7375, 0.7375, 0.7625, 0.7625, 0.775, 0.775, 0.7875, 0.7875, 0.8125, 0.8125, 0.825, 0.825, 0.8375, 0.8375, 0.85, 0.85, 0.8875, 0.8875, 0.9, 0.9, 0.9125, 0.9125, 0.925, 0.925, 0.9375, 0.9375, 0.9625, 0.9625, 0.975, 0.975, 0.9875, 0.9875, 1.0, 1.0], "auc": 0.41}, "variance": {"fpr": [0.0, 0.0, 0.0, 0.0025, 0.0025, 0.00375, 0.00375, 0.005, 0.005, 0.0075, 0.0075, 0.0175, 0.0175, 0.0475, 0.0475, 0.04875, 0.04875, 0.05875, 0.05875, 0.0725, 0.0725, 0.07625, 0.07625, 0.08, 0.08, 0.085, 0.085, 0.115, 0.115, 0.12375, 0.12375, 0.125, 0.125, 0.1275, 0.1275, 0.12875, 0.12875, 0.13125, 0.13125, 0.13625, 0.13625, 0.14875, 0.14875, 0.15, 0.15, 0.165, 0.165, 0.1725, 0.1725, 0.1875, 0.1875, 0.2, 0.2, 0.2275, 0.2275, 0.23625, 0.23625, 0.2425, 0.2425, 0.2625, 0.2625, 0.30125, 0.30125, 0.38625, 0.38625, 0.38875, 0.38875, 0.3925, 0.3925, 0.39875, 0.39875, 0.4, 0.4, 0.41, 0.41, 0.41125, 0.41125, 0.42125, 0.42125, 0.43625, 0.43625, 0.4425, 0.4425, 0.445, 0.445, 0.46625, 0.46625, 0.485, 0.485, 0.5, 0.5, 1.0], "tpr": [0.0, 0.0125, 0.175, 0.175, 0.1875, 0.1875, 0.2, 0.2, 0.2125, 0.2125, 0.2375, 0.2375, 0.25, 0.25, 0.275, 0.275, 0.2875, 0.2875, 0.3125, 0.3125, 0.325, 0.325, 0.3375, 0.3375, 0.35, 0.35, 0.375, 0.375, 0.3875, 0.3875, 0.4, 0.4, 0.4125, 0.4125, 0.4375, 0.4375, 0.45, 0.45, 0.4625, 0.4625, 0.475, 0.475, 0.4875, 0.4875, 0.5, 0.5, 0.5125, 0.5125, 0.525, 0.525, 0.55, 0.55, 0.5625, 0.5625, 0.575, 0.575, 0.6, 0.6, 0.6125, 0.6125, 0.625, 0.625, 0.6375, 0.6375, 0.65, 0.65, 0.6625, 0.6625, 0.675, 0.675, 0.7, 0.7, 0.7125, 0.7125, 0.725, 0.725, 0.75, 0.75, 0.775, 0.775, 0.7875, 0.7875, 0.8, 0.8, 0.8125, 0.8125, 0.825, 0.825, 0.8375, 0.8375, 1.0, 1.0], "auc": 0.779}, "lag1_ac": {"fpr": [0.0, 0.0, 0.0, 0.00375, 0.00375, 0.005, 0.005, 0.00875, 0.00875, 0.01, 0.01, 0.015, 0.015, 0.01875, 0.01875, 0.025, 0.025, 0.0325, 0.0325, 0.03375, 0.03375, 0.06, 0.06, 0.0975, 0.0975, 0.10375, 0.10375, 0.12375, 0.12375, 0.1275, 0.1275, 0.13, 0.13, 0.135, 0.135, 0.14, 0.14, 0.15, 0.15, 0.17625, 0.17625, 0.185, 0.185, 0.22625, 0.22625, 0.25, 0.25, 0.2775, 0.2775, 0.27875, 0.27875, 0.28625, 0.28625, 0.29375, 0.29375, 0.3, 0.3, 0.30875, 0.30875, 0.32125, 0.32125, 0.33375, 0.33375, 0.33875, 0.33875, 0.42, 0.42, 0.4375, 0.4375, 0.47, 0.47, 0.475, 0.475, 1.0], "tpr": [0.0, 0.0125, 0.35, 0.35, 0.4375, 0.4375, 0.5, 0.5, 0.525, 0.525, 0.55, 0.55, 0.5625, 0.5625, 0.575, 0.575, 0.5875, 0.5875, 0.6, 0.6, 0.6125, 0.6125, 0.625, 0.625, 0.6375, 0.6375, 0.6625, 0.6625, 0.675, 0.675, 0.6875, 0.6875, 0.7, 0.7, 0.7125, 0.7125, 0.75, 0.75, 0.7625, 0.7625, 0.775, 0.775, 0.7875, 0.7875, 0.8, 0.8, 0.8125, 0.8125, 0.825, 0.825, 0.8375, 0.8375, 0.85, 0.85, 0.8625, 0.8625, 0.8875, 0.8875, 0.9, 0.9, 0.9125, 0.9125, 0.925, 0.925, 0.9375, 0.9375, 0.95, 0.95, 0.975, 0.975, 0.9875, 0.9875, 1.0, 1.0], "auc": 0.903}, "n_forced": 80, "n_neutral": 800, "N": 880, "mean_p_forced": 0.998, "mean_p_neutral": 0.999}