{"cnn": {"fpr": [0.0, 0.00125, 0.00875, 0.00875, 0.01125, 0.01125, 0.015, 0.015, 0.03, 0.03, 0.03625, 0.03625, 0.0475, 0.0475, 0.06625, 0.06625, 0.075, 0.075, 0.18, 0.18, 0.18625, 0.18625, 0.19, 0.19, 0.19125, 0.19125, 0.235, 0.235, 0.27875, 0.27875, 0.28625, 0.28625, 0.34375, 0.34375, 0.3575, 0.3575, 0.38, 0.38, 0.405, 0.405, 0.43625, 0.43625, 0.49125, 0.49125, 0.4975, 0.4975, 0.50375, 0.50375, 0.58, 0.58, 0.5825, 0.5825, 0.58625, 0.58625, 0.59125, 0.59125, 0.59625, 0.59625, 0.605, 0.605, 0.635, 0.635, 0.63625, 0.63625, 0.63875, 0.63875, 0.66, 0.66, 0.6625, 0.6625, 0.6775, 0.6775, 0.6925, 0.6925, 0.7, 0.7, 0.71, 0.71, 0.745, 0.745, 0.765, 0.765, 0.7675, 0.7675, 0.7725, 0.7725, 0.77375, 0.77375, 0.78, 0.78, 0.7925, 0.7925, 0.8, 0.8, 0.81625, 0.81625, 0.82125, 0.82125, 0.8225, 0.8225, 0.825, 0.825, 0.82625, 0.82625, 0.83375, 0.83375, 0.835, 0.835, 0.85, 0.85, 0.855, 0.855, 0.85625, 0.85625, 0.86, 0.86, 0.86125, 0.86125, 0.8625, 0.8625, 0.86875, 0.86875, 0.885, 0.885, 0.9275, 0.9275, 0.93125, 0.93125, 0.935, 0.935, 0.94375, 0.94375, 0.96375, 0.96375, 1.0], "tpr": [0.0, 0.0, 0.0, 0.025, 0.025, 0.0375, 0.0375, 0.05, 0.05, 0.0625, 0.0625, 0.075, 0.075, 0.0875, 0.0875, 0.1125, 0.1125, 0.125, 0.125, 0.1375, 0.1375, 0.1625, 0.1625, 0.175, 0.175, 0.1875, 0.1875, 0.2, 0.2, 0.2125, 0.2125, 0.225, 0.225, 0.2375, 0.2375, 0.25, 0.25, 0.2625, 0.2625, 0.275, 0.275, 0.2875, 0.2875, 0.3125, 0.3125, 0.325, 0.325, 0.3375, 0.3375, 0.35, 0.35, 0.3625, 0.3625, 0.375, 0.375, 0.3875, 0.3875, 0.4, 0.4, 0.4125, 0.4125, 0.4375, 0.4375, 0.45, 0.45, 0.4625, 0.4625, 0.475, 0.475, 0.4875, 0.4875, 0.5125, 0.5125, 0.5375, 0.5375, 0.55, 0.55, 0.5625, 0.5625, 0.575, 0.575, 0.6, 0.6, 0.6125, 0.6125, 0.6375, 0.6375, 0.65, 0.65, 0.675, 0.675, 0.7, 0.7, 0.725, 0.725, 0.7375, 0.7375, 0.75, 0.75, 0.7625, 0.7625, 0.775, 0.775, 0.7875, 0.7875, 0.8, 0.8, 0.8125, 0.8125, 0.825, 0.825, 0.8375, 0.8375, 0.85, 0.85, 0.8625, 0.8625, 0.8875, 0.8875, 0.9, 0.9, 0.9125, 0.9125, 0.925, 0.925, 0.9375, 0.9375, 0.95, 0.95, 0.975, 0.975, 0.9875, 0.9875, 1.0, 1.0], "auc": 0.414}, "variance": {"fpr": [0.0, 0.0, 0.0, 0.0075, 0.0075, 0.01, 0.01, 0.01125, 0.01125, 0.0125, 0.0125, 1.0], "tpr": [0.0, 0.0125, 0.6125, 0.6125, 0.625, 0.625, 0.6625, 0.6625, 0.6875, 0.6875, 1.0, 1.0], "auc": 0.995}, "lag1_ac": {"fpr": [0.0, 0.0, 0.0, 0.0025, 0.0025, 0.00375, 0.00375, 0.015, 0.015, 0.01875, 0.01875, 0.02875, 0.02875, 0.03125, 0.03125, 0.03625, 0.03625, 0.03875, 0.03875, 0.04, 0.04, 0.05125, 0.05125, 0.055, 0.055, 0.05625, 0.05625, 0.0575, 0.0575, 0.06125, 0.06125, 0.0675, 0.0675, 0.07, 0.07, 0.0725, 0.0725, 0.10125, 0.10125, 0.11, 0.11, 0.12, 0.12, 0.1275, 0.1275, 0.13375, 0.13375, 0.16, 0.16, 0.16875, 0.16875, 0.19125, 0.19125, 0.21, 0.21, 0.23, 0.23, 0.2325, 0.2325, 0.24125, 0.24125, 0.26, 0.26, 0.26125, 0.26125, 0.32, 0.32, 0.35, 0.35, 0.3525, 0.3525, 0.35375, 0.35375, 0.35875, 0.35875, 0.365, 0.365, 0.3675, 0.3675, 0.37125, 0.37125, 0.3725, 0.3725, 0.37625, 0.37625, 0.38, 0.38, 0.3875, 0.3875, 0.38875, 0.38875, 0.39, 0.39, 0.4025, 0.4025, 0.415, 0.415, 0.4375, 0.4375, 0.44, 0.44, 0.44625, 0.44625, 0.4525, 0.4525, 0.46625, 0.46625, 0.48, 0.48, 0.50875, 0.50875, 0.53375, 0.53375, 0.60125, 0.60125, 0.64, 0.64, 0.6425, 0.6425, 0.64375, 0.64375, 0.65125, 0.65125, 0.72625, 0.72625, 0.7275, 0.7275, 0.73, 0.73, 0.74875, 0.74875, 0.805, 0.805, 0.84375, 0.84375, 0.87, 0.87, 1.0], "tpr": [0.0, 0.0125, 0.0625, 0.0625, 0.075, 0.075, 0.0875, 0.0875, 0.1, 0.1, 0.1125, 0.1125, 0.125, 0.125, 0.1375, 0.1375, 0.175, 0.175, 0.1875, 0.1875, 0.225, 0.225, 0.2375, 0.2375, 0.25, 0.25, 0.2625, 0.2625, 0.275, 0.275, 0.2875, 0.2875, 0.3125, 0.3125, 0.325, 0.325, 0.3375, 0.3375, 0.35, 0.35, 0.3625, 0.3625, 0.375, 0.375, 0.3875, 0.3875, 0.4, 0.4, 0.4125, 0.4125, 0.4375, 0.4375, 0.45, 0.45, 0.4625, 0.4625, 0.475, 0.475, 0.4875, 0.4875, 0.5, 0.5, 0.5125, 0.5125, 0.525, 0.525, 0.55, 0.55, 0.5625, 0.5625, 0.575, 0.575, 0.5875, 0.5875, 0.6, 0.6, 0.625, 0.625, 0.6375, 0.6375, 0.65, 0.65, 0.6625, 0.6625, 0.675, 0.675, 0.6875, 0.6875, 0.7, 0.7, 0.7125, 0.7125, 0.725, 0.725, 0.7375, 0.7375, 0.75, 0.75, 0.7625, 0.7625, 0.775, 0.775, 0.7875, 0.7875, 0.8, 0.8, 0.8125, 0.8125, 0.825, 0.825, 0.8375, 0.8375, 0.85, 0.85, 0.8625, 0.8625, 0.875, 0.875, 0.8875, 0.8875, 0.9, 0.9, 0.9125, 0.9125, 0.925, 0.925, 0.9375, 0.9375, 0.95, 0.95, 0.9625, 0.9625, 0.975, 0.975, 0.9875, 0.9875, 1.0, 1.0], "auc": 0.717}, "n_forced": 80, "n_neutral": 800, "N": 880, "mean_p_forced": 0.744, "mean_p_neutral": 0.769}