{"cnn": {"fpr": [0.0, 0.000625, 0.035625, 0.035625, 0.0375, 0.0375, 0.04, 0.04, 0.043125, 0.043125, 0.046875, 0.046875, 0.05, 0.05, 0.073125, 0.073125, 0.12125, 0.12125, 0.140625, 0.140625, 0.155625, 0.155625, 0.323125, 0.323125, 0.431875, 0.431875, 0.434375, 0.434375, 0.4475, 0.4475, 0.46875, 0.46875, 0.521875, 0.521875, 0.553125, 0.553125, 0.56375, 0.56375, 0.59125, 0.59125, 0.635, 0.635, 0.6475, 0.6475, 0.653125, 0.653125, 0.659375, 0.659375, 0.67, 0.67, 0.683125, 0.683125, 0.698125, 0.698125, 0.715625, 0.715625, 0.728125, 0.728125, 0.74375, 0.74375, 0.761875, 0.761875, 0.76875, 0.76875, 0.775, 0.775, 0.78375, 0.78375, 0.790625, 0.790625, 0.81125, 0.81125, 0.835625, 0.835625, 0.854375, 0.854375, 0.8675, 0.8675, 0.869375, 0.869375, 0.9175, 0.9175, 1.0], "tpr": [0.0, 0.0, 0.0, 0.025, 0.025, 0.05, 0.05, 0.075, 0.075, 0.1, 0.1, 0.125, 0.125, 0.15, 0.15, 0.175, 0.175, 0.2, 0.2, 0.225, 0.225, 0.25, 0.25, 0.275, 0.275, 0.3, 0.3, 0.325, 0.325, 0.35, 0.35, 0.375, 0.375, 0.4, 0.4, 0.425, 0.425, 0.45, 0.45, 0.475, 0.475, 0.5, 0.5, 0.525, 0.525, 0.55, 0.55, 0.575, 0.575, 0.6, 0.6, 0.625, 0.625, 0.65, 0.65, 0.675, 0.675, 0.7, 0.7, 0.725, 0.725, 0.75, 0.75, 0.775, 0.775, 0.8, 0.8, 0.825, 0.825, 0.85, 0.85, 0.875, 0.875, 0.9, 0.9, 0.925, 0.925, 0.95, 0.95, 0.975, 0.975, 1.0, 1.0], "auc": 0.476}, "variance": {"fpr": [0.0, 0.000625, 0.001875, 0.001875, 0.00375, 0.00375, 0.004375, 0.004375, 0.00875, 0.00875, 0.01, 0.01, 0.01125, 0.01125, 0.0175, 0.0175, 0.026875, 0.026875, 0.07375, 0.07375, 0.075625, 0.075625, 0.07625, 0.07625, 0.079375, 0.079375, 0.080625, 0.080625, 0.08125, 0.08125, 0.0875, 0.0875, 0.089375, 0.089375, 0.090625, 0.090625, 0.09375, 0.09375, 0.094375, 0.094375, 0.1, 0.1, 0.10625, 0.10625, 0.108125, 0.108125, 0.11125, 0.11125, 0.119375, 0.119375, 0.12125, 0.12125, 0.128125, 0.128125, 0.14625, 0.14625, 0.15125, 0.15125, 0.194375, 0.194375, 0.220625, 0.220625, 0.2325, 0.2325, 1.0], "tpr": [0.0, 0.0, 0.0, 0.05, 0.05, 0.15, 0.15, 0.2, 0.2, 0.225, 0.225, 0.25, 0.25, 0.35, 0.35, 0.375, 0.375, 0.4, 0.4, 0.425, 0.425, 0.45, 0.45, 0.475, 0.475, 0.5, 0.5, 0.525, 0.525, 0.55, 0.55, 0.6, 0.6, 0.625, 0.625, 0.65, 0.65, 0.675, 0.675, 0.7, 0.7, 0.725, 0.725, 0.75, 0.75, 0.775, 0.775, 0.8, 0.8, 0.825, 0.825, 0.85, 0.85, 0.875, 0.875, 0.9, 0.9, 0.925, 0.925, 0.95, 0.95, 0.975, 0.975, 1.0, 1.0], "auc": 0.928}, "lag1_ac": {"fpr": [0.0, 0.000625, 0.243125, 0.243125, 0.274375, 0.274375, 0.283125, 0.283125, 0.286875, 0.286875, 0.288125, 0.288125, 0.304375, 0.304375, 0.311875, 0.311875, 0.319375, 0.319375, 0.394375, 0.394375, 0.404375, 0.404375, 0.41625, 0.41625, 0.420625, 0.420625, 0.434375, 0.434375, 0.43625, 0.43625, 0.444375, 0.444375, 0.458125, 0.458125, 0.45875, 0.45875, 0.461875, 0.461875, 0.4775, 0.4775, 0.478125, 0.478125, 0.484375, 0.484375, 0.494375, 0.494375, 0.495, 0.495, 0.499375, 0.499375, 0.50125, 0.50125, 0.525, 0.525, 0.53125, 0.53125, 0.57125, 0.57125, 0.60375, 0.60375, 0.621875, 0.621875, 0.685, 0.685, 0.711875, 0.711875, 0.860625, 0.860625, 0.980625, 0.980625, 0.989375, 0.989375, 0.99, 0.99, 0.998125, 0.998125, 1.0], "tpr": [0.0, 0.0, 0.0, 0.025, 0.025, 0.05, 0.05, 0.075, 0.075, 0.1, 0.1, 0.125, 0.125, 0.15, 0.15, 0.175, 0.175, 0.2, 0.2, 0.225, 0.225, 0.275, 0.275, 0.3, 0.3, 0.325, 0.325, 0.35, 0.35, 0.375, 0.375, 0.4, 0.4, 0.425, 0.425, 0.45, 0.45, 0.475, 0.475, 0.5, 0.5, 0.525, 0.525, 0.55, 0.55, 0.6, 0.6, 0.625, 0.625, 0.65, 0.65, 0.675, 0.675, 0.7, 0.7, 0.75, 0.75, 0.775, 0.775, 0.8, 0.8, 0.825, 0.825, 0.85, 0.85, 0.875, 0.875, 0.9, 0.9, 0.925, 0.925, 0.95, 0.95, 0.975, 0.975, 1.0, 1.0], "auc": 0.486}, "n_forced": 40, "n_neutral": 1600, "N": 1640, "mean_p_forced": 0.754, "mean_p_neutral": 0.755}