{"cnn": {"fpr": [0.0, 0.0015625, 0.040625, 0.040625, 0.046875, 0.046875, 0.0484375, 0.0484375, 0.0609375, 0.0609375, 0.0671875, 0.0671875, 0.1234375, 0.1234375, 0.1859375, 0.1859375, 0.2, 0.2, 0.2328125, 0.2328125, 0.2453125, 0.2453125, 0.3, 0.3, 0.3265625, 0.3265625, 0.375, 0.375, 0.396875, 0.396875, 0.428125, 0.428125, 0.45625, 0.45625, 0.5046875, 0.5046875, 0.66875, 0.66875, 0.703125, 0.703125, 0.7078125, 0.7078125, 0.71875, 0.71875, 0.75625, 0.75625, 0.7640625, 0.7640625, 0.778125, 0.778125, 0.7890625, 0.7890625, 0.8140625, 0.8140625, 0.828125, 0.828125, 0.8328125, 0.8328125, 0.8375, 0.8375, 0.896875, 0.896875, 1.0], "tpr": [0.0, 0.0, 0.0, 0.03125, 0.03125, 0.09375, 0.09375, 0.125, 0.125, 0.15625, 0.15625, 0.1875, 0.1875, 0.21875, 0.21875, 0.25, 0.25, 0.28125, 0.28125, 0.3125, 0.3125, 0.34375, 0.34375, 0.375, 0.375, 0.40625, 0.40625, 0.4375, 0.4375, 0.46875, 0.46875, 0.5, 0.5, 0.53125, 0.53125, 0.5625, 0.5625, 0.59375, 0.59375, 0.65625, 0.65625, 0.6875, 0.6875, 0.71875, 0.71875, 0.75, 0.75, 0.78125, 0.78125, 0.8125, 0.8125, 0.84375, 0.84375, 0.875, 0.875, 0.90625, 0.90625, 0.9375, 0.9375, 0.96875, 0.96875, 1.0, 1.0], "auc": 0.535}, "variance": {"fpr": [0.0, 0.0, 0.0, 0.003125, 0.009375, 0.0125, 0.0453125, 0.0484375, 0.096875, 0.1, 0.14375, 0.146875, 0.153125, 0.159375, 0.1828125, 0.1859375, 0.1953125, 0.1984375, 0.2234375, 0.2265625, 0.2359375, 0.2390625, 0.2484375, 0.2515625, 0.265625, 0.26875, 0.2859375, 0.2890625, 0.3265625, 0.3296875, 0.353125, 0.35625, 0.3625, 0.365625, 0.415625, 0.415625, 0.421875, 0.425, 0.4328125, 0.4328125, 0.453125, 0.453125, 0.4765625, 0.4765625, 0.4953125, 0.4953125, 0.4984375, 0.5296875, 0.5328125, 0.5359375, 0.5390625, 0.5546875, 0.5609375, 0.5703125, 0.5734375, 0.5796875, 0.5828125, 0.5875, 0.590625, 0.675, 0.678125, 0.69375, 0.696875, 0.7390625, 0.7421875, 0.74375, 0.746875, 0.76875, 0.771875, 0.8578125, 0.8609375, 0.8625, 0.865625, 0.890625, 0.896875, 0.9234375, 0.9265625, 0.946875, 0.953125, 0.965625, 0.96875, 0.9765625, 0.9796875, 0.9796875, 0.99375, 0.99375, 0.996875, 0.996875, 0.9984375, 0.9984375, 1.0, 1.0], "tpr": [0.0, 0.03125, 0.5, 0.5, 0.5, 0.5, 0.5, 0.5, 0.5, 0.5, 0.5, 0.5, 0.5, 0.5, 0.5, 0.5, 0.5, 0.5, 0.5, 0.5, 0.5, 0.5, 0.5, 0.5, 0.5, 0.5, 0.5, 0.5, 0.5, 0.5, 0.5, 0.5, 0.5, 0.5, 0.5, 0.53125, 0.53125, 0.53125, 0.53125, 0.5625, 0.5625, 0.59375, 0.59375, 0.625, 0.625, 0.65625, 0.65625, 0.65625, 0.65625, 0.65625, 0.65625, 0.65625, 0.65625, 0.65625, 0.65625, 0.65625, 0.65625, 0.65625, 0.65625, 0.65625, 0.65625, 0.65625, 0.65625, 0.65625, 0.65625, 0.65625, 0.65625, 0.65625, 0.65625, 0.65625, 0.65625, 0.65625, 0.65625, 0.65625, 0.65625, 0.65625, 0.65625, 0.65625, 0.65625, 0.65625, 0.65625, 0.65625, 0.65625, 0.6875, 0.6875, 0.78125, 0.78125, 0.8125, 0.8125, 0.84375, 0.84375, 1.0], "auc": 0.587}, "lag1_ac": {"fpr": [0.0, 0.0015625, 0.0109375, 0.0140625, 0.0296875, 0.0328125, 0.0484375, 0.0484375, 0.0515625, 0.0515625, 0.0546875, 0.0546875, 0.0625, 0.0625, 0.06875, 0.06875, 0.0703125, 0.0703125, 0.071875, 0.071875, 0.075, 0.08125, 0.084375, 0.090625, 0.090625, 0.09375, 0.09375, 0.1171875, 0.1203125, 0.1234375, 0.1265625, 0.134375, 0.134375, 0.1421875, 0.1421875, 0.14375, 0.14375, 0.146875, 0.146875, 0.1484375, 0.1515625, 0.1609375, 0.1609375, 0.178125, 0.178125, 0.1875, 0.1875, 0.190625, 0.19375, 0.2, 0.2, 0.225, 0.225, 0.228125, 0.234375, 0.2375, 0.25, 0.253125, 0.259375, 0.259375, 0.2734375, 0.2734375, 0.2796875, 0.2796875, 0.2828125, 0.2875, 0.290625, 0.3109375, 0.3109375, 0.3265625, 0.3265625, 0.3296875, 0.3328125, 0.3546875, 0.3578125, 0.3625, 0.365625, 0.4046875, 0.4078125, 0.4171875, 0.4203125, 0.45625, 0.459375, 0.4765625, 0.4796875, 0.48125, 0.484375, 0.5046875, 0.5078125, 0.5234375, 0.5265625, 0.5296875, 0.5328125, 0.5828125, 0.5859375, 0.603125, 0.60625, 0.640625, 0.64375, 0.66875, 0.671875, 0.6921875, 0.6953125, 0.7234375, 0.7265625, 0.734375, 0.7375, 0.7484375, 0.7515625, 0.7953125, 0.7984375, 0.81875, 0.821875, 0.8453125, 0.8484375, 0.8703125, 0.8734375, 0.8875, 0.890625, 0.915625, 0.91875, 0.9390625, 0.9421875, 0.9859375, 0.9890625, 1.0], "tpr": [0.0, 0.0, 0.0, 0.0, 0.0, 0.0, 0.0, 0.03125, 0.03125, 0.125, 0.125, 0.15625, 0.15625, 0.21875, 0.21875, 0.28125, 0.28125, 0.3125, 0.3125, 0.34375, 0.34375, 0.34375, 0.34375, 0.34375, 0.4375, 0.4375, 0.46875, 0.46875, 0.46875, 0.46875, 0.46875, 0.46875, 0.5, 0.5, 0.53125, 0.53125, 0.5625, 0.5625, 0.59375, 0.59375, 0.59375, 0.59375, 0.625, 0.625, 0.65625, 0.65625, 0.71875, 0.71875, 0.71875, 0.71875, 0.75, 0.75, 0.78125, 0.78125, 0.78125, 0.78125, 0.78125, 0.78125, 0.78125, 0.84375, 0.84375, 0.875, 0.875, 0.9375, 0.9375, 0.9375, 0.9375, 0.9375, 0.96875, 0.96875, 1.0, 1.0, 1.0, 1.0, 1.0, 1.0, 1.0, 1.0, 1.0, 1.0, 1.0, 1.0, 1.0, 1.0, 1.0, 1.0, 1.0, 1.0, 1.0, 1.0, 1.0, 1.0, 1.0, 1.0, 1.0, 1.0, 1.0, 1.0, 1.0, 1.0, 1.0, 1.0, 1.0, 1.0, 1.0, 1.0, 1.0, 1.0, 1.0, 1.0, 1.0, 1.0, 1.0, 1.0, 1.0, 1.0, 1.0, 1.0, 1.0, 1.0, 1.0, 1.0, 1.0, 1.0, 1.0, 1.0], "auc": 0.852}, "n_forced": 32, "n_neutral": 640, "N": 672, "mean_p_forced": 0.651, "mean_p_neutral": 0.642}