{"cnn_lstm": {"fpr": [0.0, 0.00125, 0.00125, 0.0025, 0.0025, 0.005, 0.005, 0.00625, 0.0075, 0.00875, 0.01375, 0.01375, 0.01625, 0.0175, 0.0225, 0.02375, 0.0275, 0.03, 0.03125, 0.03375, 0.035, 0.04, 0.04, 0.04125, 0.04375, 0.04625, 0.05, 0.05625, 0.06, 0.0625, 0.06375, 0.06875, 0.07, 0.0725, 0.07375, 0.07375, 0.07625, 0.08125, 0.0875, 0.08875, 0.08875, 0.09125, 0.09375, 0.09625, 0.0975, 0.0975, 0.09875, 0.10125, 0.10625, 0.10875, 0.11125, 0.11125, 0.11375, 0.11375, 0.115, 0.1175, 0.12, 0.12, 0.12875, 0.13, 0.13375, 0.13625, 0.13875, 0.14125, 0.1425, 0.1475, 0.15, 0.16625, 0.16875, 0.1725, 0.175, 0.175, 0.185, 0.1875, 0.19, 0.19, 0.1925, 0.195, 0.19625, 0.1975, 0.1975, 0.19875, 0.19875, 0.205, 0.21, 0.2175, 0.22, 0.22375, 0.22625, 0.2275, 0.23, 0.23125, 0.23375, 0.24375, 0.24375, 0.25, 0.2525, 0.2675, 0.2675, 0.27, 0.2725, 0.2825, 0.2825, 0.2925, 0.295, 0.3075, 0.31, 0.34875, 0.35125, 0.4025, 0.405, 0.42125, 0.42375, 0.50125, 0.50375, 0.51375, 0.51625, 0.56875, 0.56875, 0.5925, 0.5925, 0.6, 0.6, 0.64375, 0.64375, 0.65, 0.65, 0.68125, 0.68125, 0.6875, 0.6875, 0.73, 0.73, 0.73625, 0.73625, 0.75875, 0.75875, 0.7725, 0.7725, 0.805, 0.8075, 0.81625, 0.81625, 0.83875, 0.83875, 0.84125, 0.84125, 0.85125, 0.85125, 0.86, 0.86, 0.88625, 0.88625, 0.8925, 0.8925, 0.905, 0.905, 0.90625, 0.90625, 0.92625, 0.92625, 0.92875, 0.92875, 0.945, 0.945, 0.9475, 0.9475, 0.94875, 0.94875, 0.95, 0.95, 0.95125, 0.95125, 0.95375, 0.95375, 0.95875, 0.95875, 0.96125, 0.96125, 0.96375, 0.96375, 0.965, 0.965, 0.975, 0.975, 0.985, 0.985, 0.99375, 0.99375, 0.995, 0.995, 1.0], "tpr": [0.0, 0.0, 0.0125, 0.0125, 0.025, 0.025, 0.0375, 0.0375, 0.05, 0.05, 0.05, 0.0625, 0.0625, 0.0625, 0.0625, 0.075, 0.075, 0.075, 0.075, 0.075, 0.0875, 0.0875, 0.1, 0.1, 0.125, 0.125, 0.1375, 0.1375, 0.15, 0.15, 0.15, 0.15, 0.15, 0.15, 0.1625, 0.175, 0.175, 0.175, 0.175, 0.2, 0.2125, 0.2125, 0.225, 0.225, 0.2375, 0.2625, 0.2625, 0.2625, 0.2625, 0.275, 0.275, 0.2875, 0.2875, 0.3, 0.3, 0.3, 0.3, 0.3375, 0.3375, 0.35, 0.35, 0.35, 0.35, 0.35, 0.3625, 0.3625, 0.3625, 0.3625, 0.375, 0.3875, 0.3875, 0.4125, 0.4125, 0.4125, 0.4125, 0.425, 0.425, 0.425, 0.4375, 0.4375, 0.45, 0.45, 0.4625, 0.4625, 0.4625, 0.4625, 0.4625, 0.4625, 0.4625, 0.4625, 0.4625, 0.4625, 0.4625, 0.4625, 0.475, 0.475, 0.475, 0.475, 0.4875, 0.4875, 0.4875, 0.4875, 0.5, 0.5, 0.5, 0.5, 0.5, 0.5, 0.5, 0.5, 0.5, 0.5, 0.5, 0.5, 0.5, 0.5, 0.5, 0.5, 0.5125, 0.5125, 0.525, 0.525, 0.5375, 0.5375, 0.55, 0.55, 0.5625, 0.5625, 0.575, 0.575, 0.5875, 0.5875, 0.6, 0.6, 0.6125, 0.6125, 0.625, 0.625, 0.6375, 0.6375, 0.6375, 0.6375, 0.65, 0.65, 0.6625, 0.6625, 0.675, 0.675, 0.6875, 0.6875, 0.7, 0.7, 0.7125, 0.7125, 0.725, 0.725, 0.75, 0.75, 0.7625, 0.7625, 0.775, 0.775, 0.7875, 0.7875, 0.8, 0.8, 0.8125, 0.8125, 0.825, 0.825, 0.8375, 0.8375, 0.875, 0.875, 0.8875, 0.8875, 0.9, 0.9, 0.9125, 0.9125, 0.925, 0.925, 0.9375, 0.9375, 0.95, 0.95, 0.9625, 0.9625, 0.975, 0.975, 1.0, 1.0], "auc": 0.516}, "variance": {"fpr": [0.0, 0.0, 0.0, 0.00875, 0.00875, 0.01, 0.01, 0.01625, 0.01625, 0.01875, 0.01875, 0.02, 0.02, 0.0225, 0.0225, 0.02625, 0.02625, 0.03125, 0.03125, 0.0425, 0.0425, 0.04375, 0.04375, 0.045, 0.045, 0.0525, 0.0525, 0.05375, 0.05375, 0.055, 0.055, 0.0575, 0.0575, 0.06, 0.06, 0.06125, 0.06125, 0.065, 0.065, 0.0725, 0.0725, 0.075, 0.075, 0.08875, 0.08875, 0.095, 0.095, 0.10125, 0.10125, 0.115, 0.115, 0.18125, 0.18125, 0.68875, 0.68875, 0.72, 0.72, 0.72125, 0.72125, 0.7225, 0.7225, 0.725, 0.725, 0.75875, 0.75875, 0.79875, 0.79875, 0.82375, 0.82375, 0.85875, 0.85875, 0.87125, 0.87125, 0.875, 0.875, 0.88, 0.88, 0.88625, 0.88625, 0.8875, 0.8875, 0.88875, 0.88875, 0.89625, 0.89625, 0.915, 0.915, 0.93625, 0.93625, 0.9425, 0.9425, 0.95125, 0.95125, 0.9525, 0.9525, 0.96, 0.96, 0.98125, 0.98125, 0.98625, 0.98625, 0.9875, 0.9875, 1.0, 1.0], "tpr": [0.0, 0.0125, 0.125, 0.125, 0.1375, 0.1375, 0.15, 0.15, 0.1625, 0.1625, 0.175, 0.175, 0.1875, 0.1875, 0.2125, 0.2125, 0.2375, 0.2375, 0.25, 0.25, 0.2625, 0.2625, 0.275, 0.275, 0.2875, 0.2875, 0.3, 0.3, 0.3125, 0.3125, 0.325, 0.325, 0.35, 0.35, 0.3625, 0.3625, 0.4, 0.4, 0.4125, 0.4125, 0.425, 0.425, 0.4375, 0.4375, 0.45, 0.45, 0.4625, 0.4625, 0.475, 0.475, 0.4875, 0.4875, 0.5, 0.5, 0.5125, 0.5125, 0.525, 0.525, 0.5375, 0.5375, 0.5625, 0.5625, 0.575, 0.575, 0.5875, 0.5875, 0.6, 0.6, 0.6125, 0.6125, 0.65, 0.65, 0.6625, 0.6625, 0.6875, 0.6875, 0.7, 0.7, 0.7125, 0.7125, 0.725, 0.725, 0.7375, 0.7375, 0.75, 0.75, 0.7625, 0.7625, 0.775, 0.775, 0.7875, 0.7875, 0.8, 0.8, 0.8375, 0.8375, 0.85, 0.85, 0.875, 0.875, 0.8875, 0.8875, 0.9375, 0.9375, 1.0], "auc": 0.532}, "lag1_ac": {"fpr": [0.0, 0.00125, 0.1575, 0.1575, 0.17, 0.17, 0.21, 0.21, 0.21125, 0.21125, 0.2125, 0.2125, 0.2325, 0.2325, 0.2375, 0.2375, 0.24, 0.24, 0.2475, 0.2475, 0.2675, 0.2675, 0.27625, 0.27625, 0.295, 0.295, 0.305, 0.305, 0.31625, 0.31625, 0.32, 0.32, 0.3225, 0.3225, 0.3325, 0.3325, 0.34, 0.34, 0.37, 0.37, 0.37125, 0.37125, 0.37875, 0.37875, 0.40625, 0.40625, 0.41375, 0.41375, 0.425, 0.425, 0.44, 0.44, 0.45, 0.45, 0.455, 0.455, 0.45625, 0.45625, 0.45875, 0.45875, 0.46625, 0.46625, 0.46875, 0.46875, 0.50625, 0.50625, 0.52125, 0.52125, 0.54125, 0.54125, 0.55125, 0.55125, 0.55375, 0.55375, 0.57, 0.57, 0.575, 0.575, 0.57875, 0.57875, 0.58125, 0.58125, 0.625, 0.625, 0.63, 0.63, 0.675, 0.675, 0.6875, 0.6875, 0.705, 0.705, 0.7175, 0.7175, 0.73, 0.73, 0.7325, 0.7325, 0.73375, 0.73375, 0.7425, 0.7425, 0.755, 0.755, 0.75625, 0.75625, 0.75875, 0.75875, 0.7775, 0.7775, 0.78375, 0.78375, 0.7875, 0.7875, 0.81125, 0.81125, 0.815, 0.815, 0.82125, 0.82125, 0.825, 0.825, 0.83625, 0.83625, 0.9325, 0.9325, 0.94125, 0.94125, 0.9425, 0.9425, 0.9575, 0.9575, 0.96125, 0.96125, 0.9625, 0.9625, 0.96625, 0.96625, 0.98125, 0.98125, 0.9925, 0.9925, 0.99375, 0.99375, 0.9975, 0.9975, 1.0], "tpr": [0.0, 0.0, 0.0, 0.0125, 0.0125, 0.025, 0.025, 0.0375, 0.0375, 0.05, 0.05, 0.0625, 0.0625, 0.075, 0.075, 0.0875, 0.0875, 0.1, 0.1, 0.1125, 0.1125, 0.125, 0.125, 0.1375, 0.1375, 0.1625, 0.1625, 0.175, 0.175, 0.1875, 0.1875, 0.2, 0.2, 0.2125, 0.2125, 0.225, 0.225, 0.2375, 0.2375, 0.25, 0.25, 0.2625, 0.2625, 0.275, 0.275, 0.2875, 0.2875, 0.3, 0.3, 0.3125, 0.3125, 0.325, 0.325, 0.3375, 0.3375, 0.35, 0.35, 0.3625, 0.3625, 0.375, 0.375, 0.3875, 0.3875, 0.4, 0.4, 0.4125, 0.4125, 0.425, 0.425, 0.4375, 0.4375, 0.45, 0.45, 0.4625, 0.4625, 0.475, 0.475, 0.4875, 0.4875, 0.5, 0.5, 0.5125, 0.5125, 0.525, 0.525, 0.55, 0.55, 0.5625, 0.5625, 0.575, 0.575, 0.5875, 0.5875, 0.6, 0.6, 0.6125, 0.6125, 0.625, 0.625, 0.6375, 0.6375, 0.6625, 0.6625, 0.675, 0.675, 0.6875, 0.6875, 0.7, 0.7, 0.7125, 0.7125, 0.725, 0.725, 0.7375, 0.7375, 0.75, 0.75, 0.7625, 0.7625, 0.775, 0.775, 0.7875, 0.7875, 0.8, 0.8, 0.8125, 0.8125, 0.825, 0.825, 0.8375, 0.8375, 0.85, 0.85, 0.8625, 0.8625, 0.9, 0.9, 0.9125, 0.9125, 0.925, 0.925, 0.9625, 0.9625, 0.9875, 0.9875, 1.0, 1.0], "auc": 0.398}, "n_forced": 80, "n_neutral": 800, "N": 880, "mean_p_forced": 0.993, "mean_p_neutral": 0.997}