{"cnn_lstm": {"fpr": [0.0, 0.0, 0.0, 0.0, 0.0, 0.0, 0.0, 0.0, 0.0, 0.0, 0.0, 0.0, 0.0, 0.0, 0.0, 0.0, 0.0, 0.0, 0.0125, 0.0125, 0.025, 0.025, 0.05, 0.0875, 0.1, 0.11875, 0.14375, 0.16875, 0.18125, 0.25625, 0.28125, 0.31875, 0.36875, 0.3875, 0.4, 0.45, 0.4625, 0.5375, 0.55625, 0.59375, 0.6, 0.625, 0.64375, 0.65, 0.675, 0.73125, 0.7375, 0.775, 0.775, 0.86875, 0.90625, 0.90625, 0.90625, 0.925, 0.95, 0.95, 0.9625, 0.98125, 0.98125, 0.98125, 0.99375, 0.99375, 1.0, 1.0, 1.0, 1.0, 1.0], "tpr": [0.0, 0.00625, 0.025, 0.0375, 0.04375, 0.05625, 0.1125, 0.125, 0.14375, 0.16875, 0.20625, 0.26875, 0.30625, 0.3375, 0.375, 0.43125, 0.44375, 0.4625, 0.4625, 0.48125, 0.48125, 0.5, 0.5, 0.5, 0.5, 0.5, 0.5, 0.5, 0.5, 0.5, 0.5, 0.5, 0.5, 0.5, 0.5, 0.5, 0.5, 0.5, 0.5, 0.5, 0.5, 0.5, 0.5, 0.5, 0.5, 0.5, 0.5, 0.5, 0.50625, 0.50625, 0.50625, 0.5125, 0.53125, 0.53125, 0.53125, 0.60625, 0.60625, 0.60625, 0.64375, 0.66875, 0.66875, 0.74375, 0.74375, 0.93125, 0.95625, 0.975, 1.0], "auc": 0.508}, "variance": {"fpr": [0.0, 0.025, 0.175, 0.18125, 0.20625, 0.225, 0.25, 0.25, 0.26875, 0.28125, 0.3, 0.325, 0.325, 0.34375, 0.35625, 0.35625, 0.35625, 0.35625, 0.35625, 0.375, 0.375, 0.375, 0.4125, 0.425, 0.44375, 0.49375, 0.49375, 0.49375, 0.49375, 0.49375, 0.49375, 0.49375, 0.5, 0.5, 0.50625, 0.51875, 0.51875, 0.51875, 0.55625, 0.56875, 0.60625, 0.60625, 0.63125, 0.6875, 0.7125, 0.75, 0.75, 0.75, 0.75, 0.75, 0.75, 0.75, 0.75, 0.75, 0.75, 0.75, 0.76875, 0.76875, 0.79375, 0.85, 0.8875, 0.90625, 0.91875, 0.9375, 0.9625, 0.98125, 0.99375, 1.0, 1.0, 1.0, 1.0, 1.0, 1.0, 1.0, 1.0, 1.0, 1.0], "tpr": [0.0, 0.0, 0.0, 0.0, 0.0, 0.0, 0.0, 0.1875, 0.1875, 0.1875, 0.1875, 0.1875, 0.20625, 0.20625, 0.20625, 0.225, 0.2375, 0.25625, 0.26875, 0.26875, 0.2875, 0.3, 0.3, 0.3, 0.3, 0.3, 0.3125, 0.325, 0.3375, 0.35625, 0.38125, 0.4375, 0.4375, 0.45625, 0.45625, 0.45625, 0.475, 0.5, 0.5, 0.5, 0.5, 0.50625, 0.50625, 0.50625, 0.50625, 0.50625, 0.51875, 0.55625, 0.56875, 0.60625, 0.61875, 0.6375, 0.6625, 0.7, 0.7125, 0.73125, 0.73125, 0.75, 0.75, 0.75, 0.75, 0.75, 0.75, 0.75, 0.75, 0.75, 0.75, 0.75, 0.80625, 0.8125, 0.85, 0.875, 0.89375, 0.91875, 0.95625, 0.98125, 1.0], "auc": 0.376}, "lag1_ac": {"fpr": [0.0, 0.00625, 0.03125, 0.05, 0.25, 0.25, 0.26875, 0.30625, 0.3625, 0.375, 0.43125, 0.45625, 0.475, 0.4875, 0.50625, 0.53125, 0.55, 0.55625, 0.61875, 0.6375, 0.65, 0.65, 0.6625, 0.68125, 0.68125, 0.68125, 0.68125, 0.68125, 0.69375, 0.7125, 0.725, 0.725, 0.7375, 0.7375, 0.75625, 0.75625, 0.75625, 0.78125, 0.81875, 0.83125, 0.83125, 0.83125, 0.83125, 0.83125, 0.84375, 0.84375, 0.8625, 0.8625, 0.875, 0.875, 0.93125, 0.93125, 0.93125, 0.93125, 0.93125, 0.95, 0.95, 0.95, 0.9625, 0.9625, 0.9625, 0.98125, 0.98125, 1.0, 1.0, 1.0, 1.0, 1.0, 1.0, 1.0, 1.0, 1.0, 1.0, 1.0, 1.0], "tpr": [0.0, 0.0, 0.0, 0.0, 0.0, 0.16875, 0.16875, 0.16875, 0.16875, 0.16875, 0.16875, 0.16875, 0.16875, 0.16875, 0.16875, 0.16875, 0.16875, 0.16875, 0.16875, 0.16875, 0.16875, 0.1875, 0.1875, 0.1875, 0.2, 0.2375, 0.25, 0.26875, 0.26875, 0.26875, 0.26875, 0.2875, 0.2875, 0.30625, 0.30625, 0.325, 0.33125, 0.33125, 0.33125, 0.33125, 0.34375, 0.36875, 0.40625, 0.4125, 0.4125, 0.43125, 0.43125, 0.44375, 0.44375, 0.4625, 0.4625, 0.51875, 0.54375, 0.55625, 0.575, 0.575, 0.6125, 0.625, 0.625, 0.64375, 0.66875, 0.66875, 0.675, 0.675, 0.7, 0.7375, 0.7625, 0.78125, 0.79375, 0.8, 0.85625, 0.89375, 0.9125, 0.925, 1.0], "auc": 0.208}, "n_forced": 160, "n_neutral": 160, "N": 320, "mean_p_forced": 0.995, "mean_p_neutral": 0.998}