{"cnn": {"fpr": [0.0, 0.00125, 0.08125, 0.08125, 0.0875, 0.0875, 0.09125, 0.09125, 0.10125, 0.10125, 0.11375, 0.11375, 0.1625, 0.1625, 0.21, 0.21, 0.22625, 0.22625, 0.24, 0.24, 0.24625, 0.24625, 0.2825, 0.2825, 0.29625, 0.29625, 0.32125, 0.32125, 0.325, 0.325, 0.34125, 0.34125, 0.36125, 0.36125, 0.3925, 0.3925, 0.49875, 0.49875, 0.53875, 0.53875, 0.54125, 0.54125, 0.55625, 0.55625, 0.61375, 0.61375, 0.62, 0.62, 0.6575, 0.6575, 0.67625, 0.67625, 0.71, 0.71, 0.72625, 0.72625, 0.73875, 0.73875, 0.7525, 0.7525, 0.87625, 0.87625, 1.0], "tpr": [0.0, 0.0, 0.0, 0.03125, 0.03125, 0.09375, 0.09375, 0.125, 0.125, 0.15625, 0.15625, 0.1875, 0.1875, 0.21875, 0.21875, 0.25, 0.25, 0.28125, 0.28125, 0.3125, 0.3125, 0.34375, 0.34375, 0.375, 0.375, 0.40625, 0.40625, 0.4375, 0.4375, 0.46875, 0.46875, 0.5, 0.5, 0.53125, 0.53125, 0.5625, 0.5625, 0.59375, 0.59375, 0.625, 0.625, 0.6875, 0.6875, 0.71875, 0.71875, 0.75, 0.75, 0.78125, 0.78125, 0.8125, 0.8125, 0.84375, 0.84375, 0.875, 0.875, 0.90625, 0.90625, 0.9375, 0.9375, 0.96875, 0.96875, 1.0, 1.0], "auc": 0.593}, "variance": {"fpr": [0.0, 0.00125, 0.03375, 0.03375, 0.03625, 0.03625, 0.0425, 0.0425, 0.04375, 0.04375, 0.04625, 0.04625, 0.04875, 0.04875, 0.05, 0.05, 0.2925, 0.2925, 0.2975, 0.2975, 0.30875, 0.30875, 0.3175, 0.3175, 0.33125, 0.33125, 0.61625, 0.61625, 0.68375, 0.68375, 0.69375, 0.69375, 0.7, 0.7, 0.72125, 0.72125, 0.735, 0.735, 0.76875, 0.76875, 0.81125, 0.81125, 0.8575, 0.8575, 0.86875, 0.86875, 0.8825, 0.8825, 1.0], "tpr": [0.0, 0.0, 0.0, 0.09375, 0.09375, 0.125, 0.125, 0.15625, 0.15625, 0.28125, 0.28125, 0.40625, 0.40625, 0.46875, 0.46875, 0.5, 0.5, 0.53125, 0.53125, 0.5625, 0.5625, 0.59375, 0.59375, 0.625, 0.625, 0.65625, 0.65625, 0.6875, 0.6875, 0.71875, 0.71875, 0.75, 0.75, 0.78125, 0.78125, 0.8125, 0.8125, 0.84375, 0.84375, 0.875, 0.875, 0.90625, 0.90625, 0.9375, 0.9375, 0.96875, 0.96875, 1.0, 1.0], "auc": 0.67}, "lag1_ac": {"fpr": [0.0, 0.00125, 0.385, 0.385, 0.43125, 0.43125, 0.4325, 0.4325, 0.43375, 0.43375, 0.45, 0.45, 0.4625, 0.4625, 0.46625, 0.46625, 0.48, 0.48, 0.48375, 0.48375, 0.49375, 0.49375, 0.49875, 0.49875, 0.5675, 0.5675, 0.56875, 0.56875, 0.5825, 0.5825, 0.6025, 0.6025, 0.81625, 0.81625, 0.84, 0.84, 0.84375, 0.84375, 0.855, 0.855, 0.86375, 0.86375, 0.88125, 0.88125, 0.89375, 0.89375, 0.89625, 0.89625, 0.90625, 0.90625, 0.91875, 0.91875, 0.92875, 0.92875, 0.93375, 0.93375, 0.93875, 0.93875, 0.9475, 0.9475, 0.9575, 0.9575, 1.0], "tpr": [0.0, 0.0, 0.0, 0.03125, 0.03125, 0.0625, 0.0625, 0.09375, 0.09375, 0.125, 0.125, 0.15625, 0.15625, 0.1875, 0.1875, 0.21875, 0.21875, 0.25, 0.25, 0.28125, 0.28125, 0.3125, 0.3125, 0.34375, 0.34375, 0.375, 0.375, 0.40625, 0.40625, 0.4375, 0.4375, 0.46875, 0.46875, 0.5, 0.5, 0.53125, 0.53125, 0.5625, 0.5625, 0.59375, 0.59375, 0.625, 0.625, 0.65625, 0.65625, 0.6875, 0.6875, 0.71875, 0.71875, 0.75, 0.75, 0.78125, 0.78125, 0.84375, 0.84375, 0.875, 0.875, 0.9375, 0.9375, 0.96875, 0.96875, 1.0, 1.0], "auc": 0.293}, "n_forced": 32, "n_neutral": 800, "N": 832, "mean_p_forced": 0.651, "mean_p_neutral": 0.634}