{"cnn_lstm": {"fpr": [0.0, 0.00125, 0.0075, 0.0125, 0.02375, 0.02625, 0.03, 0.035, 0.03875, 0.0425, 0.0475, 0.0525, 0.05375, 0.05625, 0.05625, 0.05875, 0.06, 0.0625, 0.0675, 0.0725, 0.075, 0.07875, 0.08125, 0.08375, 0.08875, 0.0975, 0.1, 0.10125, 0.10375, 0.1075, 0.11125, 0.115, 0.1175, 0.12, 0.1225, 0.1325, 0.1375, 0.14125, 0.14125, 0.1425, 0.14375, 0.14625, 0.14875, 0.15, 0.15125, 0.15125, 0.15625, 0.15625, 0.15625, 0.1575, 0.1575, 0.15875, 0.16125, 0.1625, 0.1625, 0.17875, 0.17875, 0.18375, 0.185, 0.19875, 0.19875, 0.2025, 0.215, 0.2175, 0.22625, 0.22875, 0.24125, 0.24375, 0.25875, 0.26125, 0.26875, 0.26875, 0.27375, 0.27625, 0.27625, 0.28125, 0.28125, 0.28375, 0.28875, 0.31625, 0.31625, 0.325, 0.3275, 0.34625, 0.34625, 0.3575, 0.3575, 0.36, 0.36, 0.3825, 0.3825, 0.385, 0.385, 0.3875, 0.3875, 0.39, 0.3925, 0.39375, 0.39375, 0.3975, 0.3975, 0.40125, 0.40125, 1.0], "tpr": [0.0, 0.0, 0.0, 0.0, 0.0, 0.0, 0.0, 0.0, 0.0, 0.0, 0.0, 0.0, 0.0, 0.0, 0.03125, 0.03125, 0.03125, 0.03125, 0.03125, 0.03125, 0.03125, 0.03125, 0.03125, 0.03125, 0.03125, 0.03125, 0.03125, 0.03125, 0.03125, 0.03125, 0.03125, 0.03125, 0.03125, 0.03125, 0.03125, 0.03125, 0.03125, 0.03125, 0.0625, 0.125, 0.125, 0.125, 0.125, 0.15625, 0.15625, 0.1875, 0.1875, 0.25, 0.3125, 0.3125, 0.375, 0.40625, 0.40625, 0.40625, 0.4375, 0.4375, 0.46875, 0.46875, 0.5, 0.5, 0.53125, 0.53125, 0.53125, 0.53125, 0.53125, 0.53125, 0.53125, 0.53125, 0.53125, 0.53125, 0.53125, 0.5625, 0.5625, 0.5625, 0.59375, 0.59375, 0.625, 0.625, 0.625, 0.625, 0.65625, 0.65625, 0.65625, 0.65625, 0.6875, 0.6875, 0.71875, 0.71875, 0.75, 0.75, 0.78125, 0.78125, 0.8125, 0.8125, 0.875, 0.875, 0.875, 0.875, 0.9375, 0.9375, 0.96875, 0.96875, 1.0, 1.0], "auc": 0.752}, "variance": {"fpr": [0.0, 0.00125, 0.03375, 0.03375, 0.03625, 0.03625, 0.0425, 0.0425, 0.04375, 0.04375, 0.04625, 0.04625, 0.04875, 0.04875, 0.05, 0.05, 0.2925, 0.2925, 0.2975, 0.2975, 0.30875, 0.30875, 0.3175, 0.3175, 0.33125, 0.33125, 0.61625, 0.61625, 0.68375, 0.68375, 0.69375, 0.69375, 0.7, 0.7, 0.72125, 0.72125, 0.735, 0.735, 0.76875, 0.76875, 0.81125, 0.81125, 0.8575, 0.8575, 0.86875, 0.86875, 0.8825, 0.8825, 1.0], "tpr": [0.0, 0.0, 0.0, 0.09375, 0.09375, 0.125, 0.125, 0.15625, 0.15625, 0.28125, 0.28125, 0.40625, 0.40625, 0.46875, 0.46875, 0.5, 0.5, 0.53125, 0.53125, 0.5625, 0.5625, 0.59375, 0.59375, 0.625, 0.625, 0.65625, 0.65625, 0.6875, 0.6875, 0.71875, 0.71875, 0.75, 0.75, 0.78125, 0.78125, 0.8125, 0.8125, 0.84375, 0.84375, 0.875, 0.875, 0.90625, 0.90625, 0.9375, 0.9375, 0.96875, 0.96875, 1.0, 1.0], "auc": 0.67}, "lag1_ac": {"fpr": [0.0, 0.00125, 0.385, 0.385, 0.43125, 0.43125, 0.4325, 0.4325, 0.43375, 0.43375, 0.45, 0.45, 0.4625, 0.4625, 0.46625, 0.46625, 0.48, 0.48, 0.48375, 0.48375, 0.49375, 0.49375, 0.49875, 0.49875, 0.5675, 0.5675, 0.56875, 0.56875, 0.5825, 0.5825, 0.6025, 0.6025, 0.81625, 0.81625, 0.84, 0.84, 0.84375, 0.84375, 0.855, 0.855, 0.86375, 0.86375, 0.88125, 0.88125, 0.89375, 0.89375, 0.89625, 0.89625, 0.90625, 0.90625, 0.91875, 0.91875, 0.92875, 0.92875, 0.93375, 0.93375, 0.93875, 0.93875, 0.9475, 0.9475, 0.9575, 0.9575, 1.0], "tpr": [0.0, 0.0, 0.0, 0.03125, 0.03125, 0.0625, 0.0625, 0.09375, 0.09375, 0.125, 0.125, 0.15625, 0.15625, 0.1875, 0.1875, 0.21875, 0.21875, 0.25, 0.25, 0.28125, 0.28125, 0.3125, 0.3125, 0.34375, 0.34375, 0.375, 0.375, 0.40625, 0.40625, 0.4375, 0.4375, 0.46875, 0.46875, 0.5, 0.5, 0.53125, 0.53125, 0.5625, 0.5625, 0.59375, 0.59375, 0.625, 0.625, 0.65625, 0.65625, 0.6875, 0.6875, 0.71875, 0.71875, 0.75, 0.75, 0.78125, 0.78125, 0.84375, 0.84375, 0.875, 0.875, 0.9375, 0.9375, 0.96875, 0.96875, 1.0, 1.0], "auc": 0.293}, "n_forced": 32, "n_neutral": 800, "N": 832, "mean_p_forced": 1.0, "mean_p_neutral": 0.994}