{"cnn": {"fpr": [0.0, 0.009375, 0.015625, 0.03125, 0.05, 0.05625, 0.059375, 0.075, 0.08125, 0.084375, 0.1, 0.1125, 0.128125, 0.134375, 0.14375, 0.146875, 0.15625, 0.159375, 0.165625, 0.175, 0.1875, 0.196875, 0.215625, 0.225, 0.2375, 0.240625, 0.253125, 0.284375, 0.296875, 0.3125, 0.315625, 0.334375, 0.35, 0.378125, 0.39375, 0.396875, 0.415625, 0.44375, 0.45, 0.459375, 0.4625, 0.46875, 0.478125, 0.490625, 0.496875, 0.50625, 0.509375, 0.515625, 0.528125, 0.5375, 0.54375, 0.546875, 0.553125, 0.55625, 0.5625, 0.575, 0.578125, 0.596875, 0.6, 0.6125, 0.621875, 0.63125, 0.634375, 0.646875, 0.659375, 0.66875, 0.68125, 0.690625, 0.7125, 0.71875, 0.721875, 0.728125, 0.740625, 0.746875, 0.759375, 0.765625, 0.76875, 0.8, 0.815625, 0.825, 0.828125, 0.840625, 0.88125, 0.890625, 0.90625, 0.9125, 0.93125, 0.9375, 1.0, 1.0], "tpr": [0.0, 0.0, 0.0, 0.0, 0.0, 0.0, 0.0, 0.0, 0.0, 0.0, 0.0, 0.0, 0.0, 0.0, 0.0, 0.0, 0.0, 0.0, 0.0, 0.0, 0.0, 0.0, 0.0, 0.0, 0.0, 0.0, 0.0, 0.0, 0.0, 0.0, 0.0, 0.0, 0.0, 0.0, 0.0, 0.0, 0.0, 0.0, 0.0, 0.0, 0.0, 0.0, 0.0, 0.0, 0.0, 0.0, 0.0, 0.0, 0.0, 0.0, 0.0, 0.0, 0.0, 0.0, 0.0, 0.0, 0.0, 0.0, 0.0, 0.0, 0.0, 0.0, 0.0, 0.0, 0.0, 0.0, 0.0, 0.0, 0.0, 0.0, 0.0, 0.0, 0.0, 0.0, 0.0, 0.0, 0.0, 0.0, 0.0, 0.0, 0.0, 0.0, 0.0, 0.0, 0.0, 0.0, 0.0, 0.0, 0.0, 1.0], "auc": 0.0}, "variance": {"fpr": [0.0, 0.003125, 1.0, 1.0], "tpr": [0.0, 0.0, 0.0, 1.0], "auc": 0.0}, "lag1_ac": {"fpr": [0.0, 0.003125, 0.009375, 0.009375, 0.021875, 0.021875, 0.046875, 0.046875, 0.059375, 0.059375, 0.16875, 0.16875, 0.61875, 0.61875, 0.621875, 0.621875, 0.684375, 0.684375, 0.734375, 0.734375, 0.828125, 0.828125, 0.84375, 0.84375, 0.846875, 0.846875, 0.8875, 0.8875, 0.915625, 0.915625, 1.0], "tpr": [0.0, 0.0, 0.0, 0.0625, 0.0625, 0.125, 0.125, 0.1875, 0.1875, 0.25, 0.25, 0.3125, 0.3125, 0.4375, 0.4375, 0.5, 0.5, 0.5625, 0.5625, 0.625, 0.625, 0.6875, 0.6875, 0.75, 0.75, 0.875, 0.875, 0.9375, 0.9375, 1.0, 1.0], "auc": 0.453}, "n_forced": 16, "n_neutral": 320, "N": 336, "mean_p_forced": 0.84, "mean_p_neutral": 1.0}