{"cnn_lstm": {"fpr": [0.0, 0.003125, 0.046875, 0.046875, 0.1, 0.10625, 0.128125, 0.134375, 0.15, 0.15625, 0.159375, 0.165625, 0.175, 0.18125, 0.184375, 0.190625, 0.19375, 0.19375, 0.209375, 0.215625, 0.21875, 0.21875, 0.259375, 0.265625, 0.278125, 0.284375, 0.315625, 0.31875, 0.446875, 0.453125, 0.578125, 0.58125, 0.60625, 0.609375, 0.6125, 0.6125, 0.615625, 0.615625, 0.61875, 0.61875, 0.6375, 0.6375, 0.653125, 0.659375, 0.66875, 0.675, 0.675, 0.690625, 0.696875, 0.76875, 0.771875, 0.803125, 0.809375, 0.84375, 0.85, 0.853125, 0.853125, 0.871875, 0.871875, 0.9375, 0.9375, 0.978125, 0.978125, 1.0], "tpr": [0.0, 0.0, 0.0, 0.0625, 0.0625, 0.0625, 0.0625, 0.0625, 0.0625, 0.0625, 0.0625, 0.0625, 0.0625, 0.0625, 0.0625, 0.0625, 0.0625, 0.125, 0.125, 0.125, 0.125, 0.1875, 0.1875, 0.1875, 0.1875, 0.1875, 0.1875, 0.25, 0.25, 0.25, 0.25, 0.3125, 0.3125, 0.375, 0.375, 0.4375, 0.4375, 0.5, 0.5, 0.5625, 0.5625, 0.625, 0.625, 0.625, 0.625, 0.625, 0.6875, 0.6875, 0.6875, 0.6875, 0.75, 0.75, 0.75, 0.75, 0.75, 0.75, 0.8125, 0.8125, 0.875, 0.875, 0.9375, 0.9375, 1.0, 1.0], "auc": 0.404}, "variance": {"fpr": [0.0, 0.003125, 0.90625, 0.90625, 0.909375, 0.909375, 0.940625, 0.940625, 0.946875, 0.946875, 0.959375, 0.959375, 0.978125, 0.978125, 1.0, 1.0], "tpr": [0.0, 0.0, 0.0, 0.0625, 0.0625, 0.125, 0.125, 0.1875, 0.1875, 0.3125, 0.3125, 0.375, 0.375, 0.4375, 0.4375, 1.0], "auc": 0.026}, "lag1_ac": {"fpr": [0.0, 0.003125, 1.0, 1.0], "tpr": [0.0, 0.0, 0.0, 1.0], "auc": 0.0}, "n_forced": 16, "n_neutral": 320, "N": 336, "mean_p_forced": 1.0, "mean_p_neutral": 1.0}