{"cnn_lstm": {"fpr": [0.0, 0.00125, 0.01375, 0.02625, 0.035, 0.0375, 0.045, 0.0475, 0.05125, 0.05375, 0.07625, 0.07875, 0.0825, 0.085, 0.08875, 0.09125, 0.1075, 0.1125, 0.12375, 0.12625, 0.13125, 0.13625, 0.15, 0.1525, 0.155, 0.1575, 0.19, 0.19125, 0.19375, 0.19625, 0.20625, 0.20875, 0.2175, 0.22125, 0.2225, 0.2275, 0.23625, 0.23875, 0.24625, 0.24875, 0.25625, 0.25875, 0.26875, 0.27125, 0.27625, 0.27875, 0.2875, 0.2875, 0.295, 0.295, 0.3, 0.3025, 0.305, 0.3075, 0.32, 0.3225, 0.3275, 0.33, 0.335, 0.3375, 0.345, 0.3475, 0.355, 0.355, 0.3625, 0.365, 0.37875, 0.37875, 0.39625, 0.4, 0.42, 0.4225, 0.4425, 0.4425, 0.4625, 0.4625, 0.46375, 0.465, 0.46625, 0.46625, 0.4675, 0.4675, 0.47375, 0.47375, 0.485, 0.485, 0.4875, 0.49, 0.4975, 0.5, 0.51375, 0.51375, 0.5225, 0.525, 0.53125, 0.53375, 0.5425, 0.5425, 0.55, 0.55, 0.5775, 0.5775, 0.585, 0.585, 0.595, 0.595, 0.6075, 0.6075, 0.6425, 0.6425, 1.0], "tpr": [0.0, 0.0, 0.0, 0.0, 0.0, 0.0, 0.0, 0.0, 0.0, 0.0, 0.0, 0.0, 0.0, 0.0, 0.0, 0.0, 0.0, 0.0, 0.0, 0.0, 0.0, 0.0, 0.0, 0.0, 0.0, 0.0, 0.0, 0.05, 0.05, 0.05, 0.05, 0.05, 0.05, 0.05, 0.05, 0.05, 0.05, 0.05, 0.05, 0.05, 0.05, 0.05, 0.05, 0.05, 0.05, 0.05, 0.05, 0.1, 0.1, 0.15, 0.15, 0.15, 0.15, 0.15, 0.15, 0.15, 0.15, 0.15, 0.15, 0.15, 0.15, 0.15, 0.15, 0.2, 0.2, 0.2, 0.2, 0.25, 0.25, 0.25, 0.25, 0.25, 0.25, 0.3, 0.3, 0.35, 0.35, 0.4, 0.4, 0.45, 0.45, 0.5, 0.5, 0.55, 0.55, 0.6, 0.6, 0.6, 0.6, 0.6, 0.6, 0.65, 0.65, 0.65, 0.65, 0.65, 0.65, 0.7, 0.7, 0.75, 0.75, 0.8, 0.8, 0.85, 0.85, 0.9, 0.9, 0.95, 0.95, 1.0, 1.0], "auc": 0.531}, "variance": {"fpr": [0.0, 0.0, 0.0, 1.0], "tpr": [0.0, 0.05, 1.0, 1.0], "auc": 1.0}, "lag1_ac": {"fpr": [0.0, 0.00125, 0.11125, 0.11125, 0.18, 0.18, 0.235, 0.235, 0.23875, 0.23875, 0.28875, 0.28875, 0.35875, 0.35875, 0.39625, 0.39625, 0.4125, 0.4125, 0.4325, 0.4325, 0.43375, 0.43375, 0.4425, 0.4425, 0.4475, 0.4475, 0.455, 0.455, 0.4675, 0.4675, 0.49875, 0.49875, 0.50875, 0.50875, 0.53125, 0.53125, 0.53625, 0.53625, 0.58625, 0.58625, 0.6475, 0.6475, 1.0], "tpr": [0.0, 0.0, 0.0, 0.05, 0.05, 0.1, 0.1, 0.15, 0.15, 0.2, 0.2, 0.25, 0.25, 0.3, 0.3, 0.35, 0.35, 0.4, 0.4, 0.45, 0.45, 0.5, 0.5, 0.55, 0.55, 0.6, 0.6, 0.65, 0.65, 0.7, 0.7, 0.75, 0.75, 0.8, 0.8, 0.85, 0.85, 0.9, 0.9, 0.95, 0.95, 1.0, 1.0], "auc": 0.59}, "n_forced": 20, "n_neutral": 800, "N": 820, "mean_p_forced": 1.0, "mean_p_neutral": 0.995}