{"cnn": {"fpr": [0.0, 0.00125, 0.01, 0.01, 0.01875, 0.01875, 0.02, 0.02, 0.02625, 0.02625, 0.02875, 0.02875, 0.03125, 0.03125, 0.035, 0.035, 0.055, 0.055, 0.06125, 0.06125, 0.10625, 0.10625, 0.14375, 0.14375, 0.16, 0.16, 0.26125, 0.26125, 0.27875, 0.27875, 0.29625, 0.29625, 0.315, 0.315, 0.38625, 0.38625, 0.39, 0.39, 0.405, 0.405, 0.40625, 0.40625, 0.41375, 0.41375, 0.42375, 0.42375, 0.44875, 0.44875, 0.50875, 0.50875, 0.59375, 0.59375, 0.6025, 0.6025, 0.67625, 0.67625, 0.7175, 0.7175, 0.72125, 0.72125, 0.745, 0.745, 0.75625, 0.75625, 0.78375, 0.78375, 1.0], "tpr": [0.0, 0.0, 0.0, 0.03125, 0.03125, 0.0625, 0.0625, 0.09375, 0.09375, 0.125, 0.125, 0.15625, 0.15625, 0.1875, 0.1875, 0.21875, 0.21875, 0.25, 0.25, 0.28125, 0.28125, 0.3125, 0.3125, 0.34375, 0.34375, 0.375, 0.375, 0.40625, 0.40625, 0.4375, 0.4375, 0.46875, 0.46875, 0.5, 0.5, 0.53125, 0.53125, 0.5625, 0.5625, 0.59375, 0.59375, 0.625, 0.625, 0.65625, 0.65625, 0.6875, 0.6875, 0.71875, 0.71875, 0.75, 0.75, 0.78125, 0.78125, 0.8125, 0.8125, 0.84375, 0.84375, 0.875, 0.875, 0.90625, 0.90625, 0.9375, 0.9375, 0.96875, 0.96875, 1.0, 1.0], "auc": 0.662}, "variance": {"fpr": [0.0, 0.00125, 0.17625, 0.17625, 0.19, 0.19, 0.19625, 0.19625, 0.205, 0.205, 0.21125, 0.21125, 0.26375, 0.26375, 0.27875, 0.27875, 0.3625, 0.3625, 0.3875, 0.3875, 0.405, 0.405, 0.44, 0.44, 0.4525, 0.4525, 0.46625, 0.46625, 0.4925, 0.4925, 0.5075, 0.5075, 0.6025, 0.6025, 0.99875, 0.99875, 1.0, 1.0], "tpr": [0.0, 0.0, 0.0, 0.03125, 0.03125, 0.0625, 0.0625, 0.09375, 0.09375, 0.125, 0.125, 0.15625, 0.15625, 0.1875, 0.1875, 0.21875, 0.21875, 0.25, 0.25, 0.28125, 0.28125, 0.3125, 0.3125, 0.34375, 0.34375, 0.375, 0.375, 0.40625, 0.40625, 0.4375, 0.4375, 0.46875, 0.46875, 0.5, 0.5, 0.5625, 0.5625, 1.0], "auc": 0.324}, "lag1_ac": {"fpr": [0.0, 0.00125, 0.21875, 0.21875, 0.2425, 0.2425, 0.24625, 0.24625, 0.30375, 0.30375, 0.3075, 0.3075, 0.36875, 0.36875, 0.41, 0.41, 0.445, 0.445, 0.4475, 0.4475, 0.455, 0.455, 0.465, 0.465, 0.46875, 0.46875, 0.48625, 0.48625, 0.505, 0.505, 0.5075, 0.5075, 0.51125, 0.51125, 0.53125, 0.53125, 0.55375, 0.55375, 0.55625, 0.55625, 0.56375, 0.56375, 0.57375, 0.57375, 0.59125, 0.59125, 0.62875, 0.62875, 0.635, 0.635, 0.64125, 0.64125, 0.7, 0.7, 0.715, 0.715, 0.71625, 0.71625, 0.72875, 0.72875, 1.0], "tpr": [0.0, 0.0, 0.0, 0.03125, 0.03125, 0.0625, 0.0625, 0.09375, 0.09375, 0.125, 0.125, 0.15625, 0.15625, 0.1875, 0.1875, 0.21875, 0.21875, 0.28125, 0.28125, 0.3125, 0.3125, 0.34375, 0.34375, 0.375, 0.375, 0.40625, 0.40625, 0.4375, 0.4375, 0.46875, 0.46875, 0.5, 0.5, 0.53125, 0.53125, 0.5625, 0.5625, 0.59375, 0.59375, 0.625, 0.625, 0.65625, 0.65625, 0.6875, 0.6875, 0.71875, 0.71875, 0.78125, 0.78125, 0.8125, 0.8125, 0.84375, 0.84375, 0.90625, 0.90625, 0.9375, 0.9375, 0.96875, 0.96875, 1.0, 1.0], "auc": 0.491}, "n_forced": 32, "n_neutral": 800, "N": 832, "mean_p_forced": 0.694, "mean_p_neutral": 0.644}