{"cnn_lstm": {"fpr": [0.0, 0.0025, 0.00625, 0.01125, 0.01375, 0.01625, 0.0175, 0.02125, 0.0225, 0.025, 0.0275, 0.03125, 0.0325, 0.035, 0.03625, 0.03875, 0.0425, 0.0475, 0.05125, 0.05625, 0.0575, 0.06125, 0.0625, 0.065, 0.06625, 0.06875, 0.07, 0.07, 0.0725, 0.0825, 0.08375, 0.08625, 0.09, 0.0925, 0.09375, 0.09625, 0.1, 0.1025, 0.10625, 0.10625, 0.1075, 0.11125, 0.11375, 0.1175, 0.11875, 0.12125, 0.12375, 0.12625, 0.13, 0.13125, 0.13375, 0.13375, 0.135, 0.135, 0.13625, 0.13625, 0.1375, 0.1375, 0.13875, 0.14125, 0.1425, 0.1425, 0.14375, 0.14625, 0.1475, 0.15, 0.155, 0.155, 0.15625, 0.15875, 0.16, 0.16, 0.16125, 0.16125, 0.165, 0.165, 0.17, 0.17, 0.1725, 0.1725, 0.17375, 0.17375, 0.17875, 0.18125, 0.18125, 0.18375, 0.18375, 0.1875, 0.18875, 0.18875, 0.1925, 0.19625, 0.19875, 0.2, 0.20125, 0.205, 0.21625, 0.22, 0.2225, 0.225, 0.22625, 0.22625, 0.2275, 0.22875, 0.22875, 0.23, 0.2325, 0.23625, 0.245, 0.24625, 0.25, 0.2525, 0.25375, 0.255, 0.26, 0.275, 0.2775, 0.27875, 0.28125, 0.2825, 0.29125, 0.29375, 0.295, 0.29875, 0.30125, 0.30625, 0.30875, 0.31125, 0.31375, 0.31625, 0.3225, 0.32625, 0.32875, 0.32875, 0.33, 0.3325, 0.3375, 0.34, 0.34375, 0.34375, 0.35125, 0.35375, 0.36, 0.36125, 0.36375, 0.36375, 0.37375, 0.37625, 0.37625, 0.38125, 0.38375, 0.3925, 0.395, 0.3975, 0.39875, 0.40375, 0.40625, 0.415, 0.4175, 0.43, 0.4325, 0.4375, 0.44, 0.44, 0.44625, 0.44875, 0.45625, 0.4575, 0.46, 0.46125, 0.46125, 0.465, 0.465, 0.4675, 0.46875, 0.46875, 0.48375, 0.48375, 0.4975, 0.49875, 0.5, 0.5, 0.5025, 0.5025, 0.52, 0.52, 0.5275, 0.53, 0.53, 0.53125, 0.53125, 0.5325, 0.5325, 0.54125, 0.54125, 0.54625, 0.54625, 0.56875, 0.57125, 0.57125, 0.57375, 0.57375, 0.57625, 0.57875, 0.57875, 0.59125, 0.59375, 0.605, 0.605, 0.60875, 0.60875, 0.615, 0.615, 0.6175, 0.6175, 0.62375, 0.62375, 0.6275, 0.6275, 0.63, 0.63, 0.65, 0.65, 0.665, 0.665, 0.76, 0.7625, 0.77125, 0.77375, 1.0], "tpr": [0.0, 0.0, 0.0, 0.0, 0.0, 0.0, 0.0, 0.0, 0.0, 0.0, 0.0, 0.0, 0.0, 0.0, 0.0, 0.0, 0.0, 0.0, 0.0, 0.0, 0.0, 0.0, 0.0, 0.0, 0.0, 0.0, 0.0, 0.0125, 0.0125, 0.0125, 0.0125, 0.0125, 0.0125, 0.0125, 0.0125, 0.0125, 0.0125, 0.0125, 0.0125, 0.025, 0.0375, 0.0375, 0.05, 0.05, 0.05, 0.05, 0.05, 0.05, 0.05, 0.075, 0.0875, 0.1, 0.1, 0.1125, 0.1125, 0.125, 0.125, 0.1375, 0.15, 0.15, 0.15, 0.1625, 0.1625, 0.1875, 0.1875, 0.1875, 0.1875, 0.2375, 0.25, 0.25, 0.2625, 0.275, 0.275, 0.2875, 0.2875, 0.3, 0.3, 0.3125, 0.3125, 0.325, 0.325, 0.3375, 0.3375, 0.3375, 0.35, 0.35, 0.3625, 0.3625, 0.375, 0.3875, 0.3875, 0.3875, 0.3875, 0.4, 0.4, 0.4, 0.4, 0.4, 0.4, 0.4, 0.4, 0.4125, 0.4125, 0.425, 0.4625, 0.4625, 0.475, 0.475, 0.475, 0.4875, 0.4875, 0.4875, 0.4875, 0.5, 0.5, 0.5, 0.5, 0.5, 0.5, 0.5125, 0.5125, 0.5125, 0.5125, 0.5125, 0.5125, 0.5125, 0.5125, 0.5125, 0.5125, 0.5125, 0.5125, 0.5125, 0.5125, 0.525, 0.525, 0.525, 0.525, 0.525, 0.525, 0.55, 0.55, 0.55, 0.55, 0.5625, 0.5625, 0.5875, 0.5875, 0.5875, 0.6, 0.6, 0.6, 0.6, 0.6, 0.6, 0.6125, 0.6125, 0.6125, 0.6125, 0.6125, 0.6125, 0.6125, 0.6125, 0.6125, 0.625, 0.625, 0.625, 0.625, 0.6375, 0.6375, 0.6375, 0.65, 0.65, 0.6625, 0.6625, 0.6625, 0.675, 0.675, 0.6875, 0.6875, 0.7, 0.7, 0.7125, 0.7125, 0.725, 0.725, 0.75, 0.75, 0.75, 0.7625, 0.7625, 0.775, 0.775, 0.7875, 0.7875, 0.8, 0.8, 0.8125, 0.8125, 0.8125, 0.825, 0.825, 0.8375, 0.8375, 0.8375, 0.85, 0.85, 0.85, 0.85, 0.8625, 0.8625, 0.875, 0.875, 0.8875, 0.8875, 0.9125, 0.9125, 0.925, 0.925, 0.9625, 0.9625, 0.975, 0.975, 0.9875, 0.9875, 1.0, 1.0, 1.0, 1.0, 1.0, 1.0], "auc": 0.662}, "variance": {"fpr": [0.0, 0.00125, 0.095, 0.095, 0.11625, 0.11625, 0.1175, 0.1175, 0.12375, 0.12375, 0.13, 0.13, 0.135, 0.135, 0.13625, 0.13625, 0.15375, 0.15375, 0.1575, 0.1575, 0.16625, 0.16625, 0.16875, 0.16875, 0.17125, 0.17125, 0.17625, 0.17625, 0.1925, 0.1925, 0.19375, 0.19375, 0.2025, 0.2025, 0.20875, 0.20875, 0.21, 0.21, 0.21875, 0.21875, 0.22, 0.22, 0.2325, 0.2325, 0.23375, 0.23375, 0.235, 0.235, 0.24, 0.24, 0.2475, 0.2475, 0.255, 0.255, 0.25625, 0.25625, 0.26, 0.26, 0.27, 0.27, 0.27125, 0.27125, 0.29375, 0.29375, 0.3, 0.3, 0.30125, 0.30125, 0.45, 0.45, 0.46125, 0.46125, 0.4825, 0.4825, 0.49875, 0.49875, 0.5075, 0.5075, 0.54875, 0.54875, 0.5675, 0.5675, 0.57375, 0.57375, 0.58125, 0.58125, 0.5875, 0.5875, 0.595, 0.595, 0.5975, 0.5975, 0.615, 0.615, 0.63375, 0.63375, 0.64625, 0.64625, 0.64875, 0.64875, 0.65125, 0.65125, 0.67375, 0.67375, 0.67875, 0.67875, 0.7225, 0.7225, 0.72875, 0.72875, 0.73875, 0.73875, 0.74875, 0.74875, 0.75125, 0.75125, 0.77375, 0.77375, 0.8075, 0.8075, 0.85875, 0.85875, 0.86375, 0.86375, 0.86625, 0.86625, 0.88625, 0.88625, 0.9, 0.9, 0.9025, 0.9025, 0.91875, 0.91875, 0.93375, 0.93375, 0.9375, 0.9375, 0.95375, 0.95375, 1.0], "tpr": [0.0, 0.0, 0.0, 0.0125, 0.0125, 0.025, 0.025, 0.0375, 0.0375, 0.05, 0.05, 0.075, 0.075, 0.0875, 0.0875, 0.1125, 0.1125, 0.125, 0.125, 0.1375, 0.1375, 0.15, 0.15, 0.1625, 0.1625, 0.175, 0.175, 0.1875, 0.1875, 0.2, 0.2, 0.225, 0.225, 0.2375, 0.2375, 0.25, 0.25, 0.2625, 0.2625, 0.2875, 0.2875, 0.3, 0.3, 0.3125, 0.3125, 0.325, 0.325, 0.3375, 0.3375, 0.375, 0.375, 0.3875, 0.3875, 0.4, 0.4, 0.425, 0.425, 0.4375, 0.4375, 0.45, 0.45, 0.4625, 0.4625, 0.475, 0.475, 0.4875, 0.4875, 0.5, 0.5, 0.5125, 0.5125, 0.525, 0.525, 0.5375, 0.5375, 0.55, 0.55, 0.5625, 0.5625, 0.575, 0.575, 0.5875, 0.5875, 0.6, 0.6, 0.6125, 0.6125, 0.625, 0.625, 0.6375, 0.6375, 0.675, 0.675, 0.6875, 0.6875, 0.7125, 0.7125, 0.725, 0.725, 0.7375, 0.7375, 0.75, 0.75, 0.7625, 0.7625, 0.775, 0.775, 0.8, 0.8, 0.8125, 0.8125, 0.825, 0.825, 0.8375, 0.8375, 0.85, 0.85, 0.8625, 0.8625, 0.875, 0.875, 0.8875, 0.8875, 0.9, 0.9, 0.9125, 0.9125, 0.925, 0.925, 0.9375, 0.9375, 0.95, 0.95, 0.9625, 0.9625, 0.975, 0.975, 0.9875, 0.9875, 1.0, 1.0], "auc": 0.551}, "lag1_ac": {"fpr": [0.0, 0.00125, 0.01125, 0.01125, 0.0175, 0.0175, 0.02875, 0.02875, 0.0375, 0.0375, 0.045, 0.045, 0.05125, 0.05125, 0.06875, 0.06875, 0.07875, 0.07875, 0.0925, 0.0925, 0.09375, 0.09375, 0.10125, 0.10125, 0.10375, 0.10375, 0.105, 0.105, 0.12125, 0.12125, 0.125, 0.125, 0.1275, 0.1275, 0.12875, 0.12875, 0.13, 0.13, 0.1325, 0.1325, 0.14, 0.14, 0.145, 0.145, 0.14875, 0.14875, 0.15, 0.15, 0.15625, 0.15625, 0.1625, 0.1625, 0.16375, 0.16375, 0.16875, 0.16875, 0.17125, 0.17125, 0.1775, 0.1775, 0.18625, 0.18625, 0.19375, 0.19375, 0.19875, 0.19875, 0.20125, 0.20125, 0.20625, 0.20625, 0.20875, 0.20875, 0.21, 0.21, 0.21125, 0.21125, 0.21375, 0.21375, 0.23125, 0.23125, 0.23375, 0.23375, 0.2425, 0.2425, 0.255, 0.255, 0.2575, 0.2575, 0.2775, 0.2775, 0.28125, 0.28125, 0.28625, 0.28625, 0.28875, 0.28875, 0.29, 0.29, 0.2925, 0.2925, 0.295, 0.295, 0.3025, 0.3025, 0.31375, 0.31375, 0.32375, 0.32375, 0.33, 0.33, 0.33375, 0.33375, 0.38125, 0.38125, 0.39125, 0.39125, 0.39375, 0.39375, 0.40375, 0.40375, 0.41625, 0.41625, 0.42625, 0.42625, 1.0], "tpr": [0.0, 0.0, 0.0, 0.0125, 0.0125, 0.025, 0.025, 0.0375, 0.0375, 0.05, 0.05, 0.075, 0.075, 0.0875, 0.0875, 0.1, 0.1, 0.1125, 0.1125, 0.125, 0.125, 0.1375, 0.1375, 0.15, 0.15, 0.1625, 0.1625, 0.175, 0.175, 0.1875, 0.1875, 0.2, 0.2, 0.2125, 0.2125, 0.225, 0.225, 0.2375, 0.2375, 0.25, 0.25, 0.275, 0.275, 0.3, 0.3, 0.325, 0.325, 0.35, 0.35, 0.3625, 0.3625, 0.375, 0.375, 0.4, 0.4, 0.4125, 0.4125, 0.4375, 0.4375, 0.45, 0.45, 0.4625, 0.4625, 0.475, 0.475, 0.5, 0.5, 0.5125, 0.5125, 0.525, 0.525, 0.5625, 0.5625, 0.575, 0.575, 0.5875, 0.5875, 0.6125, 0.6125, 0.625, 0.625, 0.6625, 0.6625, 0.675, 0.675, 0.6875, 0.6875, 0.7, 0.7, 0.725, 0.725, 0.7375, 0.7375, 0.75, 0.75, 0.7625, 0.7625, 0.775, 0.775, 0.7875, 0.7875, 0.8, 0.8, 0.8375, 0.8375, 0.8625, 0.8625, 0.875, 0.875, 0.8875, 0.8875, 0.9, 0.9, 0.9125, 0.9125, 0.925, 0.925, 0.9375, 0.9375, 0.95, 0.95, 0.9875, 0.9875, 1.0, 1.0], "auc": 0.793}, "n_forced": 80, "n_neutral": 800, "N": 880, "mean_p_forced": 1.0, "mean_p_neutral": 0.998}