{"cnn": {"fpr": [0.0, 0.0, 0.0, 0.0025, 0.0025, 0.0075, 0.0075, 0.0125, 0.0125, 0.01625, 0.01625, 0.0225, 0.0225, 0.025, 0.025, 0.0275, 0.0275, 0.03, 0.03, 0.03125, 0.03125, 0.035, 0.035, 0.03625, 0.03625, 0.04875, 0.04875, 0.055, 0.055, 0.06875, 0.06875, 0.17625, 0.17625, 0.2025, 0.2025, 0.27625, 0.27625, 0.28625, 0.28625, 0.31625, 0.31625, 0.3475, 0.3475, 0.36375, 0.36375, 0.39125, 0.39125, 0.4175, 0.4175, 0.41875, 0.41875, 0.42625, 0.42625, 0.47, 0.47, 0.47375, 0.47375, 0.485, 0.485, 0.50125, 0.50125, 0.5025, 0.5025, 0.50625, 0.50625, 0.51, 0.51, 0.51125, 0.51125, 0.51875, 0.51875, 0.53, 0.53, 0.53875, 0.53875, 0.54625, 0.54625, 0.56375, 0.56375, 0.57875, 0.57875, 0.58625, 0.58625, 0.59125, 0.59125, 0.6, 0.6, 0.61875, 0.61875, 0.64125, 0.64125, 0.64375, 0.64375, 0.645, 0.645, 0.65625, 0.65625, 0.66125, 0.66125, 0.73375, 0.73375, 0.73875, 0.73875, 0.74625, 0.74625, 0.75625, 0.75625, 0.7575, 0.7575, 0.77625, 0.77625, 0.7975, 0.7975, 0.81875, 0.81875, 0.88875, 0.88875, 0.9075, 0.9075, 1.0], "tpr": [0.0, 0.0125, 0.1125, 0.1125, 0.125, 0.125, 0.1375, 0.1375, 0.15, 0.15, 0.1875, 0.1875, 0.2, 0.2, 0.2375, 0.2375, 0.25, 0.25, 0.2625, 0.2625, 0.2875, 0.2875, 0.3, 0.3, 0.325, 0.325, 0.3375, 0.3375, 0.35, 0.35, 0.3625, 0.3625, 0.375, 0.375, 0.3875, 0.3875, 0.4125, 0.4125, 0.425, 0.425, 0.4375, 0.4375, 0.45, 0.45, 0.475, 0.475, 0.4875, 0.4875, 0.5, 0.5, 0.5125, 0.5125, 0.525, 0.525, 0.5375, 0.5375, 0.55, 0.55, 0.5625, 0.5625, 0.575, 0.575, 0.6, 0.6, 0.6125, 0.6125, 0.6375, 0.6375, 0.65, 0.65, 0.6625, 0.6625, 0.675, 0.675, 0.6875, 0.6875, 0.7, 0.7, 0.7125, 0.7125, 0.725, 0.725, 0.75, 0.75, 0.7625, 0.7625, 0.775, 0.775, 0.8, 0.8, 0.8125, 0.8125, 0.825, 0.825, 0.8375, 0.8375, 0.85, 0.85, 0.8625, 0.8625, 0.8875, 0.8875, 0.9, 0.9, 0.9125, 0.9125, 0.925, 0.925, 0.9375, 0.9375, 0.95, 0.95, 0.9625, 0.9625, 0.975, 0.975, 0.9875, 0.9875, 1.0, 1.0], "auc": 0.643}, "variance": {"fpr": [0.0, 0.0, 0.0, 0.0025, 0.0025, 0.00375, 0.00375, 0.005, 0.005, 0.0075, 0.0075, 0.0175, 0.0175, 0.0475, 0.0475, 0.04875, 0.04875, 0.05875, 0.05875, 0.0725, 0.0725, 0.07625, 0.07625, 0.08, 0.08, 0.085, 0.085, 0.115, 0.115, 0.12375, 0.12375, 0.125, 0.125, 0.1275, 0.1275, 0.12875, 0.12875, 0.13125, 0.13125, 0.13625, 0.13625, 0.14875, 0.14875, 0.15, 0.15, 0.165, 0.165, 0.1725, 0.1725, 0.1875, 0.1875, 0.2, 0.2, 0.2275, 0.2275, 0.23625, 0.23625, 0.2425, 0.2425, 0.2625, 0.2625, 0.30125, 0.30125, 0.38625, 0.38625, 0.38875, 0.38875, 0.3925, 0.3925, 0.39875, 0.39875, 0.4, 0.4, 0.41, 0.41, 0.41125, 0.41125, 0.42125, 0.42125, 0.43625, 0.43625, 0.4425, 0.4425, 0.445, 0.445, 0.46625, 0.46625, 0.485, 0.485, 0.5, 0.5, 1.0], "tpr": [0.0, 0.0125, 0.175, 0.175, 0.1875, 0.1875, 0.2, 0.2, 0.2125, 0.2125, 0.2375, 0.2375, 0.25, 0.25, 0.275, 0.275, 0.2875, 0.2875, 0.3125, 0.3125, 0.325, 0.325, 0.3375, 0.3375, 0.35, 0.35, 0.375, 0.375, 0.3875, 0.3875, 0.4, 0.4, 0.4125, 0.4125, 0.4375, 0.4375, 0.45, 0.45, 0.4625, 0.4625, 0.475, 0.475, 0.4875, 0.4875, 0.5, 0.5, 0.5125, 0.5125, 0.525, 0.525, 0.55, 0.55, 0.5625, 0.5625, 0.575, 0.575, 0.6, 0.6, 0.6125, 0.6125, 0.625, 0.625, 0.6375, 0.6375, 0.65, 0.65, 0.6625, 0.6625, 0.675, 0.675, 0.7, 0.7, 0.7125, 0.7125, 0.725, 0.725, 0.75, 0.75, 0.775, 0.775, 0.7875, 0.7875, 0.8, 0.8, 0.8125, 0.8125, 0.825, 0.825, 0.8375, 0.8375, 1.0, 1.0], "auc": 0.779}, "lag1_ac": {"fpr": [0.0, 0.0, 0.0, 0.00375, 0.00375, 0.005, 0.005, 0.00875, 0.00875, 0.01, 0.01, 0.015, 0.015, 0.01875, 0.01875, 0.025, 0.025, 0.0325, 0.0325, 0.03375, 0.03375, 0.06, 0.06, 0.0975, 0.0975, 0.10375, 0.10375, 0.12375, 0.12375, 0.1275, 0.1275, 0.13, 0.13, 0.135, 0.135, 0.14, 0.14, 0.15, 0.15, 0.17625, 0.17625, 0.185, 0.185, 0.22625, 0.22625, 0.25, 0.25, 0.2775, 0.2775, 0.27875, 0.27875, 0.28625, 0.28625, 0.29375, 0.29375, 0.3, 0.3, 0.30875, 0.30875, 0.32125, 0.32125, 0.33375, 0.33375, 0.33875, 0.33875, 0.42, 0.42, 0.4375, 0.4375, 0.47, 0.47, 0.475, 0.475, 1.0], "tpr": [0.0, 0.0125, 0.35, 0.35, 0.4375, 0.4375, 0.5, 0.5, 0.525, 0.525, 0.55, 0.55, 0.5625, 0.5625, 0.575, 0.575, 0.5875, 0.5875, 0.6, 0.6, 0.6125, 0.6125, 0.625, 0.625, 0.6375, 0.6375, 0.6625, 0.6625, 0.675, 0.675, 0.6875, 0.6875, 0.7, 0.7, 0.7125, 0.7125, 0.75, 0.75, 0.7625, 0.7625, 0.775, 0.775, 0.7875, 0.7875, 0.8, 0.8, 0.8125, 0.8125, 0.825, 0.825, 0.8375, 0.8375, 0.85, 0.85, 0.8625, 0.8625, 0.8875, 0.8875, 0.9, 0.9, 0.9125, 0.9125, 0.925, 0.925, 0.9375, 0.9375, 0.95, 0.95, 0.975, 0.975, 0.9875, 0.9875, 1.0, 1.0], "auc": 0.903}, "n_forced": 80, "n_neutral": 800, "N": 880, "mean_p_forced": 0.796, "mean_p_neutral": 0.728}