{"cnn": {"fpr": [0.0, 0.00125, 0.06625, 0.06625, 0.07, 0.07, 0.07125, 0.07125, 0.1625, 0.1625, 0.16875, 0.16875, 0.21, 0.21, 0.25, 0.25, 0.34625, 0.34625, 0.3625, 0.3625, 0.41875, 0.41875, 0.42125, 0.42125, 0.4275, 0.4275, 0.52125, 0.52125, 0.54375, 0.54375, 0.59875, 0.59875, 0.71875, 0.71875, 0.7775, 0.7775, 0.94125, 0.94125, 0.96625, 0.96625, 1.0], "tpr": [0.0, 0.0, 0.0, 0.05, 0.05, 0.1, 0.1, 0.15, 0.15, 0.2, 0.2, 0.25, 0.25, 0.3, 0.3, 0.35, 0.35, 0.4, 0.4, 0.45, 0.45, 0.5, 0.5, 0.6, 0.6, 0.65, 0.65, 0.7, 0.7, 0.75, 0.75, 0.8, 0.8, 0.85, 0.85, 0.9, 0.9, 0.95, 0.95, 1.0, 1.0], "auc": 0.577}, "variance": {"fpr": [0.0, 0.0, 0.0, 1.0], "tpr": [0.0, 0.05, 1.0, 1.0], "auc": 1.0}, "lag1_ac": {"fpr": [0.0, 0.00125, 0.04, 0.04, 0.0475, 0.0475, 0.05125, 0.05125, 0.0575, 0.0575, 0.06625, 0.06625, 0.06875, 0.06875, 0.07125, 0.07125, 0.07375, 0.07375, 0.075, 0.075, 0.1025, 0.1025, 0.12375, 0.12375, 0.13125, 0.13125, 0.14, 0.14, 0.14875, 0.14875, 0.25875, 0.25875, 0.27875, 0.27875, 0.3275, 0.3275, 0.35875, 0.35875, 0.365, 0.365, 1.0], "tpr": [0.0, 0.0, 0.0, 0.05, 0.05, 0.1, 0.1, 0.15, 0.15, 0.2, 0.2, 0.25, 0.25, 0.3, 0.3, 0.35, 0.35, 0.4, 0.4, 0.45, 0.45, 0.55, 0.55, 0.6, 0.6, 0.65, 0.65, 0.7, 0.7, 0.75, 0.75, 0.8, 0.8, 0.85, 0.85, 0.9, 0.9, 0.95, 0.95, 1.0, 1.0], "auc": 0.856}, "n_forced": 20, "n_neutral": 800, "N": 820, "mean_p_forced": 0.957, "mean_p_neutral": 0.946}