{"cnn": {"fpr": [0.0, 0.000625, 0.07125, 0.07125, 0.0775, 0.0775, 0.08125, 0.08125, 0.108125, 0.108125, 0.121875, 0.121875, 0.1875, 0.1875, 0.26375, 0.26375, 0.294375, 0.294375, 0.31625, 0.31625, 0.3225, 0.3225, 0.3675, 0.3675, 0.383125, 0.383125, 0.42375, 0.42375, 0.435625, 0.435625, 0.459375, 0.459375, 0.483125, 0.483125, 0.486875, 0.486875, 0.5175, 0.5175, 0.535625, 0.535625, 0.634375, 0.634375, 0.665, 0.665, 0.673125, 0.673125, 0.674375, 0.674375, 0.678125, 0.678125, 0.6875, 0.6875, 0.725, 0.725, 0.725625, 0.725625, 0.7325, 0.7325, 0.76375, 0.76375, 0.77375, 0.77375, 0.791875, 0.791875, 0.8, 0.8, 0.805625, 0.805625, 0.809375, 0.809375, 0.82, 0.82, 0.820625, 0.820625, 0.848125, 0.848125, 0.896875, 0.896875, 0.90375, 0.90375, 1.0], "tpr": [0.0, 0.0, 0.0, 0.025, 0.025, 0.075, 0.075, 0.1, 0.1, 0.125, 0.125, 0.15, 0.15, 0.175, 0.175, 0.2, 0.2, 0.225, 0.225, 0.25, 0.25, 0.275, 0.275, 0.3, 0.3, 0.325, 0.325, 0.35, 0.35, 0.375, 0.375, 0.4, 0.4, 0.425, 0.425, 0.45, 0.45, 0.475, 0.475, 0.5, 0.5, 0.525, 0.525, 0.55, 0.55, 0.575, 0.575, 0.6, 0.6, 0.625, 0.625, 0.65, 0.65, 0.675, 0.675, 0.7, 0.7, 0.725, 0.725, 0.75, 0.75, 0.775, 0.775, 0.8, 0.8, 0.825, 0.825, 0.85, 0.85, 0.875, 0.875, 0.9, 0.9, 0.925, 0.925, 0.95, 0.95, 0.975, 0.975, 1.0, 1.0], "auc": 0.469}, "variance": {"fpr": [0.0, 0.0, 0.0, 0.000625, 0.000625, 0.004375, 0.004375, 0.005, 0.005, 0.005625, 0.005625, 0.006875, 0.006875, 0.0075, 0.0075, 0.008125, 0.008125, 0.00875, 0.00875, 0.009375, 0.009375, 0.010625, 0.010625, 0.01375, 0.01375, 0.015625, 0.015625, 0.019375, 0.019375, 0.17375, 0.17375, 0.193125, 0.193125, 0.19375, 0.19375, 0.196875, 0.196875, 0.2025, 0.2025, 0.205625, 0.205625, 0.209375, 0.209375, 0.215625, 0.215625, 0.330625, 0.330625, 0.356875, 0.356875, 0.359375, 0.359375, 0.36375, 0.36375, 0.3675, 0.3675, 0.374375, 0.374375, 0.39625, 0.39625, 0.41625, 0.41625, 0.418125, 0.418125, 0.423125, 0.423125, 1.0], "tpr": [0.0, 0.025, 0.075, 0.075, 0.1, 0.1, 0.125, 0.125, 0.15, 0.15, 0.175, 0.175, 0.2, 0.2, 0.25, 0.25, 0.275, 0.275, 0.3, 0.3, 0.35, 0.35, 0.375, 0.375, 0.45, 0.45, 0.475, 0.475, 0.5, 0.5, 0.525, 0.525, 0.55, 0.55, 0.575, 0.575, 0.625, 0.625, 0.65, 0.65, 0.675, 0.675, 0.7, 0.7, 0.725, 0.725, 0.75, 0.75, 0.775, 0.775, 0.825, 0.825, 0.85, 0.85, 0.875, 0.875, 0.9, 0.9, 0.925, 0.925, 0.95, 0.95, 0.975, 0.975, 1.0, 1.0], "auc": 0.847}, "lag1_ac": {"fpr": [0.0, 0.000625, 0.49125, 0.49125, 0.498125, 0.498125, 0.5, 0.5, 0.500625, 0.500625, 0.505, 0.505, 0.505625, 0.505625, 0.513125, 0.513125, 0.514375, 0.514375, 0.5175, 0.5175, 0.520625, 0.520625, 0.53625, 0.53625, 0.54, 0.54, 0.54125, 0.54125, 0.5425, 0.5425, 0.545, 0.545, 0.555625, 0.555625, 0.56625, 0.56625, 0.57125, 0.57125, 0.571875, 0.571875, 0.58375, 0.58375, 0.595625, 0.595625, 0.59625, 0.59625, 0.598125, 0.598125, 0.59875, 0.59875, 0.615, 0.615, 0.624375, 0.624375, 0.62625, 0.62625, 0.63625, 0.63625, 0.64875, 0.64875, 0.66375, 0.66375, 0.664375, 0.664375, 0.676875, 0.676875, 0.6825, 0.6825, 0.683125, 0.683125, 0.69625, 0.69625, 0.705625, 0.705625, 1.0], "tpr": [0.0, 0.0, 0.0, 0.025, 0.025, 0.05, 0.05, 0.1, 0.1, 0.125, 0.125, 0.15, 0.15, 0.175, 0.175, 0.2, 0.2, 0.225, 0.225, 0.25, 0.25, 0.275, 0.275, 0.3, 0.3, 0.35, 0.35, 0.375, 0.375, 0.4, 0.4, 0.425, 0.425, 0.45, 0.45, 0.475, 0.475, 0.5, 0.5, 0.525, 0.525, 0.575, 0.575, 0.6, 0.6, 0.625, 0.625, 0.675, 0.675, 0.7, 0.7, 0.725, 0.725, 0.75, 0.75, 0.775, 0.775, 0.8, 0.8, 0.825, 0.825, 0.85, 0.85, 0.875, 0.875, 0.9, 0.9, 0.925, 0.925, 0.95, 0.95, 0.975, 0.975, 1.0, 1.0], "auc": 0.421}, "n_forced": 40, "n_neutral": 1600, "N": 1640, "mean_p_forced": 0.639, "mean_p_neutral": 0.648}