{"cnn_lstm": {"fpr": [0.0, 0.000625, 0.0025, 0.00375, 0.00625, 0.0075, 0.00875, 0.01, 0.01875, 0.020625, 0.021875, 0.02375, 0.02625, 0.02875, 0.03, 0.030625, 0.033125, 0.034375, 0.03625, 0.0375, 0.03875, 0.04, 0.040625, 0.043125, 0.0475, 0.04875, 0.05125, 0.055, 0.05625, 0.058125, 0.059375, 0.06125, 0.0625, 0.063125, 0.064375, 0.06625, 0.0675, 0.069375, 0.071875, 0.0725, 0.074375, 0.07625, 0.078125, 0.083125, 0.085625, 0.1, 0.101875, 0.10625, 0.1075, 0.10875, 0.110625, 0.111875, 0.1125, 0.115, 0.115625, 0.1175, 0.118125, 0.119375, 0.12, 0.12, 0.1225, 0.12375, 0.13, 0.1325, 0.133125, 0.135, 0.135625, 0.1375, 0.141875, 0.143125, 0.144375, 0.146875, 0.149375, 0.149375, 0.153125, 0.154375, 0.15625, 0.1575, 0.158125, 0.15875, 0.16, 0.16125, 0.163125, 0.164375, 0.168125, 0.16875, 0.1725, 0.1725, 0.173125, 0.175, 0.176875, 0.178125, 0.179375, 0.183125, 0.185, 0.18625, 0.186875, 0.19, 0.19125, 0.1925, 0.193125, 0.194375, 0.194375, 0.195, 0.195, 0.195625, 0.198125, 0.199375, 0.200625, 0.201875, 0.203125, 0.20625, 0.206875, 0.208125, 0.210625, 0.211875, 0.213125, 0.214375, 0.215, 0.21625, 0.21625, 0.218125, 0.22, 0.2225, 0.225, 0.22625, 0.22875, 0.230625, 0.230625, 0.231875, 0.233125, 0.234375, 0.236875, 0.238125, 0.23875, 0.24, 0.24, 0.24125, 0.24375, 0.244375, 0.245625, 0.248125, 0.249375, 0.250625, 0.253125, 0.25375, 0.255, 0.25875, 0.26, 0.26125, 0.2625, 0.26625, 0.27, 0.27, 0.27125, 0.2725, 0.27375, 0.27375, 0.275625, 0.276875, 0.281875, 0.285625, 0.285625, 0.2925, 0.2925, 0.29375, 0.29375, 0.296875, 0.298125, 0.29875, 0.305625, 0.306875, 0.308125, 0.309375, 0.311875, 0.313125, 0.31375, 0.315, 0.315625, 0.316875, 0.32, 0.3225, 0.345, 0.34625, 0.348125, 0.349375, 0.351875, 0.353125, 0.3575, 0.35875, 0.366875, 0.368125, 0.37875, 0.38, 0.39625, 0.3975, 0.415, 0.41625, 0.4325, 0.43375, 0.451875, 0.453125, 0.52125, 0.5225, 0.576875, 0.578125, 0.679375, 0.680625, 0.826875, 0.826875, 0.830625, 0.830625, 0.841875, 0.841875, 0.86125, 0.86125, 0.875, 0.875, 0.881875, 0.881875, 0.884375, 0.884375, 0.888125, 0.888125, 0.90125, 0.90125, 0.91125, 0.91125, 0.913125, 0.913125, 0.91875, 0.91875, 0.9225, 0.9225, 0.925, 0.925, 0.92625, 0.92625, 0.93375, 0.93375, 0.936875, 0.936875, 0.9425, 0.9425, 1.0], "tpr": [0.0, 0.0, 0.0, 0.0, 0.0, 0.0, 0.0, 0.0, 0.0, 0.0, 0.0, 0.0, 0.0, 0.0, 0.0, 0.0, 0.0, 0.0, 0.0, 0.0, 0.0, 0.0, 0.0, 0.0, 0.0, 0.0, 0.0, 0.0, 0.0, 0.0, 0.0, 0.0, 0.0, 0.0, 0.0, 0.0, 0.0, 0.0, 0.0, 0.0, 0.0, 0.0, 0.0, 0.0, 0.0, 0.0, 0.0, 0.0, 0.0, 0.0, 0.0, 0.0, 0.0, 0.0, 0.0, 0.0, 0.0, 0.0, 0.0, 0.025, 0.025, 0.025, 0.025, 0.025, 0.025, 0.025, 0.025, 0.025, 0.025, 0.05, 0.05, 0.05, 0.05, 0.075, 0.075, 0.075, 0.075, 0.075, 0.075, 0.1, 0.1, 0.1, 0.1, 0.1, 0.1, 0.1, 0.1, 0.125, 0.125, 0.125, 0.15, 0.15, 0.15, 0.15, 0.15, 0.15, 0.15, 0.15, 0.15, 0.15, 0.15, 0.15, 0.175, 0.175, 0.2, 0.2, 0.2, 0.2, 0.2, 0.2, 0.2, 0.2, 0.225, 0.225, 0.225, 0.225, 0.225, 0.225, 0.225, 0.225, 0.25, 0.25, 0.25, 0.25, 0.25, 0.25, 0.25, 0.25, 0.275, 0.275, 0.275, 0.275, 0.275, 0.275, 0.275, 0.275, 0.3, 0.3, 0.3, 0.325, 0.325, 0.325, 0.325, 0.325, 0.325, 0.325, 0.325, 0.325, 0.325, 0.35, 0.35, 0.35, 0.35, 0.375, 0.375, 0.375, 0.375, 0.4, 0.4, 0.4, 0.4, 0.4, 0.425, 0.425, 0.45, 0.45, 0.475, 0.475, 0.475, 0.5, 0.5, 0.5, 0.5, 0.5, 0.5, 0.5, 0.5, 0.5, 0.5, 0.5, 0.5, 0.5, 0.5, 0.5, 0.5, 0.5, 0.5, 0.5, 0.5, 0.5, 0.5, 0.5, 0.5, 0.5, 0.5, 0.5, 0.5, 0.5, 0.5, 0.5, 0.5, 0.5, 0.5, 0.5, 0.5, 0.5, 0.5, 0.5, 0.5, 0.525, 0.525, 0.55, 0.55, 0.6, 0.6, 0.625, 0.625, 0.65, 0.65, 0.675, 0.675, 0.7, 0.7, 0.725, 0.725, 0.75, 0.75, 0.775, 0.775, 0.8, 0.8, 0.825, 0.825, 0.875, 0.875, 0.9, 0.9, 0.925, 0.925, 0.95, 0.95, 0.975, 0.975, 1.0, 1.0], "auc": 0.442}, "variance": {"fpr": [0.0, 0.0, 0.0, 0.00125, 0.00125, 0.0075, 0.0075, 0.01125, 0.01125, 0.013125, 0.013125, 0.014375, 0.014375, 0.01625, 0.01625, 0.020625, 0.020625, 0.0225, 0.0225, 0.026875, 0.026875, 0.035625, 0.035625, 0.05, 0.05, 0.725, 0.725, 0.746875, 0.746875, 0.75, 0.75, 0.77, 0.77, 0.770625, 0.770625, 0.7825, 0.7825, 0.828125, 0.828125, 0.8675, 0.8675, 0.876875, 0.876875, 0.885625, 0.885625, 0.90625, 0.90625, 0.915625, 0.915625, 0.92, 0.92, 0.925625, 0.925625, 0.955, 0.955, 0.965, 0.965, 0.97, 0.97, 1.0], "tpr": [0.0, 0.025, 0.15, 0.15, 0.175, 0.175, 0.2, 0.2, 0.25, 0.25, 0.275, 0.275, 0.325, 0.325, 0.35, 0.35, 0.4, 0.4, 0.425, 0.425, 0.45, 0.45, 0.475, 0.475, 0.5, 0.5, 0.525, 0.525, 0.575, 0.575, 0.6, 0.6, 0.625, 0.625, 0.65, 0.65, 0.675, 0.675, 0.7, 0.7, 0.725, 0.725, 0.775, 0.775, 0.8, 0.8, 0.825, 0.825, 0.85, 0.85, 0.875, 0.875, 0.9, 0.9, 0.925, 0.925, 0.95, 0.95, 1.0, 1.0], "auc": 0.565}, "lag1_ac": {"fpr": [0.0, 0.000625, 0.09875, 0.09875, 0.145, 0.145, 0.17625, 0.17625, 0.19875, 0.19875, 0.20375, 0.20375, 0.223125, 0.223125, 0.25375, 0.25375, 0.258125, 0.258125, 0.260625, 0.260625, 0.2825, 0.2825, 0.35, 0.35, 0.36125, 0.36125, 0.3975, 0.3975, 0.401875, 0.401875, 0.404375, 0.404375, 0.405, 0.405, 0.411875, 0.411875, 0.4125, 0.4125, 0.41625, 0.41625, 0.429375, 0.429375, 0.43125, 0.43125, 0.446875, 0.446875, 0.455, 0.455, 0.46, 0.46, 0.47125, 0.47125, 0.473125, 0.473125, 0.488125, 0.488125, 0.495, 0.495, 0.711875, 0.711875, 0.804375, 0.804375, 0.855625, 0.855625, 0.8875, 0.8875, 0.96, 0.96, 0.9625, 0.9625, 0.963125, 0.963125, 0.970625, 0.970625, 0.973125, 0.973125, 1.0], "tpr": [0.0, 0.0, 0.0, 0.025, 0.025, 0.05, 0.05, 0.075, 0.075, 0.1, 0.1, 0.125, 0.125, 0.15, 0.15, 0.175, 0.175, 0.2, 0.2, 0.225, 0.225, 0.25, 0.25, 0.275, 0.275, 0.3, 0.3, 0.325, 0.325, 0.35, 0.35, 0.375, 0.375, 0.4, 0.4, 0.425, 0.425, 0.475, 0.475, 0.5, 0.5, 0.525, 0.525, 0.55, 0.55, 0.575, 0.575, 0.6, 0.6, 0.625, 0.625, 0.65, 0.65, 0.675, 0.675, 0.7, 0.7, 0.725, 0.725, 0.75, 0.75, 0.775, 0.775, 0.8, 0.8, 0.825, 0.825, 0.875, 0.875, 0.9, 0.9, 0.95, 0.95, 0.975, 0.975, 1.0, 1.0], "auc": 0.494}, "n_forced": 40, "n_neutral": 1600, "N": 1640, "mean_p_forced": 0.996, "mean_p_neutral": 0.998}