{"cnn_lstm": {"fpr": [0.0, 0.00125, 0.01, 0.0125, 0.01375, 0.01625, 0.01875, 0.02125, 0.025, 0.0275, 0.02875, 0.03375, 0.035, 0.0375, 0.0425, 0.04375, 0.04875, 0.05125, 0.05375, 0.055, 0.05625, 0.05875, 0.06, 0.06625, 0.07125, 0.07875, 0.07875, 0.08, 0.0825, 0.08375, 0.0875, 0.09125, 0.09375, 0.09625, 0.1, 0.10125, 0.10375, 0.105, 0.10875, 0.10875, 0.11, 0.11375, 0.11625, 0.11625, 0.1175, 0.12, 0.12, 0.1225, 0.12375, 0.12625, 0.13125, 0.13625, 0.14375, 0.14625, 0.14625, 0.14875, 0.1525, 0.15375, 0.15625, 0.16375, 0.165, 0.1725, 0.175, 0.1775, 0.17875, 0.18125, 0.185, 0.1875, 0.18875, 0.19125, 0.1925, 0.195, 0.19625, 0.2, 0.2075, 0.21, 0.2125, 0.215, 0.2175, 0.22, 0.22375, 0.2275, 0.235, 0.25875, 0.26125, 0.265, 0.2675, 0.27125, 0.27375, 0.275, 0.28, 0.28375, 0.28625, 0.29125, 0.29375, 0.30875, 0.31125, 0.335, 0.3375, 0.34, 0.3425, 0.35375, 0.3575, 0.36, 0.3625, 0.3675, 0.37, 0.3725, 0.375, 0.3975, 0.4, 0.4075, 0.41, 0.42625, 0.42875, 0.49875, 0.50125, 0.50875, 0.51125, 0.51125, 0.5225, 0.5225, 0.54, 0.54, 0.555, 0.555, 0.5625, 0.5625, 0.57375, 0.57375, 0.58375, 0.58375, 0.585, 0.585, 0.60375, 0.60375, 0.60625, 0.60625, 0.6075, 0.6075, 0.61125, 0.61375, 0.6225, 0.625, 0.63, 0.63, 0.6375, 0.6375, 0.65, 0.65, 0.6625, 0.6625, 0.675, 0.6775, 1.0], "tpr": [0.0, 0.0, 0.0, 0.0, 0.0, 0.0, 0.0, 0.0, 0.0, 0.0, 0.0, 0.0, 0.0, 0.0, 0.0, 0.0, 0.0625, 0.0625, 0.09375, 0.09375, 0.125, 0.125, 0.125, 0.125, 0.1875, 0.1875, 0.21875, 0.21875, 0.21875, 0.21875, 0.25, 0.25, 0.28125, 0.28125, 0.28125, 0.28125, 0.28125, 0.3125, 0.3125, 0.34375, 0.34375, 0.34375, 0.34375, 0.375, 0.375, 0.375, 0.40625, 0.40625, 0.40625, 0.4375, 0.4375, 0.4375, 0.4375, 0.4375, 0.46875, 0.46875, 0.46875, 0.5, 0.5, 0.5, 0.5, 0.5, 0.5, 0.5, 0.5, 0.5, 0.5, 0.5, 0.5, 0.5, 0.5, 0.5, 0.5, 0.5, 0.5, 0.5, 0.5, 0.5, 0.5, 0.5, 0.5, 0.5, 0.5, 0.5, 0.5, 0.5, 0.5, 0.5, 0.5, 0.5, 0.5, 0.5, 0.5, 0.5, 0.5, 0.5, 0.5, 0.5, 0.5, 0.5, 0.5, 0.5, 0.5, 0.5, 0.5, 0.5, 0.5, 0.5, 0.5, 0.5, 0.5, 0.5, 0.5, 0.5, 0.5, 0.5, 0.5, 0.5, 0.5, 0.53125, 0.53125, 0.5625, 0.5625, 0.59375, 0.59375, 0.625, 0.625, 0.65625, 0.65625, 0.6875, 0.6875, 0.71875, 0.71875, 0.75, 0.75, 0.78125, 0.78125, 0.8125, 0.8125, 0.84375, 0.84375, 0.84375, 0.84375, 0.84375, 0.84375, 0.90625, 0.90625, 0.9375, 0.9375, 0.96875, 0.96875, 1.0, 1.0, 1.0, 1.0], "auc": 0.658}, "variance": {"fpr": [0.0, 0.00125, 0.4875, 0.4875, 0.48875, 0.48875, 0.49, 0.49, 0.49125, 0.49125, 0.4975, 0.4975, 0.51125, 0.51125, 0.51625, 0.51625, 0.5175, 0.5175, 0.52875, 0.52875, 0.53, 0.53, 0.53125, 0.53125, 0.535, 0.535, 0.53625, 0.53625, 0.5375, 0.5375, 0.5425, 0.5425, 0.545, 0.545, 0.56125, 0.56125, 0.59, 0.59, 0.60125, 0.60125, 1.0], "tpr": [0.0, 0.0, 0.0, 0.03125, 0.03125, 0.21875, 0.21875, 0.3125, 0.3125, 0.34375, 0.34375, 0.375, 0.375, 0.46875, 0.46875, 0.5, 0.5, 0.53125, 0.53125, 0.5625, 0.5625, 0.625, 0.625, 0.65625, 0.65625, 0.75, 0.75, 0.8125, 0.8125, 0.84375, 0.84375, 0.875, 0.875, 0.90625, 0.90625, 0.9375, 0.9375, 0.96875, 0.96875, 1.0, 1.0], "auc": 0.481}, "lag1_ac": {"fpr": [0.0, 0.00125, 0.4125, 0.4125, 0.41875, 0.41875, 0.4225, 0.4225, 0.425, 0.425, 0.4275, 0.4275, 0.43875, 0.43875, 0.44125, 0.44125, 0.44375, 0.44375, 0.46, 0.46, 0.465, 0.465, 0.46625, 0.46625, 0.47125, 0.47125, 0.47375, 0.47375, 0.48875, 0.48875, 0.49125, 0.49125, 0.50375, 0.50375, 0.5125, 0.5125, 0.51625, 0.51625, 0.52125, 0.52125, 0.5325, 0.5325, 0.55, 0.55, 0.55625, 0.55625, 0.6075, 0.6075, 0.63875, 0.63875, 0.73125, 0.73125, 0.93625, 0.93625, 0.99875, 0.99875, 1.0, 1.0], "tpr": [0.0, 0.0, 0.0, 0.03125, 0.03125, 0.0625, 0.0625, 0.09375, 0.09375, 0.125, 0.125, 0.15625, 0.15625, 0.1875, 0.1875, 0.21875, 0.21875, 0.25, 0.25, 0.3125, 0.3125, 0.34375, 0.34375, 0.375, 0.375, 0.40625, 0.40625, 0.4375, 0.4375, 0.46875, 0.46875, 0.5, 0.5, 0.53125, 0.53125, 0.5625, 0.5625, 0.59375, 0.59375, 0.625, 0.625, 0.65625, 0.65625, 0.6875, 0.6875, 0.75, 0.75, 0.78125, 0.78125, 0.8125, 0.8125, 0.84375, 0.84375, 0.875, 0.875, 0.90625, 0.90625, 1.0], "auc": 0.426}, "n_forced": 32, "n_neutral": 800, "N": 832, "mean_p_forced": 1.0, "mean_p_neutral": 0.998}