{"cnn_lstm": {"fpr": [0.0, 0.00125, 0.01125, 0.01375, 0.02125, 0.02375, 0.0275, 0.03, 0.035, 0.0375, 0.04375, 0.04625, 0.0475, 0.05, 0.05125, 0.055, 0.065, 0.0675, 0.07, 0.0725, 0.07875, 0.08125, 0.0825, 0.0875, 0.08875, 0.09125, 0.0925, 0.095, 0.09625, 0.10125, 0.12625, 0.12875, 0.17, 0.1725, 0.1775, 0.18, 0.19, 0.1925, 0.19375, 0.19625, 0.225, 0.2275, 0.24, 0.2425, 0.25125, 0.25375, 0.26625, 0.26875, 0.27375, 0.27625, 0.295, 0.2975, 0.31, 0.3175, 0.31875, 0.32125, 0.33125, 0.33375, 0.34125, 0.34375, 0.3525, 0.35625, 0.35625, 0.3575, 0.36, 0.36125, 0.36125, 0.3675, 0.37, 0.37375, 0.37625, 0.3775, 0.38, 0.38, 0.3825, 0.41375, 0.41375, 0.41625, 0.41875, 0.42125, 0.42875, 0.42875, 0.4325, 0.4325, 0.4475, 0.4475, 0.45375, 0.45625, 0.46, 0.46125, 0.46375, 0.46625, 0.47, 0.47, 0.47625, 0.47625, 0.4875, 0.4875, 0.50125, 0.50125, 0.5025, 0.5025, 0.5125, 0.5125, 0.525, 0.525, 0.5275, 0.53, 0.54, 0.54, 0.54375, 0.54375, 0.55, 0.55, 0.55875, 0.55875, 0.6125, 0.615, 0.62625, 0.62875, 0.66, 0.6625, 1.0], "tpr": [0.0, 0.0, 0.0, 0.0, 0.0, 0.0, 0.0, 0.0, 0.0, 0.0, 0.0, 0.0, 0.0, 0.0, 0.0, 0.0, 0.0, 0.0, 0.0, 0.0, 0.0, 0.0, 0.0, 0.0, 0.0, 0.0, 0.0, 0.0, 0.0, 0.0, 0.0, 0.0, 0.0, 0.0, 0.0, 0.0, 0.0, 0.0, 0.0, 0.0, 0.0, 0.0, 0.0, 0.0, 0.0, 0.0, 0.0, 0.0, 0.0, 0.0, 0.0, 0.0, 0.0, 0.0, 0.0, 0.0, 0.0, 0.0, 0.0, 0.0, 0.0, 0.0, 0.05, 0.05, 0.05, 0.05, 0.1, 0.1, 0.1, 0.1, 0.1, 0.1, 0.1, 0.2, 0.2, 0.2, 0.25, 0.25, 0.25, 0.25, 0.25, 0.3, 0.3, 0.35, 0.35, 0.4, 0.4, 0.4, 0.4, 0.45, 0.45, 0.45, 0.45, 0.5, 0.5, 0.55, 0.55, 0.6, 0.6, 0.65, 0.65, 0.7, 0.7, 0.75, 0.75, 0.8, 0.8, 0.8, 0.8, 0.85, 0.85, 0.9, 0.9, 0.95, 0.95, 1.0, 1.0, 1.0, 1.0, 1.0, 1.0, 1.0, 1.0], "auc": 0.534}, "variance": {"fpr": [0.0, 0.0, 0.0, 1.0], "tpr": [0.0, 0.05, 1.0, 1.0], "auc": 1.0}, "lag1_ac": {"fpr": [0.0, 0.00125, 0.04, 0.04, 0.0475, 0.0475, 0.05125, 0.05125, 0.0575, 0.0575, 0.06625, 0.06625, 0.06875, 0.06875, 0.07125, 0.07125, 0.07375, 0.07375, 0.075, 0.075, 0.1025, 0.1025, 0.12375, 0.12375, 0.13125, 0.13125, 0.14, 0.14, 0.14875, 0.14875, 0.25875, 0.25875, 0.27875, 0.27875, 0.3275, 0.3275, 0.35875, 0.35875, 0.365, 0.365, 1.0], "tpr": [0.0, 0.0, 0.0, 0.05, 0.05, 0.1, 0.1, 0.15, 0.15, 0.2, 0.2, 0.25, 0.25, 0.3, 0.3, 0.35, 0.35, 0.4, 0.4, 0.45, 0.45, 0.55, 0.55, 0.6, 0.6, 0.65, 0.65, 0.7, 0.7, 0.75, 0.75, 0.8, 0.8, 0.85, 0.85, 0.9, 0.9, 0.95, 0.95, 1.0, 1.0], "auc": 0.856}, "n_forced": 20, "n_neutral": 800, "N": 820, "mean_p_forced": 1.0, "mean_p_neutral": 0.999}