{"cnn_lstm": {"fpr": [0.0, 0.00125, 0.01375, 0.01625, 0.035, 0.0375, 0.04125, 0.04375, 0.06, 0.0625, 0.07, 0.0725, 0.07375, 0.07625, 0.0775, 0.08, 0.095, 0.0975, 0.11625, 0.11875, 0.125, 0.12875, 0.13, 0.1325, 0.14125, 0.14375, 0.1525, 0.15625, 0.15875, 0.16125, 0.165, 0.1675, 0.1725, 0.175, 0.20375, 0.20625, 0.22125, 0.22625, 0.23625, 0.23875, 0.25, 0.2525, 0.26, 0.2625, 0.2675, 0.27, 0.27375, 0.27625, 0.2875, 0.29, 0.29625, 0.29875, 0.32125, 0.32375, 0.35875, 0.36125, 0.36875, 0.37125, 0.375, 0.3775, 0.385, 0.3875, 0.4525, 0.455, 0.4975, 0.5, 0.54625, 0.54875, 0.565, 0.5675, 0.70375, 0.70625, 0.72, 0.7225, 0.77125, 0.77125, 0.77625, 0.77625, 0.785, 0.785, 0.79125, 0.79125, 0.8025, 0.8025, 0.80625, 0.80625, 0.82375, 0.82375, 0.83, 0.83, 0.8625, 0.8625, 0.865, 0.865, 0.88375, 0.88375, 0.89, 0.89, 0.89875, 0.89875, 0.90125, 0.90125, 0.91, 0.91, 0.92625, 0.92625, 0.94, 0.94, 1.0], "tpr": [0.0, 0.0, 0.0, 0.0, 0.0, 0.0, 0.0, 0.0, 0.0, 0.0, 0.0, 0.0, 0.0, 0.0, 0.0, 0.0, 0.0, 0.0, 0.0, 0.0, 0.0, 0.0, 0.0, 0.0, 0.0, 0.0, 0.0, 0.0, 0.0, 0.0, 0.0, 0.0, 0.0, 0.0, 0.0, 0.0, 0.0, 0.0, 0.0, 0.0, 0.0, 0.0, 0.0, 0.0, 0.0, 0.0, 0.0, 0.0, 0.0, 0.0, 0.0, 0.0, 0.0, 0.0, 0.0, 0.0, 0.0, 0.0, 0.0, 0.0, 0.0, 0.0, 0.0, 0.0, 0.0, 0.0, 0.0, 0.0, 0.0, 0.0, 0.0, 0.0, 0.0, 0.0, 0.0, 0.05, 0.05, 0.1, 0.1, 0.15, 0.15, 0.25, 0.25, 0.3, 0.3, 0.35, 0.35, 0.4, 0.4, 0.45, 0.45, 0.5, 0.5, 0.55, 0.55, 0.6, 0.6, 0.65, 0.65, 0.75, 0.75, 0.8, 0.8, 0.85, 0.85, 0.9, 0.9, 1.0, 1.0], "auc": 0.145}, "variance": {"fpr": [0.0, 0.00125, 1.0, 1.0], "tpr": [0.0, 0.0, 0.0, 1.0], "auc": 0.0}, "lag1_ac": {"fpr": [0.0, 0.0, 0.0025, 0.0025, 0.00875, 0.00875, 0.01125, 0.01125, 0.02875, 0.02875, 0.05125, 0.05125, 0.0525, 0.0525, 0.055, 0.055, 0.07125, 0.07125, 0.09125, 0.09125, 0.1225, 0.1225, 0.1375, 0.1375, 0.155, 0.155, 0.16125, 0.16125, 0.17, 0.17, 0.18125, 0.18125, 0.23875, 0.23875, 0.3125, 0.3125, 1.0], "tpr": [0.0, 0.05, 0.05, 0.1, 0.1, 0.15, 0.15, 0.2, 0.2, 0.25, 0.25, 0.3, 0.3, 0.35, 0.35, 0.4, 0.4, 0.45, 0.45, 0.5, 0.5, 0.55, 0.55, 0.6, 0.6, 0.65, 0.65, 0.7, 0.7, 0.75, 0.75, 0.9, 0.9, 0.95, 0.95, 1.0, 1.0], "auc": 0.889}, "n_forced": 20, "n_neutral": 800, "N": 820, "mean_p_forced": 0.998, "mean_p_neutral": 0.999}