{"cnn_lstm": {"fpr": [0.0, 0.00125, 0.00375, 0.01625, 0.02, 0.0225, 0.02625, 0.03125, 0.0325, 0.035, 0.03875, 0.04125, 0.04875, 0.05375, 0.05625, 0.0575, 0.06, 0.065, 0.0725, 0.07375, 0.07875, 0.08375, 0.085, 0.09125, 0.09625, 0.09875, 0.1025, 0.10875, 0.11375, 0.12875, 0.13125, 0.1325, 0.1375, 0.14125, 0.1475, 0.15125, 0.16125, 0.165, 0.17, 0.1725, 0.17625, 0.18125, 0.185, 0.19125, 0.19625, 0.19875, 0.20375, 0.21, 0.215, 0.2225, 0.2275, 0.23125, 0.23625, 0.2375, 0.2425, 0.2475, 0.24875, 0.25125, 0.255, 0.26125, 0.2625, 0.2675, 0.27125, 0.27625, 0.28125, 0.285, 0.29, 0.295, 0.3, 0.305, 0.3075, 0.30875, 0.30875, 0.31375, 0.31375, 0.31625, 0.31875, 0.32625, 0.3275, 0.33125, 0.3325, 0.33625, 0.3375, 0.34, 0.34, 0.34125, 0.34375, 0.34625, 0.35, 0.355, 0.35625, 0.36, 0.36, 0.36125, 0.36375, 0.365, 0.365, 0.37125, 0.37375, 0.37875, 0.385, 0.3875, 0.39125, 0.3925, 0.3975, 0.39875, 0.40125, 0.4025, 0.40625, 0.40875, 0.4125, 0.42, 0.42125, 0.42375, 0.425, 0.42875, 0.43125, 0.43375, 0.43875, 0.44125, 0.4425, 0.445, 0.44625, 0.45125, 0.4525, 0.455, 0.46, 0.46375, 0.46625, 0.47375, 0.47625, 0.47875, 0.48375, 0.4875, 0.49, 0.49125, 0.49375, 0.49875, 0.50625, 0.50875, 0.51125, 0.51625, 0.51875, 0.53375, 0.5375, 0.53875, 0.54125, 0.54625, 0.54875, 0.55875, 0.56375, 0.565, 0.57, 0.58625, 0.59125, 0.5925, 0.595, 0.59625, 0.59875, 0.60375, 0.60625, 0.6125, 0.615, 0.68625, 0.68875, 0.74, 0.7425, 0.76, 0.7625, 0.9525, 0.9525, 0.9625, 0.9625, 0.97, 0.97, 0.97125, 0.97125, 1.0], "tpr": [0.0, 0.0, 0.0, 0.0, 0.0, 0.0, 0.0, 0.0, 0.0, 0.0, 0.0, 0.0, 0.0, 0.0, 0.0, 0.0, 0.0, 0.0, 0.0, 0.0, 0.0, 0.0, 0.0, 0.0, 0.0, 0.0, 0.0, 0.0, 0.0, 0.0, 0.0, 0.0, 0.0, 0.0, 0.0, 0.0, 0.0, 0.0, 0.0, 0.0, 0.0, 0.0, 0.0, 0.0, 0.0, 0.0, 0.0, 0.0, 0.0, 0.0, 0.0, 0.0, 0.0, 0.0, 0.0, 0.0, 0.0, 0.0, 0.0, 0.0, 0.03125, 0.0625, 0.09375, 0.15625, 0.15625, 0.15625, 0.15625, 0.1875, 0.1875, 0.1875, 0.1875, 0.1875, 0.25, 0.25, 0.28125, 0.28125, 0.28125, 0.28125, 0.28125, 0.28125, 0.28125, 0.28125, 0.28125, 0.28125, 0.3125, 0.34375, 0.34375, 0.34375, 0.375, 0.375, 0.375, 0.375, 0.40625, 0.4375, 0.4375, 0.4375, 0.46875, 0.46875, 0.46875, 0.46875, 0.46875, 0.46875, 0.46875, 0.46875, 0.46875, 0.46875, 0.46875, 0.46875, 0.46875, 0.46875, 0.46875, 0.46875, 0.5, 0.5, 0.5, 0.5, 0.5, 0.5, 0.5, 0.5, 0.5, 0.5, 0.5, 0.5, 0.5, 0.5, 0.5, 0.5, 0.5, 0.5, 0.5, 0.5, 0.5, 0.5, 0.5, 0.5, 0.5, 0.5, 0.5, 0.5, 0.5, 0.5, 0.5, 0.5, 0.5, 0.5, 0.5, 0.5, 0.5, 0.5, 0.5, 0.5, 0.5, 0.5, 0.5, 0.5, 0.5, 0.5, 0.5, 0.5, 0.5, 0.5, 0.5, 0.5, 0.5, 0.5, 0.5, 0.5, 0.5, 0.5, 0.53125, 0.53125, 0.5625, 0.5625, 0.75, 0.75, 1.0, 1.0], "auc": 0.356}, "variance": {"fpr": [0.0, 0.00125, 0.16375, 0.16375, 0.1675, 0.1675, 0.18375, 0.18375, 0.18625, 0.18625, 0.1875, 0.1875, 0.195, 0.195, 0.2025, 0.2025, 0.255, 0.255, 0.33125, 0.33125, 0.42125, 0.42125, 0.42625, 0.42625, 0.4475, 0.4475, 0.4575, 0.4575, 0.4625, 0.4625, 0.46375, 0.46375, 0.48875, 0.48875, 0.50125, 0.50125, 0.50875, 0.50875, 0.51375, 0.51375, 0.52875, 0.52875, 0.53875, 0.53875, 0.57875, 0.57875, 0.60625, 0.60625, 0.63, 0.63, 0.67125, 0.67125, 1.0], "tpr": [0.0, 0.0, 0.0, 0.09375, 0.09375, 0.125, 0.125, 0.15625, 0.15625, 0.1875, 0.1875, 0.25, 0.25, 0.28125, 0.28125, 0.3125, 0.3125, 0.34375, 0.34375, 0.375, 0.375, 0.4375, 0.4375, 0.46875, 0.46875, 0.5, 0.5, 0.53125, 0.53125, 0.59375, 0.59375, 0.625, 0.625, 0.65625, 0.65625, 0.71875, 0.71875, 0.75, 0.75, 0.78125, 0.78125, 0.8125, 0.8125, 0.84375, 0.84375, 0.875, 0.875, 0.9375, 0.9375, 0.96875, 0.96875, 1.0, 1.0], "auc": 0.606}, "lag1_ac": {"fpr": [0.0, 0.00125, 0.32375, 0.32375, 0.33875, 0.33875, 0.34875, 0.34875, 0.38625, 0.38625, 0.39125, 0.39125, 0.43625, 0.43625, 0.44, 0.44, 0.45875, 0.45875, 0.5025, 0.5025, 0.505, 0.505, 0.50625, 0.50625, 0.52875, 0.52875, 0.5325, 0.5325, 0.59625, 0.59625, 0.62125, 0.62125, 0.62625, 0.62625, 0.62875, 0.62875, 0.6325, 0.6325, 0.81625, 0.81625, 0.82625, 0.82625, 0.835, 0.835, 0.855, 0.855, 0.86375, 0.86375, 0.88, 0.88, 0.88125, 0.88125, 0.93, 0.93, 0.95125, 0.95125, 0.98875, 0.98875, 1.0], "tpr": [0.0, 0.0, 0.0, 0.0625, 0.0625, 0.09375, 0.09375, 0.125, 0.125, 0.15625, 0.15625, 0.1875, 0.1875, 0.21875, 0.21875, 0.25, 0.25, 0.28125, 0.28125, 0.3125, 0.3125, 0.34375, 0.34375, 0.375, 0.375, 0.40625, 0.40625, 0.4375, 0.4375, 0.46875, 0.46875, 0.5, 0.5, 0.5625, 0.5625, 0.59375, 0.59375, 0.625, 0.625, 0.65625, 0.65625, 0.6875, 0.6875, 0.71875, 0.71875, 0.75, 0.75, 0.78125, 0.78125, 0.8125, 0.8125, 0.84375, 0.84375, 0.875, 0.875, 0.90625, 0.90625, 1.0, 1.0], "auc": 0.358}, "n_forced": 32, "n_neutral": 800, "N": 832, "mean_p_forced": 0.998, "mean_p_neutral": 0.999}