{"cnn": {"fpr": [0.0, 0.00125, 0.45, 0.45, 0.5675, 0.57, 0.575, 0.575, 0.57625, 0.57625, 0.60875, 0.60875, 0.79875, 0.79875, 0.81375, 0.81375, 0.8275, 0.8275, 0.865, 0.865, 0.88625, 0.88625, 0.88875, 0.88875, 0.93625, 0.93625, 0.94625, 0.94625, 0.97625, 0.97625, 0.9825, 0.9825, 0.99375, 0.99375, 0.9975, 0.9975, 0.99875, 0.99875, 1.0, 1.0], "tpr": [0.0, 0.0, 0.0, 0.05, 0.05, 0.05, 0.05, 0.1, 0.1, 0.15, 0.15, 0.2, 0.2, 0.25, 0.25, 0.3, 0.3, 0.35, 0.35, 0.4, 0.4, 0.45, 0.45, 0.5, 0.5, 0.55, 0.55, 0.6, 0.6, 0.65, 0.65, 0.7, 0.7, 0.75, 0.75, 0.8, 0.8, 0.9, 0.9, 1.0], "auc": 0.144}, "variance": {"fpr": [0.0, 0.00125, 1.0, 1.0], "tpr": [0.0, 0.0, 0.0, 1.0], "auc": 0.0}, "lag1_ac": {"fpr": [0.0, 0.0, 0.0025, 0.0025, 0.00875, 0.00875, 0.01125, 0.01125, 0.02875, 0.02875, 0.05125, 0.05125, 0.0525, 0.0525, 0.055, 0.055, 0.07125, 0.07125, 0.09125, 0.09125, 0.1225, 0.1225, 0.1375, 0.1375, 0.155, 0.155, 0.16125, 0.16125, 0.17, 0.17, 0.18125, 0.18125, 0.23875, 0.23875, 0.3125, 0.3125, 1.0], "tpr": [0.0, 0.05, 0.05, 0.1, 0.1, 0.15, 0.15, 0.2, 0.2, 0.25, 0.25, 0.3, 0.3, 0.35, 0.35, 0.4, 0.4, 0.45, 0.45, 0.5, 0.5, 0.55, 0.55, 0.6, 0.6, 0.65, 0.65, 0.7, 0.7, 0.75, 0.75, 0.9, 0.9, 0.95, 0.95, 1.0, 1.0], "auc": 0.889}, "n_forced": 20, "n_neutral": 800, "N": 820, "mean_p_forced": 0.863, "mean_p_neutral": 0.967}