{"cnn": {"fpr": [0.0, 0.0, 0.0, 0.003125, 0.003125, 0.005, 0.005, 0.005625, 0.005625, 0.01625, 0.01625, 0.04375, 0.04375, 0.06375, 0.06375, 0.069375, 0.069375, 0.079375, 0.079375, 0.106875, 0.106875, 0.1275, 0.1275, 0.163125, 0.163125, 0.190625, 0.190625, 0.200625, 0.200625, 0.209375, 0.209375, 0.213125, 0.213125, 0.218125, 0.218125, 0.22375, 0.22375, 0.26875, 0.26875, 0.2725, 0.2725, 0.3075, 0.3075, 0.309375, 0.309375, 0.313125, 0.313125, 0.33375, 0.33375, 0.34125, 0.34125, 0.384375, 0.384375, 0.385625, 0.385625, 0.4225, 0.4225, 0.4325, 0.4325, 0.46125, 0.46125, 0.461875, 0.461875, 0.489375, 0.489375, 0.495625, 0.495625, 0.7775, 0.77875, 1.0], "tpr": [0.0, 0.025, 0.175, 0.175, 0.2, 0.2, 0.225, 0.225, 0.275, 0.275, 0.3, 0.3, 0.325, 0.325, 0.35, 0.35, 0.375, 0.375, 0.4, 0.4, 0.425, 0.425, 0.45, 0.45, 0.475, 0.475, 0.5, 0.5, 0.525, 0.525, 0.55, 0.55, 0.575, 0.575, 0.6, 0.6, 0.625, 0.625, 0.65, 0.65, 0.675, 0.675, 0.7, 0.7, 0.725, 0.725, 0.75, 0.75, 0.775, 0.775, 0.8, 0.8, 0.825, 0.825, 0.85, 0.85, 0.875, 0.875, 0.9, 0.9, 0.925, 0.925, 0.95, 0.95, 0.975, 0.975, 1.0, 1.0, 1.0, 1.0], "auc": 0.809}, "variance": {"fpr": [0.0, 0.0, 0.0, 0.0025, 0.0025, 0.010625, 0.010625, 0.01625, 0.01625, 0.0175, 0.0175, 0.023125, 0.023125, 0.040625, 0.040625, 0.04125, 0.04125, 0.056875, 0.056875, 0.105, 0.105, 1.0], "tpr": [0.0, 0.025, 0.75, 0.75, 0.775, 0.775, 0.8, 0.8, 0.825, 0.825, 0.85, 0.85, 0.875, 0.875, 0.9, 0.9, 0.95, 0.95, 0.975, 0.975, 1.0, 1.0], "auc": 0.991}, "lag1_ac": {"fpr": [0.0, 0.0, 0.0, 0.000625, 0.000625, 0.00125, 0.00125, 0.001875, 0.001875, 0.0025, 0.0025, 0.00375, 0.00375, 0.004375, 0.004375, 0.0075, 0.0075, 0.00875, 0.00875, 0.011875, 0.011875, 0.0125, 0.0125, 0.013125, 0.013125, 0.015, 0.015, 0.015625, 0.015625, 0.02, 0.02, 0.020625, 0.020625, 0.035, 0.035, 0.0675, 0.0675, 0.135625, 0.135625, 0.15375, 0.15375, 0.184375, 0.184375, 1.0], "tpr": [0.0, 0.025, 0.475, 0.475, 0.5, 0.5, 0.525, 0.525, 0.55, 0.55, 0.575, 0.575, 0.6, 0.6, 0.625, 0.625, 0.675, 0.675, 0.7, 0.7, 0.725, 0.725, 0.75, 0.75, 0.775, 0.775, 0.8, 0.8, 0.825, 0.825, 0.85, 0.85, 0.875, 0.875, 0.9, 0.9, 0.925, 0.925, 0.95, 0.95, 0.975, 0.975, 1.0, 1.0], "auc": 0.982}, "n_forced": 40, "n_neutral": 1600, "N": 1640, "mean_p_forced": 0.811, "mean_p_neutral": 0.672}