{"cnn": {"fpr": [0.0, 0.0, 0.0, 0.00125, 0.00125, 0.005, 0.005, 0.01375, 0.01375, 0.02125, 0.02125, 0.0525, 0.0525, 0.06125, 0.06125, 0.0975, 0.0975, 0.11125, 0.11125, 0.12, 0.12, 0.12875, 0.12875, 0.1375, 0.1375, 0.145, 0.145, 0.1475, 0.1475, 0.1525, 0.1525, 0.155, 0.155, 0.1575, 0.1575, 0.175, 0.175, 0.18125, 0.18125, 0.2, 0.2, 0.21375, 0.21375, 0.215, 0.215, 0.21625, 0.21625, 0.225, 0.225, 0.2275, 0.2275, 0.22875, 0.22875, 0.23, 0.23, 0.23125, 0.23125, 0.23375, 0.23375, 0.2425, 0.2425, 0.25125, 0.25125, 0.25625, 0.25625, 0.2825, 0.2825, 0.34125, 0.34125, 0.34875, 0.34875, 0.35125, 0.35125, 0.36, 0.36, 0.3775, 0.3775, 0.39875, 0.39875, 0.41375, 0.41375, 0.42625, 0.42625, 0.5025, 0.5025, 0.51, 0.51, 0.52, 0.52, 0.5975, 0.5975, 0.6425, 0.6425, 0.65875, 0.65875, 0.7, 0.7, 0.73125, 0.73125, 0.7375, 0.7375, 0.745, 0.745, 0.75625, 0.75625, 0.7575, 0.7575, 0.765, 0.765, 0.79375, 0.79375, 0.80375, 0.80375, 0.82625, 0.82625, 0.87125, 0.87125, 0.8875, 0.8875, 0.89125, 0.89125, 0.9275, 0.9275, 0.95875, 0.95875, 0.96125, 0.96125, 0.96875, 0.96875, 0.9775, 0.9775, 1.0], "tpr": [0.0, 0.0125, 0.075, 0.075, 0.0875, 0.0875, 0.1125, 0.1125, 0.125, 0.125, 0.1375, 0.1375, 0.15, 0.15, 0.1625, 0.1625, 0.175, 0.175, 0.1875, 0.1875, 0.2, 0.2, 0.225, 0.225, 0.2375, 0.2375, 0.25, 0.25, 0.2625, 0.2625, 0.275, 0.275, 0.2875, 0.2875, 0.3125, 0.3125, 0.325, 0.325, 0.3375, 0.3375, 0.35, 0.35, 0.3625, 0.3625, 0.3875, 0.3875, 0.4125, 0.4125, 0.425, 0.425, 0.4375, 0.4375, 0.45, 0.45, 0.4625, 0.4625, 0.475, 0.475, 0.5125, 0.5125, 0.525, 0.525, 0.5375, 0.5375, 0.55, 0.55, 0.5625, 0.5625, 0.575, 0.575, 0.5875, 0.5875, 0.6, 0.6, 0.6125, 0.6125, 0.625, 0.625, 0.6375, 0.6375, 0.65, 0.65, 0.6625, 0.6625, 0.675, 0.675, 0.6875, 0.6875, 0.7, 0.7, 0.7125, 0.7125, 0.725, 0.725, 0.7375, 0.7375, 0.75, 0.75, 0.775, 0.775, 0.7875, 0.7875, 0.8, 0.8, 0.8125, 0.8125, 0.825, 0.825, 0.8375, 0.8375, 0.85, 0.85, 0.8625, 0.8625, 0.875, 0.875, 0.8875, 0.8875, 0.9, 0.9, 0.9125, 0.9125, 0.925, 0.925, 0.9375, 0.9375, 0.975, 0.975, 0.9875, 0.9875, 1.0, 1.0], "auc": 0.619}, "variance": {"fpr": [0.0, 0.0, 0.0, 0.00125, 0.00125, 0.005, 0.005, 0.00875, 0.00875, 0.01375, 0.01375, 0.0225, 0.0225, 0.44125, 0.44125, 0.45625, 0.45625, 0.4825, 0.4825, 0.48625, 0.48625, 0.49, 0.49, 0.49625, 0.49625, 0.49875, 0.49875, 0.5025, 0.5025, 0.50625, 0.50625, 0.5075, 0.5075, 0.51875, 0.51875, 0.52125, 0.52125, 0.5225, 0.5225, 0.525, 0.525, 0.5275, 0.5275, 0.52875, 0.52875, 0.53, 0.53, 0.53125, 0.53125, 0.54, 0.54, 0.54375, 0.54375, 0.545, 0.545, 0.54875, 0.54875, 0.565, 0.565, 0.56625, 0.56625, 0.62, 0.62, 0.67875, 0.67875, 0.7375, 0.7375, 0.73875, 0.73875, 0.75, 0.75, 0.765, 0.765, 0.795, 0.795, 1.0], "tpr": [0.0, 0.0125, 0.425, 0.425, 0.45, 0.45, 0.4625, 0.4625, 0.475, 0.475, 0.4875, 0.4875, 0.5, 0.5, 0.5125, 0.5125, 0.525, 0.525, 0.55, 0.55, 0.5625, 0.5625, 0.575, 0.575, 0.5875, 0.5875, 0.6125, 0.6125, 0.625, 0.625, 0.6375, 0.6375, 0.65, 0.65, 0.6625, 0.6625, 0.675, 0.675, 0.6875, 0.6875, 0.7, 0.7, 0.7125, 0.7125, 0.725, 0.725, 0.7375, 0.7375, 0.7625, 0.7625, 0.775, 0.775, 0.8125, 0.8125, 0.8375, 0.8375, 0.8625, 0.8625, 0.8875, 0.8875, 0.9125, 0.9125, 0.925, 0.925, 0.9375, 0.9375, 0.95, 0.95, 0.9625, 0.9625, 0.975, 0.975, 0.9875, 0.9875, 1.0, 1.0], "auc": 0.721}, "lag1_ac": {"fpr": [0.0, 0.0, 0.0, 0.01375, 0.01375, 0.015, 0.015, 0.01625, 0.01625, 0.025, 0.025, 0.02625, 0.02625, 0.03625, 0.03625, 0.03875, 0.03875, 0.04875, 0.04875, 0.05, 0.05, 0.05125, 0.05125, 0.0525, 0.0525, 0.06, 0.06, 0.06375, 0.06375, 0.06875, 0.06875, 0.07, 0.07, 0.095, 0.095, 0.09875, 0.09875, 0.10375, 0.10375, 0.11625, 0.11625, 0.1175, 0.1175, 0.11875, 0.11875, 0.12125, 0.12125, 0.12375, 0.12375, 0.1325, 0.1325, 0.13625, 0.13625, 0.14125, 0.14125, 0.18375, 0.18375, 0.19, 0.19, 0.215, 0.215, 0.22375, 0.22375, 0.23, 0.23, 0.2325, 0.2325, 0.2525, 0.2525, 0.27625, 0.27625, 0.2925, 0.2925, 0.3025, 0.3025, 0.3125, 0.3125, 0.32125, 0.32125, 0.3325, 0.3325, 0.33875, 0.33875, 0.34, 0.34, 0.3425, 0.3425, 0.34875, 0.34875, 0.35375, 0.35375, 0.35625, 0.35625, 0.36875, 0.36875, 0.4075, 0.4075, 0.4175, 0.4175, 0.42, 0.42, 0.42375, 0.42375, 0.4475, 0.4475, 0.45375, 0.45375, 0.46, 0.46, 0.48375, 0.48375, 0.5025, 0.5025, 0.505, 0.505, 0.5225, 0.5225, 0.535, 0.535, 0.5375, 0.5375, 0.5525, 0.5525, 0.5825, 0.5825, 0.5875, 0.5875, 0.59875, 0.59875, 0.62125, 0.62125, 0.66, 0.66, 0.66625, 0.66625, 1.0], "tpr": [0.0, 0.0125, 0.025, 0.025, 0.0375, 0.0375, 0.0625, 0.0625, 0.075, 0.075, 0.0875, 0.0875, 0.1, 0.1, 0.1125, 0.1125, 0.1375, 0.1375, 0.1875, 0.1875, 0.2, 0.2, 0.2125, 0.2125, 0.225, 0.225, 0.2375, 0.2375, 0.2625, 0.2625, 0.275, 0.275, 0.3, 0.3, 0.3125, 0.3125, 0.325, 0.325, 0.3375, 0.3375, 0.35, 0.35, 0.3625, 0.3625, 0.4, 0.4, 0.425, 0.425, 0.4375, 0.4375, 0.45, 0.45, 0.4625, 0.4625, 0.475, 0.475, 0.4875, 0.4875, 0.5, 0.5, 0.5125, 0.5125, 0.525, 0.525, 0.5375, 0.5375, 0.55, 0.55, 0.5625, 0.5625, 0.575, 0.575, 0.5875, 0.5875, 0.6, 0.6, 0.6125, 0.6125, 0.625, 0.625, 0.6375, 0.6375, 0.65, 0.65, 0.675, 0.675, 0.7, 0.7, 0.7125, 0.7125, 0.725, 0.725, 0.7375, 0.7375, 0.75, 0.75, 0.7625, 0.7625, 0.775, 0.775, 0.7875, 0.7875, 0.8, 0.8, 0.8125, 0.8125, 0.825, 0.825, 0.8375, 0.8375, 0.85, 0.85, 0.8625, 0.8625, 0.875, 0.875, 0.8875, 0.8875, 0.9, 0.9, 0.9125, 0.9125, 0.925, 0.925, 0.9375, 0.9375, 0.95, 0.95, 0.9625, 0.9625, 0.975, 0.975, 0.9875, 0.9875, 1.0, 1.0], "auc": 0.756}, "n_forced": 80, "n_neutral": 800, "N": 880, "mean_p_forced": 0.671, "mean_p_neutral": 0.627}