{"cnn_lstm": {"fpr": [0.0, 0.00125, 0.0075, 0.01, 0.01375, 0.0175, 0.02125, 0.02375, 0.02625, 0.03, 0.0325, 0.03375, 0.03875, 0.04, 0.04375, 0.04875, 0.05, 0.0525, 0.05375, 0.05875, 0.0625, 0.065, 0.07, 0.0725, 0.0775, 0.08125, 0.08375, 0.085, 0.0875, 0.08875, 0.09125, 0.09875, 0.10125, 0.105, 0.10625, 0.10875, 0.115, 0.1175, 0.12, 0.1225, 0.12375, 0.12625, 0.13, 0.135, 0.13875, 0.14125, 0.145, 0.1475, 0.14875, 0.15625, 0.1575, 0.16, 0.17, 0.17375, 0.17625, 0.17875, 0.18, 0.1825, 0.185, 0.1875, 0.18875, 0.19, 0.1925, 0.19625, 0.19875, 0.2, 0.2025, 0.20625, 0.21375, 0.2175, 0.22125, 0.2225, 0.2275, 0.2275, 0.23125, 0.23125, 0.23375, 0.23625, 0.2375, 0.24125, 0.2425, 0.2425, 0.24875, 0.25375, 0.255, 0.25625, 0.25875, 0.26375, 0.27, 0.27, 0.27125, 0.27375, 0.275, 0.27625, 0.27875, 0.28, 0.2825, 0.28375, 0.285, 0.2875, 0.2925, 0.29375, 0.2975, 0.3025, 0.30375, 0.305, 0.305, 0.30625, 0.30875, 0.3125, 0.315, 0.3175, 0.31875, 0.325, 0.325, 0.3325, 0.3325, 0.335, 0.3425, 0.34375, 0.34375, 0.34625, 0.35125, 0.355, 0.35875, 0.36125, 0.3675, 0.37125, 0.37375, 0.38125, 0.38375, 0.385, 0.385, 0.3875, 0.39, 0.3925, 0.3925, 0.39375, 0.395, 0.40375, 0.40625, 0.4075, 0.4075, 0.4275, 0.4275, 0.46875, 0.47125, 0.49625, 0.49875, 0.5325, 0.535, 0.56375, 0.56625, 0.61875, 0.62125, 1.0], "tpr": [0.0, 0.0, 0.0, 0.0, 0.0, 0.0, 0.0, 0.0, 0.0, 0.0, 0.0, 0.0, 0.0, 0.0, 0.0, 0.0, 0.0, 0.0, 0.0, 0.0, 0.0, 0.0, 0.0, 0.0, 0.0, 0.0, 0.0, 0.0, 0.0, 0.0, 0.0, 0.0, 0.0, 0.0, 0.0, 0.0, 0.0, 0.0, 0.0, 0.0, 0.0, 0.0, 0.0, 0.0, 0.0, 0.0, 0.0, 0.0, 0.0, 0.0, 0.0, 0.0, 0.0, 0.03125, 0.03125, 0.03125, 0.03125, 0.0625, 0.0625, 0.0625, 0.0625, 0.09375, 0.09375, 0.09375, 0.09375, 0.09375, 0.09375, 0.09375, 0.09375, 0.09375, 0.09375, 0.09375, 0.09375, 0.125, 0.125, 0.15625, 0.15625, 0.1875, 0.21875, 0.21875, 0.25, 0.28125, 0.28125, 0.28125, 0.28125, 0.3125, 0.3125, 0.3125, 0.3125, 0.34375, 0.34375, 0.34375, 0.34375, 0.375, 0.40625, 0.4375, 0.5, 0.53125, 0.53125, 0.5625, 0.59375, 0.59375, 0.59375, 0.59375, 0.625, 0.625, 0.65625, 0.6875, 0.6875, 0.6875, 0.6875, 0.6875, 0.71875, 0.71875, 0.75, 0.75, 0.78125, 0.78125, 0.78125, 0.78125, 0.8125, 0.8125, 0.8125, 0.8125, 0.8125, 0.8125, 0.8125, 0.8125, 0.8125, 0.8125, 0.8125, 0.8125, 0.84375, 0.84375, 0.875, 0.875, 0.90625, 0.90625, 0.9375, 0.9375, 0.9375, 0.9375, 0.96875, 0.96875, 1.0, 1.0, 1.0, 1.0, 1.0, 1.0, 1.0, 1.0, 1.0, 1.0, 1.0, 1.0], "auc": 0.707}, "variance": {"fpr": [0.0, 0.00125, 0.17625, 0.17625, 0.19, 0.19, 0.19625, 0.19625, 0.205, 0.205, 0.21125, 0.21125, 0.26375, 0.26375, 0.27875, 0.27875, 0.3625, 0.3625, 0.3875, 0.3875, 0.405, 0.405, 0.44, 0.44, 0.4525, 0.4525, 0.46625, 0.46625, 0.4925, 0.4925, 0.5075, 0.5075, 0.6025, 0.6025, 0.99875, 0.99875, 1.0, 1.0], "tpr": [0.0, 0.0, 0.0, 0.03125, 0.03125, 0.0625, 0.0625, 0.09375, 0.09375, 0.125, 0.125, 0.15625, 0.15625, 0.1875, 0.1875, 0.21875, 0.21875, 0.25, 0.25, 0.28125, 0.28125, 0.3125, 0.3125, 0.34375, 0.34375, 0.375, 0.375, 0.40625, 0.40625, 0.4375, 0.4375, 0.46875, 0.46875, 0.5, 0.5, 0.5625, 0.5625, 1.0], "auc": 0.324}, "lag1_ac": {"fpr": [0.0, 0.00125, 0.21875, 0.21875, 0.2425, 0.2425, 0.24625, 0.24625, 0.30375, 0.30375, 0.3075, 0.3075, 0.36875, 0.36875, 0.41, 0.41, 0.445, 0.445, 0.4475, 0.4475, 0.455, 0.455, 0.465, 0.465, 0.46875, 0.46875, 0.48625, 0.48625, 0.505, 0.505, 0.5075, 0.5075, 0.51125, 0.51125, 0.53125, 0.53125, 0.55375, 0.55375, 0.55625, 0.55625, 0.56375, 0.56375, 0.57375, 0.57375, 0.59125, 0.59125, 0.62875, 0.62875, 0.635, 0.635, 0.64125, 0.64125, 0.7, 0.7, 0.715, 0.715, 0.71625, 0.71625, 0.72875, 0.72875, 1.0], "tpr": [0.0, 0.0, 0.0, 0.03125, 0.03125, 0.0625, 0.0625, 0.09375, 0.09375, 0.125, 0.125, 0.15625, 0.15625, 0.1875, 0.1875, 0.21875, 0.21875, 0.28125, 0.28125, 0.3125, 0.3125, 0.34375, 0.34375, 0.375, 0.375, 0.40625, 0.40625, 0.4375, 0.4375, 0.46875, 0.46875, 0.5, 0.5, 0.53125, 0.53125, 0.5625, 0.5625, 0.59375, 0.59375, 0.625, 0.625, 0.65625, 0.65625, 0.6875, 0.6875, 0.71875, 0.71875, 0.78125, 0.78125, 0.8125, 0.8125, 0.84375, 0.84375, 0.90625, 0.90625, 0.9375, 0.9375, 0.96875, 0.96875, 1.0, 1.0], "auc": 0.491}, "n_forced": 32, "n_neutral": 800, "N": 832, "mean_p_forced": 1.0, "mean_p_neutral": 0.998}