{"cnn": {"fpr": [0.0, 0.00125, 0.04125, 0.04125, 0.04375, 0.04375, 0.0625, 0.0625, 0.0925, 0.0925, 0.13, 0.13, 0.14375, 0.14375, 0.1775, 0.1775, 0.18, 0.18, 0.23, 0.23, 0.235, 0.235, 0.285, 0.285, 0.36625, 0.36625, 0.38375, 0.38375, 0.3975, 0.3975, 0.41875, 0.41875, 0.48875, 0.48875, 0.5025, 0.5025, 0.70875, 0.70875, 0.775, 0.775, 0.84125, 0.84125, 1.0], "tpr": [0.0, 0.0, 0.0, 0.05, 0.05, 0.1, 0.1, 0.15, 0.15, 0.2, 0.2, 0.25, 0.25, 0.3, 0.3, 0.35, 0.35, 0.4, 0.4, 0.45, 0.45, 0.5, 0.5, 0.55, 0.55, 0.6, 0.6, 0.65, 0.65, 0.7, 0.7, 0.75, 0.75, 0.8, 0.8, 0.85, 0.85, 0.9, 0.9, 0.95, 0.95, 1.0, 1.0], "auc": 0.675}, "variance": {"fpr": [0.0, 0.0, 0.0, 0.00125, 0.00125, 0.0025, 0.0025, 0.51375, 0.51375, 0.73375, 0.73375, 0.90875, 0.90875, 1.0], "tpr": [0.0, 0.05, 0.75, 0.75, 0.8, 0.8, 0.85, 0.85, 0.9, 0.9, 0.95, 0.95, 1.0, 1.0], "auc": 0.892}, "lag1_ac": {"fpr": [0.0, 0.0, 0.0, 0.07125, 0.07125, 0.11375, 0.11375, 1.0], "tpr": [0.0, 0.05, 0.9, 0.9, 0.95, 0.95, 1.0, 1.0], "auc": 0.991}, "n_forced": 20, "n_neutral": 800, "N": 820, "mean_p_forced": 0.987, "mean_p_neutral": 0.972}