{"lstm": {"fpr": [0.0, 0.01875, 0.04375, 0.05, 0.0625, 0.08125, 0.10625, 0.125, 0.15, 0.1875, 0.2, 0.2, 0.2, 0.2, 0.21875, 0.21875, 0.21875, 0.21875, 0.23125, 0.23125, 0.2875, 0.2875, 0.29375, 0.29375, 0.3125, 0.3125, 0.3125, 0.35, 0.35, 0.36875, 0.36875, 0.39375, 0.39375, 0.39375, 0.39375, 0.39375, 0.39375, 0.39375, 0.39375, 0.40625, 0.40625, 0.40625, 0.41875, 0.41875, 0.43125, 0.45, 0.45, 0.45625, 0.45625, 0.475, 0.5125, 0.53125, 0.53125, 0.53125, 0.53125, 0.55625, 0.55625, 0.55625, 0.55625, 0.575, 0.575, 0.575, 0.575, 0.6, 0.6, 0.6, 0.6, 0.6, 0.6125, 0.63125, 0.64375, 0.65, 0.6625, 0.68125, 0.73125, 0.74375, 0.79375, 0.8125, 0.8375, 0.85, 0.875, 0.8875, 0.90625, 0.90625, 0.91875, 0.91875, 0.9375, 0.9375, 0.9375, 0.9625, 0.9625, 1.0, 1.0, 1.0, 1.0, 1.0], "tpr": [0.0, 0.0, 0.0, 0.0, 0.0, 0.0, 0.0, 0.0, 0.0, 0.0, 0.0, 0.01875, 0.03125, 0.0875, 0.0875, 0.1, 0.10625, 0.125, 0.125, 0.1375, 0.1375, 0.15625, 0.15625, 0.175, 0.175, 0.1875, 0.20625, 0.20625, 0.225, 0.225, 0.28125, 0.28125, 0.31875, 0.33125, 0.35, 0.35625, 0.39375, 0.4, 0.45625, 0.45625, 0.46875, 0.4875, 0.4875, 0.50625, 0.50625, 0.50625, 0.51875, 0.51875, 0.53125, 0.53125, 0.53125, 0.53125, 0.55, 0.5625, 0.58125, 0.58125, 0.59375, 0.6125, 0.6375, 0.6375, 0.65625, 0.66875, 0.6875, 0.6875, 0.7, 0.71875, 0.73125, 0.75, 0.75, 0.75, 0.75, 0.75, 0.75, 0.75, 0.75, 0.75, 0.75, 0.75, 0.75, 0.75, 0.75, 0.75, 0.75, 0.7875, 0.7875, 0.80625, 0.80625, 0.84375, 0.86875, 0.86875, 0.8875, 0.8875, 0.9125, 0.96875, 0.99375, 1.0], "auc": 0.458}, "variance": {"fpr": [0.0, 0.0125, 0.06875, 0.08125, 0.1, 0.125, 0.14375, 0.15625, 0.175, 0.1875, 0.2625, 0.3, 0.31875, 0.31875, 0.325, 0.3375, 0.3375, 0.3375, 0.3375, 0.35625, 0.36875, 0.36875, 0.36875, 0.38125, 0.38125, 0.38125, 0.4, 0.4, 0.40625, 0.40625, 0.41875, 0.41875, 0.41875, 0.41875, 0.41875, 0.43125, 0.4875, 0.5, 0.5, 0.5, 0.5, 0.5, 0.5, 0.5, 0.5, 0.5, 0.5, 0.5, 0.5, 0.5, 0.5, 0.5, 0.5, 0.50625, 0.525, 0.625, 0.63125, 0.68125, 0.7, 0.75, 0.7875, 0.80625, 0.80625, 0.81875, 0.8375, 0.85, 0.875, 0.875, 0.875, 0.8875, 0.90625, 0.91875, 0.91875, 0.93125, 0.93125, 0.96875, 0.96875, 0.96875, 0.96875, 0.98125, 0.98125, 0.98125, 1.0], "tpr": [0.0, 0.0, 0.0, 0.0, 0.0, 0.0, 0.0, 0.0, 0.0, 0.0, 0.0, 0.0, 0.0, 0.0125, 0.0125, 0.0125, 0.03125, 0.04375, 0.0625, 0.0625, 0.0625, 0.075, 0.09375, 0.09375, 0.1125, 0.125, 0.125, 0.14375, 0.14375, 0.18125, 0.18125, 0.2, 0.225, 0.24375, 0.25, 0.25, 0.25, 0.25, 0.2625, 0.26875, 0.2875, 0.325, 0.34375, 0.35625, 0.39375, 0.41875, 0.4375, 0.45, 0.50625, 0.5125, 0.71875, 0.73125, 0.75, 0.75, 0.75, 0.75, 0.75, 0.75, 0.75, 0.75, 0.75, 0.75, 0.76875, 0.76875, 0.76875, 0.76875, 0.76875, 0.825, 0.85, 0.85, 0.85, 0.85, 0.875, 0.875, 0.89375, 0.89375, 0.9125, 0.9375, 0.975, 0.975, 0.98125, 1.0, 1.0], "auc": 0.424}, "lag1_ac": {"fpr": [0.0, 0.01875, 0.05625, 0.09375, 0.11875, 0.125, 0.15, 0.225, 0.2625, 0.35625, 0.38125, 0.4, 0.4125, 0.45, 0.4625, 0.4625, 0.48125, 0.49375, 0.5, 0.5, 0.50625, 0.50625, 0.525, 0.525, 0.525, 0.525, 0.525, 0.525, 0.525, 0.525, 0.55, 0.55, 0.6, 0.6, 0.625, 0.625, 0.625, 0.625, 0.65, 0.65, 0.65, 0.65, 0.65, 0.65, 0.65, 0.65, 0.65, 0.7, 0.7, 0.725, 0.725, 0.75, 0.76875, 0.76875, 0.76875, 0.80625, 0.825, 0.8375, 0.85625, 0.86875, 0.8875, 0.9125, 0.96875, 0.975, 1.0, 1.0, 1.0, 1.0, 1.0, 1.0], "tpr": [0.0, 0.0, 0.0, 0.0, 0.0, 0.0, 0.0, 0.0, 0.0, 0.0, 0.0, 0.0, 0.0, 0.0, 0.0, 0.0125, 0.0125, 0.0125, 0.0125, 0.01875, 0.01875, 0.03125, 0.03125, 0.05, 0.075, 0.09375, 0.11875, 0.15625, 0.16875, 0.225, 0.225, 0.25, 0.25, 0.25625, 0.25625, 0.275, 0.2875, 0.325, 0.325, 0.3375, 0.35625, 0.36875, 0.3875, 0.4125, 0.46875, 0.475, 0.49375, 0.49375, 0.64375, 0.64375, 0.7, 0.7, 0.7, 0.7125, 0.75, 0.75, 0.75, 0.75, 0.75, 0.75, 0.75, 0.75, 0.75, 0.75, 0.75, 0.825, 0.83125, 0.85, 0.925, 1.0], "auc": 0.279}, "n_forced": 160, "n_neutral": 160, "N": 320, "mean_p_forced": 0.97, "mean_p_neutral": 0.98}