{"lstm": {"fpr": [0.0, 0.00125, 0.01375, 0.01375, 0.02625, 0.02625, 0.03, 0.03, 0.0375, 0.0375, 0.03875, 0.03875, 0.04375, 0.04375, 0.045, 0.045, 0.04875, 0.04875, 0.0525, 0.0525, 0.0625, 0.0625, 0.06375, 0.06375, 0.07125, 0.07125, 0.07375, 0.07375, 0.08, 0.08, 0.08375, 0.08375, 0.13625, 0.13625, 1.0], "tpr": [0.0, 0.0, 0.0, 0.05, 0.05, 0.1, 0.1, 0.15, 0.15, 0.2, 0.2, 0.25, 0.25, 0.35, 0.35, 0.4, 0.4, 0.45, 0.45, 0.55, 0.55, 0.65, 0.65, 0.75, 0.75, 0.8, 0.8, 0.85, 0.85, 0.9, 0.9, 0.95, 0.95, 1.0, 1.0], "auc": 0.944}, "variance": {"fpr": [0.0, 0.0, 0.0, 1.0], "tpr": [0.0, 0.05, 1.0, 1.0], "auc": 1.0}, "lag1_ac": {"fpr": [0.0, 0.00125, 0.11125, 0.11125, 0.18, 0.18, 0.235, 0.235, 0.23875, 0.23875, 0.28875, 0.28875, 0.35875, 0.35875, 0.39625, 0.39625, 0.4125, 0.4125, 0.4325, 0.4325, 0.43375, 0.43375, 0.4425, 0.4425, 0.4475, 0.4475, 0.455, 0.455, 0.4675, 0.4675, 0.49875, 0.49875, 0.50875, 0.50875, 0.53125, 0.53125, 0.53625, 0.53625, 0.58625, 0.58625, 0.6475, 0.6475, 1.0], "tpr": [0.0, 0.0, 0.0, 0.05, 0.05, 0.1, 0.1, 0.15, 0.15, 0.2, 0.2, 0.25, 0.25, 0.3, 0.3, 0.35, 0.35, 0.4, 0.4, 0.45, 0.45, 0.5, 0.5, 0.55, 0.55, 0.6, 0.6, 0.65, 0.65, 0.7, 0.7, 0.75, 0.75, 0.8, 0.8, 0.85, 0.85, 0.9, 0.9, 0.95, 0.95, 1.0, 1.0], "auc": 0.59}, "n_forced": 20, "n_neutral": 800, "N": 820, "mean_p_forced": 1.0, "mean_p_neutral": 0.95}