{"lstm": {"fpr": [0.0, 0.0625, 0.0625, 0.25, 0.25, 0.3125, 0.3125, 0.375, 0.375, 0.6875, 0.6875, 0.75, 0.75, 1.0, 1.0], "tpr": [0.0, 0.0, 0.125, 0.125, 0.25, 0.25, 0.5, 0.5, 0.5625, 0.5625, 0.75, 0.75, 0.8125, 0.8125, 1.0], "auc": 0.49609375}, "variance": {"fpr": [0.0, 0.0625, 0.5625, 0.5625, 1.0, 1.0], "tpr": [0.0, 0.0, 0.0, 0.0625, 0.0625, 1.0], "auc": 0.02734375}, "lag1_ac": {"fpr": [0.0, 0.0625, 1.0, 1.0], "tpr": [0.0, 0.0, 0.0, 1.0], "auc": 0.0}}