{"lstm": {"fpr": [0.0, 0.000625, 0.256875, 0.256875, 0.31125, 0.31125, 0.351875, 0.351875, 0.42375, 0.42375, 0.42625, 0.4275, 0.4325, 0.4325, 0.4475, 0.4475, 0.45, 0.45, 0.450625, 0.451875, 0.476875, 0.476875, 0.48125, 0.48125, 0.485, 0.485, 0.513125, 0.513125, 0.543125, 0.543125, 0.616875, 0.616875, 0.644375, 0.644375, 0.690625, 0.690625, 0.768125, 0.768125, 0.78, 0.78, 0.810625, 0.810625, 0.813125, 0.813125, 0.815625, 0.815625, 0.825, 0.825, 0.825625, 0.825625, 0.82625, 0.82625, 0.840625, 0.840625, 0.845625, 0.845625, 0.85375, 0.85375, 0.856875, 0.856875, 0.858125, 0.858125, 0.87125, 0.87125, 0.879375, 0.879375, 0.885, 0.885, 0.8875, 0.8875, 0.9025, 0.9025, 0.903125, 0.903125, 0.90375, 0.90375, 0.908125, 0.908125, 0.91375, 0.91375, 0.918125, 0.918125, 0.919375, 0.919375, 1.0], "tpr": [0.0, 0.0, 0.0, 0.025, 0.025, 0.05, 0.05, 0.1, 0.1, 0.125, 0.125, 0.125, 0.125, 0.15, 0.15, 0.175, 0.175, 0.2, 0.2, 0.2, 0.2, 0.225, 0.225, 0.25, 0.25, 0.275, 0.275, 0.3, 0.3, 0.325, 0.325, 0.35, 0.35, 0.375, 0.375, 0.4, 0.4, 0.425, 0.425, 0.45, 0.45, 0.475, 0.475, 0.5, 0.5, 0.525, 0.525, 0.55, 0.55, 0.575, 0.575, 0.6, 0.6, 0.625, 0.625, 0.65, 0.65, 0.675, 0.675, 0.7, 0.7, 0.725, 0.725, 0.75, 0.75, 0.775, 0.775, 0.8, 0.8, 0.825, 0.825, 0.85, 0.85, 0.875, 0.875, 0.9, 0.9, 0.925, 0.925, 0.95, 0.95, 0.975, 0.975, 1.0, 1.0], "auc": 0.298}, "variance": {"fpr": [0.0, 0.0, 0.0, 0.000625, 0.000625, 0.004375, 0.004375, 0.005, 0.005, 0.005625, 0.005625, 0.006875, 0.006875, 0.0075, 0.0075, 0.008125, 0.008125, 0.00875, 0.00875, 0.009375, 0.009375, 0.010625, 0.010625, 0.01375, 0.01375, 0.015625, 0.015625, 0.019375, 0.019375, 0.17375, 0.17375, 0.193125, 0.193125, 0.19375, 0.19375, 0.196875, 0.196875, 0.2025, 0.2025, 0.205625, 0.205625, 0.209375, 0.209375, 0.215625, 0.215625, 0.330625, 0.330625, 0.356875, 0.356875, 0.359375, 0.359375, 0.36375, 0.36375, 0.3675, 0.3675, 0.374375, 0.374375, 0.39625, 0.39625, 0.41625, 0.41625, 0.418125, 0.418125, 0.423125, 0.423125, 1.0], "tpr": [0.0, 0.025, 0.075, 0.075, 0.1, 0.1, 0.125, 0.125, 0.15, 0.15, 0.175, 0.175, 0.2, 0.2, 0.25, 0.25, 0.275, 0.275, 0.3, 0.3, 0.35, 0.35, 0.375, 0.375, 0.45, 0.45, 0.475, 0.475, 0.5, 0.5, 0.525, 0.525, 0.55, 0.55, 0.575, 0.575, 0.625, 0.625, 0.65, 0.65, 0.675, 0.675, 0.7, 0.7, 0.725, 0.725, 0.75, 0.75, 0.775, 0.775, 0.825, 0.825, 0.85, 0.85, 0.875, 0.875, 0.9, 0.9, 0.925, 0.925, 0.95, 0.95, 0.975, 0.975, 1.0, 1.0], "auc": 0.847}, "lag1_ac": {"fpr": [0.0, 0.000625, 0.49125, 0.49125, 0.498125, 0.498125, 0.5, 0.5, 0.500625, 0.500625, 0.505, 0.505, 0.505625, 0.505625, 0.513125, 0.513125, 0.514375, 0.514375, 0.5175, 0.5175, 0.520625, 0.520625, 0.53625, 0.53625, 0.54, 0.54, 0.54125, 0.54125, 0.5425, 0.5425, 0.545, 0.545, 0.555625, 0.555625, 0.56625, 0.56625, 0.57125, 0.57125, 0.571875, 0.571875, 0.58375, 0.58375, 0.595625, 0.595625, 0.59625, 0.59625, 0.598125, 0.598125, 0.59875, 0.59875, 0.615, 0.615, 0.624375, 0.624375, 0.62625, 0.62625, 0.63625, 0.63625, 0.64875, 0.64875, 0.66375, 0.66375, 0.664375, 0.664375, 0.676875, 0.676875, 0.6825, 0.6825, 0.683125, 0.683125, 0.69625, 0.69625, 0.705625, 0.705625, 1.0], "tpr": [0.0, 0.0, 0.0, 0.025, 0.025, 0.05, 0.05, 0.1, 0.1, 0.125, 0.125, 0.15, 0.15, 0.175, 0.175, 0.2, 0.2, 0.225, 0.225, 0.25, 0.25, 0.275, 0.275, 0.3, 0.3, 0.35, 0.35, 0.375, 0.375, 0.4, 0.4, 0.425, 0.425, 0.45, 0.45, 0.475, 0.475, 0.5, 0.5, 0.525, 0.525, 0.575, 0.575, 0.6, 0.6, 0.625, 0.625, 0.675, 0.675, 0.7, 0.7, 0.725, 0.725, 0.75, 0.75, 0.775, 0.775, 0.8, 0.8, 0.825, 0.825, 0.85, 0.85, 0.875, 0.875, 0.9, 0.9, 0.925, 0.925, 0.95, 0.95, 0.975, 0.975, 1.0, 1.0], "auc": 0.421}, "n_forced": 40, "n_neutral": 1600, "N": 1640, "mean_p_forced": 0.898, "mean_p_neutral": 0.93}