{"lstm": {"fpr": [0.0, 0.003125, 0.084375, 0.090625, 0.090625, 0.096875, 0.159375, 0.165625, 0.278125, 0.278125, 0.29375, 0.29375, 0.390625, 0.390625, 0.39375, 0.4, 0.4, 0.4125, 0.4125, 0.4375, 0.4375, 0.453125, 0.453125, 0.5875, 0.5875, 0.59375, 0.59375, 0.675, 0.675, 0.6875, 0.6875, 0.7625, 0.7625, 0.775, 0.775, 0.9, 0.9, 1.0], "tpr": [0.0, 0.0, 0.0, 0.0, 0.0625, 0.0625, 0.0625, 0.0625, 0.0625, 0.125, 0.125, 0.1875, 0.1875, 0.25, 0.25, 0.25, 0.3125, 0.3125, 0.4375, 0.4375, 0.5, 0.5, 0.5625, 0.5625, 0.625, 0.625, 0.6875, 0.6875, 0.75, 0.75, 0.8125, 0.8125, 0.875, 0.875, 0.9375, 0.9375, 1.0, 1.0], "auc": 0.491}, "variance": {"fpr": [0.0, 0.003125, 0.90625, 0.90625, 0.909375, 0.909375, 0.940625, 0.940625, 0.946875, 0.946875, 0.959375, 0.959375, 0.978125, 0.978125, 1.0, 1.0], "tpr": [0.0, 0.0, 0.0, 0.0625, 0.0625, 0.125, 0.125, 0.1875, 0.1875, 0.3125, 0.3125, 0.375, 0.375, 0.4375, 0.4375, 1.0], "auc": 0.026}, "lag1_ac": {"fpr": [0.0, 0.003125, 1.0, 1.0], "tpr": [0.0, 0.0, 0.0, 1.0], "auc": 0.0}, "n_forced": 16, "n_neutral": 320, "N": 336, "mean_p_forced": 1.0, "mean_p_neutral": 0.999}