{"lstm": {"fpr": [0.0, 0.000625, 0.069375, 0.069375, 0.195, 0.195, 0.2175, 0.2175, 0.225, 0.225, 0.265625, 0.265625, 0.301875, 0.301875, 0.320625, 0.320625, 0.323125, 0.323125, 0.333125, 0.334375, 0.361875, 0.361875, 0.363125, 0.363125, 0.369375, 0.369375, 0.39375, 0.39375, 0.394375, 0.394375, 0.39625, 0.39625, 0.41125, 0.41125, 0.42, 0.42, 0.535625, 0.535625, 0.5475, 0.5475, 0.581875, 0.581875, 0.59625, 0.59625, 0.610625, 0.610625, 0.756875, 0.756875, 0.768125, 0.768125, 0.774375, 0.774375, 0.78375, 0.78375, 0.79625, 0.79625, 0.8325, 0.8325, 0.88375, 0.88375, 0.9125, 0.9125, 0.91375, 0.91375, 0.918125, 0.918125, 0.91875, 0.91875, 0.920625, 0.920625, 0.92375, 0.92375, 0.925625, 0.925625, 0.92625, 0.92625, 0.93125, 0.93125, 0.93375, 0.93375, 0.93875, 0.93875, 1.0], "tpr": [0.0, 0.0, 0.0, 0.025, 0.025, 0.05, 0.05, 0.075, 0.075, 0.1, 0.1, 0.125, 0.125, 0.15, 0.15, 0.175, 0.175, 0.2, 0.2, 0.2, 0.2, 0.225, 0.225, 0.25, 0.25, 0.275, 0.275, 0.3, 0.3, 0.325, 0.325, 0.35, 0.35, 0.375, 0.375, 0.4, 0.4, 0.425, 0.425, 0.45, 0.45, 0.475, 0.475, 0.5, 0.5, 0.525, 0.525, 0.55, 0.55, 0.575, 0.575, 0.6, 0.6, 0.625, 0.625, 0.65, 0.65, 0.675, 0.675, 0.7, 0.7, 0.725, 0.725, 0.75, 0.75, 0.775, 0.775, 0.8, 0.8, 0.825, 0.825, 0.85, 0.85, 0.875, 0.875, 0.925, 0.925, 0.95, 0.95, 0.975, 0.975, 1.0, 1.0], "auc": 0.385}, "variance": {"fpr": [0.0, 0.0, 0.0, 0.00125, 0.00125, 0.0075, 0.0075, 0.01125, 0.01125, 0.013125, 0.013125, 0.014375, 0.014375, 0.01625, 0.01625, 0.020625, 0.020625, 0.0225, 0.0225, 0.026875, 0.026875, 0.035625, 0.035625, 0.05, 0.05, 0.725, 0.725, 0.746875, 0.746875, 0.75, 0.75, 0.77, 0.77, 0.770625, 0.770625, 0.7825, 0.7825, 0.828125, 0.828125, 0.8675, 0.8675, 0.876875, 0.876875, 0.885625, 0.885625, 0.90625, 0.90625, 0.915625, 0.915625, 0.92, 0.92, 0.925625, 0.925625, 0.955, 0.955, 0.965, 0.965, 0.97, 0.97, 1.0], "tpr": [0.0, 0.025, 0.15, 0.15, 0.175, 0.175, 0.2, 0.2, 0.25, 0.25, 0.275, 0.275, 0.325, 0.325, 0.35, 0.35, 0.4, 0.4, 0.425, 0.425, 0.45, 0.45, 0.475, 0.475, 0.5, 0.5, 0.525, 0.525, 0.575, 0.575, 0.6, 0.6, 0.625, 0.625, 0.65, 0.65, 0.675, 0.675, 0.7, 0.7, 0.725, 0.725, 0.775, 0.775, 0.8, 0.8, 0.825, 0.825, 0.85, 0.85, 0.875, 0.875, 0.9, 0.9, 0.925, 0.925, 0.95, 0.95, 1.0, 1.0], "auc": 0.565}, "lag1_ac": {"fpr": [0.0, 0.000625, 0.09875, 0.09875, 0.145, 0.145, 0.17625, 0.17625, 0.19875, 0.19875, 0.20375, 0.20375, 0.223125, 0.223125, 0.25375, 0.25375, 0.258125, 0.258125, 0.260625, 0.260625, 0.2825, 0.2825, 0.35, 0.35, 0.36125, 0.36125, 0.3975, 0.3975, 0.401875, 0.401875, 0.404375, 0.404375, 0.405, 0.405, 0.411875, 0.411875, 0.4125, 0.4125, 0.41625, 0.41625, 0.429375, 0.429375, 0.43125, 0.43125, 0.446875, 0.446875, 0.455, 0.455, 0.46, 0.46, 0.47125, 0.47125, 0.473125, 0.473125, 0.488125, 0.488125, 0.495, 0.495, 0.711875, 0.711875, 0.804375, 0.804375, 0.855625, 0.855625, 0.8875, 0.8875, 0.96, 0.96, 0.9625, 0.9625, 0.963125, 0.963125, 0.970625, 0.970625, 0.973125, 0.973125, 1.0], "tpr": [0.0, 0.0, 0.0, 0.025, 0.025, 0.05, 0.05, 0.075, 0.075, 0.1, 0.1, 0.125, 0.125, 0.15, 0.15, 0.175, 0.175, 0.2, 0.2, 0.225, 0.225, 0.25, 0.25, 0.275, 0.275, 0.3, 0.3, 0.325, 0.325, 0.35, 0.35, 0.375, 0.375, 0.4, 0.4, 0.425, 0.425, 0.475, 0.475, 0.5, 0.5, 0.525, 0.525, 0.55, 0.55, 0.575, 0.575, 0.6, 0.6, 0.625, 0.625, 0.65, 0.65, 0.675, 0.675, 0.7, 0.7, 0.725, 0.725, 0.75, 0.75, 0.775, 0.775, 0.8, 0.8, 0.825, 0.825, 0.875, 0.875, 0.9, 0.9, 0.95, 0.95, 0.975, 0.975, 1.0, 1.0], "auc": 0.494}, "n_forced": 40, "n_neutral": 1600, "N": 1640, "mean_p_forced": 0.931, "mean_p_neutral": 0.947}