{"lstm": {"fpr": [0.0, 0.00125, 0.00375, 0.0075, 0.01, 0.01875, 0.02125, 0.0375, 0.04, 0.06125, 0.06375, 0.1, 0.1025, 0.11125, 0.11375, 0.11875, 0.12125, 0.1525, 0.1525, 0.15875, 0.15875, 0.1675, 0.1675, 0.16875, 0.16875, 0.17, 0.17, 0.1825, 0.185, 0.215, 0.215, 0.22625, 0.22625, 0.25125, 0.25125, 0.29, 0.2925, 0.3475, 0.3475, 0.38125, 0.38125, 0.3975, 0.3975, 0.4075, 0.4075, 0.41625, 0.41625, 0.435, 0.435, 0.53, 0.53, 0.62625, 0.62625, 0.7575, 0.7575, 0.88875, 0.88875, 0.89375, 0.89375, 0.91375, 0.91375, 1.0], "tpr": [0.0, 0.0, 0.0, 0.0, 0.0, 0.0, 0.0, 0.0, 0.0, 0.0, 0.0, 0.0, 0.0, 0.0, 0.0, 0.0, 0.0, 0.0, 0.05, 0.05, 0.1, 0.1, 0.15, 0.15, 0.2, 0.2, 0.25, 0.25, 0.25, 0.25, 0.3, 0.3, 0.35, 0.35, 0.4, 0.4, 0.4, 0.4, 0.45, 0.45, 0.5, 0.5, 0.55, 0.55, 0.6, 0.6, 0.65, 0.65, 0.7, 0.7, 0.75, 0.75, 0.8, 0.8, 0.85, 0.85, 0.9, 0.9, 0.95, 0.95, 1.0, 1.0], "auc": 0.575}, "variance": {"fpr": [0.0, 0.00125, 1.0, 1.0], "tpr": [0.0, 0.0, 0.0, 1.0], "auc": 0.0}, "lag1_ac": {"fpr": [0.0, 0.0, 0.0025, 0.0025, 0.00875, 0.00875, 0.01125, 0.01125, 0.02875, 0.02875, 0.05125, 0.05125, 0.0525, 0.0525, 0.055, 0.055, 0.07125, 0.07125, 0.09125, 0.09125, 0.1225, 0.1225, 0.1375, 0.1375, 0.155, 0.155, 0.16125, 0.16125, 0.17, 0.17, 0.18125, 0.18125, 0.23875, 0.23875, 0.3125, 0.3125, 1.0], "tpr": [0.0, 0.05, 0.05, 0.1, 0.1, 0.15, 0.15, 0.2, 0.2, 0.25, 0.25, 0.3, 0.3, 0.35, 0.35, 0.4, 0.4, 0.45, 0.45, 0.5, 0.5, 0.55, 0.55, 0.6, 0.6, 0.65, 0.65, 0.7, 0.7, 0.75, 0.75, 0.9, 0.9, 0.95, 0.95, 1.0, 1.0], "auc": 0.889}, "n_forced": 20, "n_neutral": 800, "N": 820, "mean_p_forced": 0.997, "mean_p_neutral": 0.995}