{"lstm": {"fpr": [0.0, 0.0, 0.0, 0.0625, 0.0625, 0.4375, 0.4375, 0.5625, 0.5625, 0.9375, 0.9375, 1.0], "tpr": [0.0, 0.0625, 0.375, 0.375, 0.6875, 0.6875, 0.8125, 0.8125, 0.875, 0.875, 1.0, 1.0], "auc": 0.7734375}, "variance": {"fpr": [0.0, 0.0, 0.0, 1.0], "tpr": [0.0, 0.0625, 1.0, 1.0], "auc": 1.0}, "lag1_ac": {"fpr": [0.0, 0.0, 0.0, 0.375, 0.375, 0.75, 0.75, 0.8125, 0.8125, 1.0], "tpr": [0.0, 0.0625, 0.6875, 0.6875, 0.75, 0.75, 0.875, 0.875, 1.0, 1.0], "auc": 0.78125}}