{"lstm": {"fpr": [0.0, 0.0, 0.00125, 0.00125, 0.025, 0.025, 0.02625, 0.02625, 0.02875, 0.02875, 0.03, 0.0325, 0.04625, 0.04625, 0.0475, 0.0475, 0.08, 0.08, 0.085, 0.085, 0.1, 0.1, 0.11125, 0.11125, 0.1675, 0.1675, 0.1875, 0.1875, 0.19625, 0.19625, 0.22375, 0.22375, 0.33625, 0.33625, 1.0], "tpr": [0.0, 0.05, 0.05, 0.15, 0.15, 0.25, 0.25, 0.3, 0.3, 0.35, 0.35, 0.35, 0.35, 0.4, 0.45, 0.5, 0.5, 0.55, 0.55, 0.6, 0.6, 0.7, 0.7, 0.75, 0.75, 0.8, 0.8, 0.85, 0.85, 0.9, 0.9, 0.95, 0.95, 1.0, 1.0], "auc": 0.908}, "variance": {"fpr": [0.0, 0.0, 0.0, 0.00125, 0.00125, 0.0025, 0.0025, 0.51375, 0.51375, 0.73375, 0.73375, 0.90875, 0.90875, 1.0], "tpr": [0.0, 0.05, 0.75, 0.75, 0.8, 0.8, 0.85, 0.85, 0.9, 0.9, 0.95, 0.95, 1.0, 1.0], "auc": 0.892}, "lag1_ac": {"fpr": [0.0, 0.0, 0.0, 0.07125, 0.07125, 0.11375, 0.11375, 1.0], "tpr": [0.0, 0.05, 0.9, 0.9, 0.95, 0.95, 1.0, 1.0], "auc": 0.991}, "n_forced": 20, "n_neutral": 800, "N": 820, "mean_p_forced": 1.0, "mean_p_neutral": 0.993}