{"lstm": {"fpr": [0.0, 0.00125, 0.055, 0.0575, 0.34, 0.3425, 0.48625, 0.48625, 0.53875, 0.53875, 0.55125, 0.55125, 0.5525, 0.5525, 0.59625, 0.59625, 0.60375, 0.60375, 0.61375, 0.61375, 0.635, 0.635, 0.66625, 0.66625, 0.67, 0.67, 0.6725, 0.6725, 0.68875, 0.68875, 0.71125, 0.71125, 0.7275, 0.7275, 0.73, 0.73, 0.745, 0.745, 0.7825, 0.7825, 0.81125, 0.81125, 1.0], "tpr": [0.0, 0.0, 0.0, 0.0, 0.0, 0.0, 0.0, 0.05, 0.05, 0.1, 0.1, 0.15, 0.15, 0.2, 0.2, 0.25, 0.25, 0.3, 0.3, 0.35, 0.35, 0.4, 0.4, 0.45, 0.45, 0.55, 0.55, 0.6, 0.6, 0.65, 0.65, 0.7, 0.7, 0.75, 0.75, 0.8, 0.8, 0.85, 0.85, 0.9, 0.9, 1.0, 1.0], "auc": 0.337}, "variance": {"fpr": [0.0, 0.0, 0.0, 1.0], "tpr": [0.0, 0.05, 1.0, 1.0], "auc": 1.0}, "lag1_ac": {"fpr": [0.0, 0.00125, 0.04, 0.04, 0.0475, 0.0475, 0.05125, 0.05125, 0.0575, 0.0575, 0.06625, 0.06625, 0.06875, 0.06875, 0.07125, 0.07125, 0.07375, 0.07375, 0.075, 0.075, 0.1025, 0.1025, 0.12375, 0.12375, 0.13125, 0.13125, 0.14, 0.14, 0.14875, 0.14875, 0.25875, 0.25875, 0.27875, 0.27875, 0.3275, 0.3275, 0.35875, 0.35875, 0.365, 0.365, 1.0], "tpr": [0.0, 0.0, 0.0, 0.05, 0.05, 0.1, 0.1, 0.15, 0.15, 0.2, 0.2, 0.25, 0.25, 0.3, 0.3, 0.35, 0.35, 0.4, 0.4, 0.45, 0.45, 0.55, 0.55, 0.6, 0.6, 0.65, 0.65, 0.7, 0.7, 0.75, 0.75, 0.8, 0.8, 0.85, 0.85, 0.9, 0.9, 0.95, 0.95, 1.0, 1.0], "auc": 0.856}, "n_forced": 20, "n_neutral": 800, "N": 820, "mean_p_forced": 0.981, "mean_p_neutral": 0.956}