{"lstm": {"fpr": [0.0, 0.0, 0.00375, 0.00375, 0.00875, 0.00875, 0.01125, 0.01125, 0.0125, 0.0125, 0.01375, 0.01375, 0.01625, 0.01625, 0.01875, 0.01875, 0.02, 0.02, 0.0225, 0.0225, 0.02375, 0.02375, 0.02625, 0.02625, 0.03625, 0.03625, 0.0425, 0.0425, 0.04375, 0.04375, 0.045, 0.045, 0.04875, 0.04875, 0.055, 0.055, 0.05625, 0.05625, 0.0575, 0.0575, 0.05875, 0.05875, 0.06, 0.06, 0.0625, 0.0625, 0.06875, 0.06875, 0.07, 0.07, 0.07125, 0.07125, 0.07375, 0.07375, 0.0825, 0.0825, 0.0925, 0.0925, 0.095, 0.095, 0.12, 0.12, 0.12875, 0.12875, 0.13125, 0.13125, 0.145, 0.145, 0.155, 0.155, 0.15625, 0.15625, 0.165, 0.165, 0.1675, 0.1675, 0.17375, 0.17375, 0.18875, 0.18875, 0.2, 0.2, 0.2025, 0.2025, 0.20875, 0.20875, 0.22375, 0.22375, 0.22875, 0.22875, 0.25, 0.25, 0.2525, 0.2525, 0.26, 0.26, 0.275, 0.275, 0.2775, 0.2775, 0.2975, 0.2975, 0.3225, 0.3225, 0.325, 0.325, 0.33, 0.33, 0.3425, 0.3425, 0.39625, 0.39625, 0.57, 0.57, 0.61125, 0.61125, 0.61375, 0.61375, 1.0], "tpr": [0.0, 0.0125, 0.0125, 0.0375, 0.0375, 0.075, 0.075, 0.1, 0.1, 0.1125, 0.1125, 0.125, 0.125, 0.2125, 0.2125, 0.2375, 0.2375, 0.25, 0.25, 0.2625, 0.2625, 0.275, 0.275, 0.2875, 0.2875, 0.3125, 0.3125, 0.325, 0.325, 0.3625, 0.3625, 0.375, 0.375, 0.4, 0.4, 0.425, 0.425, 0.4375, 0.4375, 0.45, 0.45, 0.4625, 0.4625, 0.475, 0.475, 0.4875, 0.4875, 0.5125, 0.5125, 0.5375, 0.5375, 0.5625, 0.5625, 0.575, 0.575, 0.5875, 0.5875, 0.6, 0.6, 0.6125, 0.6125, 0.625, 0.625, 0.6375, 0.6375, 0.65, 0.65, 0.6625, 0.6625, 0.675, 0.675, 0.6875, 0.6875, 0.7, 0.7, 0.7125, 0.7125, 0.725, 0.725, 0.7375, 0.7375, 0.75, 0.75, 0.7625, 0.7625, 0.775, 0.775, 0.7875, 0.7875, 0.8, 0.8, 0.8125, 0.8125, 0.825, 0.825, 0.8375, 0.8375, 0.85, 0.85, 0.875, 0.875, 0.8875, 0.8875, 0.9, 0.9, 0.9125, 0.9125, 0.9375, 0.9375, 0.95, 0.95, 0.9625, 0.9625, 0.975, 0.975, 0.9875, 0.9875, 1.0, 1.0], "auc": 0.872}, "variance": {"fpr": [0.0, 0.0, 0.0, 0.00125, 0.00125, 0.005, 0.005, 0.00875, 0.00875, 0.01375, 0.01375, 0.0225, 0.0225, 0.44125, 0.44125, 0.45625, 0.45625, 0.4825, 0.4825, 0.48625, 0.48625, 0.49, 0.49, 0.49625, 0.49625, 0.49875, 0.49875, 0.5025, 0.5025, 0.50625, 0.50625, 0.5075, 0.5075, 0.51875, 0.51875, 0.52125, 0.52125, 0.5225, 0.5225, 0.525, 0.525, 0.5275, 0.5275, 0.52875, 0.52875, 0.53, 0.53, 0.53125, 0.53125, 0.54, 0.54, 0.54375, 0.54375, 0.545, 0.545, 0.54875, 0.54875, 0.565, 0.565, 0.56625, 0.56625, 0.62, 0.62, 0.67875, 0.67875, 0.7375, 0.7375, 0.73875, 0.73875, 0.75, 0.75, 0.765, 0.765, 0.795, 0.795, 1.0], "tpr": [0.0, 0.0125, 0.425, 0.425, 0.45, 0.45, 0.4625, 0.4625, 0.475, 0.475, 0.4875, 0.4875, 0.5, 0.5, 0.5125, 0.5125, 0.525, 0.525, 0.55, 0.55, 0.5625, 0.5625, 0.575, 0.575, 0.5875, 0.5875, 0.6125, 0.6125, 0.625, 0.625, 0.6375, 0.6375, 0.65, 0.65, 0.6625, 0.6625, 0.675, 0.675, 0.6875, 0.6875, 0.7, 0.7, 0.7125, 0.7125, 0.725, 0.725, 0.7375, 0.7375, 0.7625, 0.7625, 0.775, 0.775, 0.8125, 0.8125, 0.8375, 0.8375, 0.8625, 0.8625, 0.8875, 0.8875, 0.9125, 0.9125, 0.925, 0.925, 0.9375, 0.9375, 0.95, 0.95, 0.9625, 0.9625, 0.975, 0.975, 0.9875, 0.9875, 1.0, 1.0], "auc": 0.721}, "lag1_ac": {"fpr": [0.0, 0.0, 0.0, 0.01375, 0.01375, 0.015, 0.015, 0.01625, 0.01625, 0.025, 0.025, 0.02625, 0.02625, 0.03625, 0.03625, 0.03875, 0.03875, 0.04875, 0.04875, 0.05, 0.05, 0.05125, 0.05125, 0.0525, 0.0525, 0.06, 0.06, 0.06375, 0.06375, 0.06875, 0.06875, 0.07, 0.07, 0.095, 0.095, 0.09875, 0.09875, 0.10375, 0.10375, 0.11625, 0.11625, 0.1175, 0.1175, 0.11875, 0.11875, 0.12125, 0.12125, 0.12375, 0.12375, 0.1325, 0.1325, 0.13625, 0.13625, 0.14125, 0.14125, 0.18375, 0.18375, 0.19, 0.19, 0.215, 0.215, 0.22375, 0.22375, 0.23, 0.23, 0.2325, 0.2325, 0.2525, 0.2525, 0.27625, 0.27625, 0.2925, 0.2925, 0.3025, 0.3025, 0.3125, 0.3125, 0.32125, 0.32125, 0.3325, 0.3325, 0.33875, 0.33875, 0.34, 0.34, 0.3425, 0.3425, 0.34875, 0.34875, 0.35375, 0.35375, 0.35625, 0.35625, 0.36875, 0.36875, 0.4075, 0.4075, 0.4175, 0.4175, 0.42, 0.42, 0.42375, 0.42375, 0.4475, 0.4475, 0.45375, 0.45375, 0.46, 0.46, 0.48375, 0.48375, 0.5025, 0.5025, 0.505, 0.505, 0.5225, 0.5225, 0.535, 0.535, 0.5375, 0.5375, 0.5525, 0.5525, 0.5825, 0.5825, 0.5875, 0.5875, 0.59875, 0.59875, 0.62125, 0.62125, 0.66, 0.66, 0.66625, 0.66625, 1.0], "tpr": [0.0, 0.0125, 0.025, 0.025, 0.0375, 0.0375, 0.0625, 0.0625, 0.075, 0.075, 0.0875, 0.0875, 0.1, 0.1, 0.1125, 0.1125, 0.1375, 0.1375, 0.1875, 0.1875, 0.2, 0.2, 0.2125, 0.2125, 0.225, 0.225, 0.2375, 0.2375, 0.2625, 0.2625, 0.275, 0.275, 0.3, 0.3, 0.3125, 0.3125, 0.325, 0.325, 0.3375, 0.3375, 0.35, 0.35, 0.3625, 0.3625, 0.4, 0.4, 0.425, 0.425, 0.4375, 0.4375, 0.45, 0.45, 0.4625, 0.4625, 0.475, 0.475, 0.4875, 0.4875, 0.5, 0.5, 0.5125, 0.5125, 0.525, 0.525, 0.5375, 0.5375, 0.55, 0.55, 0.5625, 0.5625, 0.575, 0.575, 0.5875, 0.5875, 0.6, 0.6, 0.6125, 0.6125, 0.625, 0.625, 0.6375, 0.6375, 0.65, 0.65, 0.675, 0.675, 0.7, 0.7, 0.7125, 0.7125, 0.725, 0.725, 0.7375, 0.7375, 0.75, 0.75, 0.7625, 0.7625, 0.775, 0.775, 0.7875, 0.7875, 0.8, 0.8, 0.8125, 0.8125, 0.825, 0.825, 0.8375, 0.8375, 0.85, 0.85, 0.8625, 0.8625, 0.875, 0.875, 0.8875, 0.8875, 0.9, 0.9, 0.9125, 0.9125, 0.925, 0.925, 0.9375, 0.9375, 0.95, 0.95, 0.9625, 0.9625, 0.975, 0.975, 0.9875, 0.9875, 1.0, 1.0], "auc": 0.756}, "n_forced": 80, "n_neutral": 800, "N": 880, "mean_p_forced": 0.987, "mean_p_neutral": 0.927}