{"lstm": {"fpr": [0.0, 0.00125, 0.0075, 0.0075, 0.0575, 0.0575, 0.06125, 0.06125, 0.075, 0.075, 0.08625, 0.08625, 0.0875, 0.0875, 0.1025, 0.1025, 0.10625, 0.10625, 0.10875, 0.10875, 0.1125, 0.1125, 0.1175, 0.1175, 0.12625, 0.12625, 0.13375, 0.13375, 0.1575, 0.1575, 0.16, 0.16, 0.16125, 0.16125, 0.165, 0.165, 0.16625, 0.16625, 0.1725, 0.1725, 0.18, 0.18, 0.19875, 0.19875, 0.20125, 0.20125, 0.20375, 0.20375, 0.2275, 0.2275, 0.2325, 0.2325, 0.235, 0.235, 0.25, 0.25, 0.2525, 0.2525, 0.26, 0.26, 0.2675, 0.2675, 0.27625, 0.27625, 0.29, 0.29, 0.305, 0.305, 0.32875, 0.32875, 0.33125, 0.33125, 0.35125, 0.35125, 0.35875, 0.35875, 0.36375, 0.36375, 0.36625, 0.36625, 0.3725, 0.3725, 0.37375, 0.37375, 0.38375, 0.38375, 0.41, 0.41, 0.43375, 0.43375, 0.44875, 0.44875, 0.4875, 0.4875, 0.81375, 0.81375, 0.845, 0.8475, 0.85625, 0.85625, 0.93, 0.93, 0.95875, 0.95875, 0.96375, 0.96375, 0.96625, 0.96625, 0.96875, 0.96875, 0.97125, 0.97125, 0.97875, 0.97875, 0.98, 0.98, 0.98125, 0.98125, 0.98875, 0.98875, 0.99125, 0.99125, 0.99375, 0.99375, 0.995, 0.995, 0.9975, 0.9975, 0.99875, 0.99875, 1.0, 1.0], "tpr": [0.0, 0.0, 0.0, 0.0125, 0.0125, 0.025, 0.025, 0.0375, 0.0375, 0.05, 0.05, 0.0625, 0.0625, 0.0875, 0.0875, 0.1, 0.1, 0.1125, 0.1125, 0.125, 0.125, 0.1375, 0.1375, 0.15, 0.15, 0.1625, 0.1625, 0.1875, 0.1875, 0.2, 0.2, 0.25, 0.25, 0.2625, 0.2625, 0.275, 0.275, 0.2875, 0.2875, 0.3, 0.3, 0.3125, 0.3125, 0.325, 0.325, 0.3375, 0.3375, 0.3625, 0.3625, 0.375, 0.375, 0.4, 0.4, 0.4125, 0.4125, 0.425, 0.425, 0.4375, 0.4375, 0.45, 0.45, 0.475, 0.475, 0.4875, 0.4875, 0.5, 0.5, 0.5125, 0.5125, 0.525, 0.525, 0.5375, 0.5375, 0.55, 0.55, 0.5625, 0.5625, 0.575, 0.575, 0.5875, 0.5875, 0.6, 0.6, 0.6125, 0.6125, 0.625, 0.625, 0.6375, 0.6375, 0.65, 0.65, 0.6625, 0.6625, 0.675, 0.675, 0.6875, 0.6875, 0.6875, 0.6875, 0.7, 0.7, 0.7125, 0.7125, 0.7375, 0.7375, 0.75, 0.75, 0.7625, 0.7625, 0.775, 0.775, 0.7875, 0.7875, 0.8125, 0.8125, 0.825, 0.825, 0.8375, 0.8375, 0.85, 0.85, 0.8625, 0.8625, 0.9, 0.9, 0.9375, 0.9375, 0.95, 0.95, 0.9625, 0.9625, 1.0], "auc": 0.535}, "variance": {"fpr": [0.0, 0.0, 0.0, 0.00875, 0.00875, 0.01, 0.01, 0.01625, 0.01625, 0.01875, 0.01875, 0.02, 0.02, 0.0225, 0.0225, 0.02625, 0.02625, 0.03125, 0.03125, 0.0425, 0.0425, 0.04375, 0.04375, 0.045, 0.045, 0.0525, 0.0525, 0.05375, 0.05375, 0.055, 0.055, 0.0575, 0.0575, 0.06, 0.06, 0.06125, 0.06125, 0.065, 0.065, 0.0725, 0.0725, 0.075, 0.075, 0.08875, 0.08875, 0.095, 0.095, 0.10125, 0.10125, 0.115, 0.115, 0.18125, 0.18125, 0.68875, 0.68875, 0.72, 0.72, 0.72125, 0.72125, 0.7225, 0.7225, 0.725, 0.725, 0.75875, 0.75875, 0.79875, 0.79875, 0.82375, 0.82375, 0.85875, 0.85875, 0.87125, 0.87125, 0.875, 0.875, 0.88, 0.88, 0.88625, 0.88625, 0.8875, 0.8875, 0.88875, 0.88875, 0.89625, 0.89625, 0.915, 0.915, 0.93625, 0.93625, 0.9425, 0.9425, 0.95125, 0.95125, 0.9525, 0.9525, 0.96, 0.96, 0.98125, 0.98125, 0.98625, 0.98625, 0.9875, 0.9875, 1.0, 1.0], "tpr": [0.0, 0.0125, 0.125, 0.125, 0.1375, 0.1375, 0.15, 0.15, 0.1625, 0.1625, 0.175, 0.175, 0.1875, 0.1875, 0.2125, 0.2125, 0.2375, 0.2375, 0.25, 0.25, 0.2625, 0.2625, 0.275, 0.275, 0.2875, 0.2875, 0.3, 0.3, 0.3125, 0.3125, 0.325, 0.325, 0.35, 0.35, 0.3625, 0.3625, 0.4, 0.4, 0.4125, 0.4125, 0.425, 0.425, 0.4375, 0.4375, 0.45, 0.45, 0.4625, 0.4625, 0.475, 0.475, 0.4875, 0.4875, 0.5, 0.5, 0.5125, 0.5125, 0.525, 0.525, 0.5375, 0.5375, 0.5625, 0.5625, 0.575, 0.575, 0.5875, 0.5875, 0.6, 0.6, 0.6125, 0.6125, 0.65, 0.65, 0.6625, 0.6625, 0.6875, 0.6875, 0.7, 0.7, 0.7125, 0.7125, 0.725, 0.725, 0.7375, 0.7375, 0.75, 0.75, 0.7625, 0.7625, 0.775, 0.775, 0.7875, 0.7875, 0.8, 0.8, 0.8375, 0.8375, 0.85, 0.85, 0.875, 0.875, 0.8875, 0.8875, 0.9375, 0.9375, 1.0], "auc": 0.532}, "lag1_ac": {"fpr": [0.0, 0.00125, 0.1575, 0.1575, 0.17, 0.17, 0.21, 0.21, 0.21125, 0.21125, 0.2125, 0.2125, 0.2325, 0.2325, 0.2375, 0.2375, 0.24, 0.24, 0.2475, 0.2475, 0.2675, 0.2675, 0.27625, 0.27625, 0.295, 0.295, 0.305, 0.305, 0.31625, 0.31625, 0.32, 0.32, 0.3225, 0.3225, 0.3325, 0.3325, 0.34, 0.34, 0.37, 0.37, 0.37125, 0.37125, 0.37875, 0.37875, 0.40625, 0.40625, 0.41375, 0.41375, 0.425, 0.425, 0.44, 0.44, 0.45, 0.45, 0.455, 0.455, 0.45625, 0.45625, 0.45875, 0.45875, 0.46625, 0.46625, 0.46875, 0.46875, 0.50625, 0.50625, 0.52125, 0.52125, 0.54125, 0.54125, 0.55125, 0.55125, 0.55375, 0.55375, 0.57, 0.57, 0.575, 0.575, 0.57875, 0.57875, 0.58125, 0.58125, 0.625, 0.625, 0.63, 0.63, 0.675, 0.675, 0.6875, 0.6875, 0.705, 0.705, 0.7175, 0.7175, 0.73, 0.73, 0.7325, 0.7325, 0.73375, 0.73375, 0.7425, 0.7425, 0.755, 0.755, 0.75625, 0.75625, 0.75875, 0.75875, 0.7775, 0.7775, 0.78375, 0.78375, 0.7875, 0.7875, 0.81125, 0.81125, 0.815, 0.815, 0.82125, 0.82125, 0.825, 0.825, 0.83625, 0.83625, 0.9325, 0.9325, 0.94125, 0.94125, 0.9425, 0.9425, 0.9575, 0.9575, 0.96125, 0.96125, 0.9625, 0.9625, 0.96625, 0.96625, 0.98125, 0.98125, 0.9925, 0.9925, 0.99375, 0.99375, 0.9975, 0.9975, 1.0], "tpr": [0.0, 0.0, 0.0, 0.0125, 0.0125, 0.025, 0.025, 0.0375, 0.0375, 0.05, 0.05, 0.0625, 0.0625, 0.075, 0.075, 0.0875, 0.0875, 0.1, 0.1, 0.1125, 0.1125, 0.125, 0.125, 0.1375, 0.1375, 0.1625, 0.1625, 0.175, 0.175, 0.1875, 0.1875, 0.2, 0.2, 0.2125, 0.2125, 0.225, 0.225, 0.2375, 0.2375, 0.25, 0.25, 0.2625, 0.2625, 0.275, 0.275, 0.2875, 0.2875, 0.3, 0.3, 0.3125, 0.3125, 0.325, 0.325, 0.3375, 0.3375, 0.35, 0.35, 0.3625, 0.3625, 0.375, 0.375, 0.3875, 0.3875, 0.4, 0.4, 0.4125, 0.4125, 0.425, 0.425, 0.4375, 0.4375, 0.45, 0.45, 0.4625, 0.4625, 0.475, 0.475, 0.4875, 0.4875, 0.5, 0.5, 0.5125, 0.5125, 0.525, 0.525, 0.55, 0.55, 0.5625, 0.5625, 0.575, 0.575, 0.5875, 0.5875, 0.6, 0.6, 0.6125, 0.6125, 0.625, 0.625, 0.6375, 0.6375, 0.6625, 0.6625, 0.675, 0.675, 0.6875, 0.6875, 0.7, 0.7, 0.7125, 0.7125, 0.725, 0.725, 0.7375, 0.7375, 0.75, 0.75, 0.7625, 0.7625, 0.775, 0.775, 0.7875, 0.7875, 0.8, 0.8, 0.8125, 0.8125, 0.825, 0.825, 0.8375, 0.8375, 0.85, 0.85, 0.8625, 0.8625, 0.9, 0.9, 0.9125, 0.9125, 0.925, 0.925, 0.9625, 0.9625, 0.9875, 0.9875, 1.0, 1.0], "auc": 0.398}, "n_forced": 80, "n_neutral": 800, "N": 880, "mean_p_forced": 0.873, "mean_p_neutral": 0.933}