{"lstm": {"fpr": [0.0, 0.00125, 0.00375, 0.00375, 0.005, 0.005, 0.0075, 0.0075, 0.01125, 0.01125, 0.015, 0.015, 0.025, 0.025, 0.0275, 0.0275, 0.02875, 0.02875, 0.045, 0.045, 0.04875, 0.04875, 0.125, 0.125, 0.14375, 0.14625, 0.18, 0.18, 0.83375, 0.83375, 0.85625, 0.85625, 0.8625, 0.8625, 0.8825, 0.8825, 0.92375, 0.92375, 0.93375, 0.93375, 0.95625, 0.95625, 0.96625, 0.96625, 0.97, 0.97, 0.97125, 0.97125, 0.97375, 0.97375, 0.98, 0.98, 0.98875, 0.98875, 0.995, 0.995, 0.99625, 0.99625, 1.0], "tpr": [0.0, 0.0, 0.0, 0.03125, 0.03125, 0.0625, 0.0625, 0.21875, 0.21875, 0.25, 0.25, 0.28125, 0.28125, 0.3125, 0.3125, 0.34375, 0.34375, 0.375, 0.375, 0.40625, 0.40625, 0.4375, 0.4375, 0.46875, 0.46875, 0.46875, 0.46875, 0.5, 0.5, 0.53125, 0.53125, 0.5625, 0.5625, 0.59375, 0.59375, 0.625, 0.625, 0.65625, 0.65625, 0.6875, 0.6875, 0.71875, 0.71875, 0.75, 0.75, 0.78125, 0.78125, 0.8125, 0.8125, 0.875, 0.875, 0.90625, 0.90625, 0.9375, 0.9375, 0.96875, 0.96875, 1.0, 1.0], "auc": 0.512}, "variance": {"fpr": [0.0, 0.00125, 0.16375, 0.16375, 0.1675, 0.1675, 0.18375, 0.18375, 0.18625, 0.18625, 0.1875, 0.1875, 0.195, 0.195, 0.2025, 0.2025, 0.255, 0.255, 0.33125, 0.33125, 0.42125, 0.42125, 0.42625, 0.42625, 0.4475, 0.4475, 0.4575, 0.4575, 0.4625, 0.4625, 0.46375, 0.46375, 0.48875, 0.48875, 0.50125, 0.50125, 0.50875, 0.50875, 0.51375, 0.51375, 0.52875, 0.52875, 0.53875, 0.53875, 0.57875, 0.57875, 0.60625, 0.60625, 0.63, 0.63, 0.67125, 0.67125, 1.0], "tpr": [0.0, 0.0, 0.0, 0.09375, 0.09375, 0.125, 0.125, 0.15625, 0.15625, 0.1875, 0.1875, 0.25, 0.25, 0.28125, 0.28125, 0.3125, 0.3125, 0.34375, 0.34375, 0.375, 0.375, 0.4375, 0.4375, 0.46875, 0.46875, 0.5, 0.5, 0.53125, 0.53125, 0.59375, 0.59375, 0.625, 0.625, 0.65625, 0.65625, 0.71875, 0.71875, 0.75, 0.75, 0.78125, 0.78125, 0.8125, 0.8125, 0.84375, 0.84375, 0.875, 0.875, 0.9375, 0.9375, 0.96875, 0.96875, 1.0, 1.0], "auc": 0.606}, "lag1_ac": {"fpr": [0.0, 0.00125, 0.32375, 0.32375, 0.33875, 0.33875, 0.34875, 0.34875, 0.38625, 0.38625, 0.39125, 0.39125, 0.43625, 0.43625, 0.44, 0.44, 0.45875, 0.45875, 0.5025, 0.5025, 0.505, 0.505, 0.50625, 0.50625, 0.52875, 0.52875, 0.5325, 0.5325, 0.59625, 0.59625, 0.62125, 0.62125, 0.62625, 0.62625, 0.62875, 0.62875, 0.6325, 0.6325, 0.81625, 0.81625, 0.82625, 0.82625, 0.835, 0.835, 0.855, 0.855, 0.86375, 0.86375, 0.88, 0.88, 0.88125, 0.88125, 0.93, 0.93, 0.95125, 0.95125, 0.98875, 0.98875, 1.0], "tpr": [0.0, 0.0, 0.0, 0.0625, 0.0625, 0.09375, 0.09375, 0.125, 0.125, 0.15625, 0.15625, 0.1875, 0.1875, 0.21875, 0.21875, 0.25, 0.25, 0.28125, 0.28125, 0.3125, 0.3125, 0.34375, 0.34375, 0.375, 0.375, 0.40625, 0.40625, 0.4375, 0.4375, 0.46875, 0.46875, 0.5, 0.5, 0.5625, 0.5625, 0.59375, 0.59375, 0.625, 0.625, 0.65625, 0.65625, 0.6875, 0.6875, 0.71875, 0.71875, 0.75, 0.75, 0.78125, 0.78125, 0.8125, 0.8125, 0.84375, 0.84375, 0.875, 0.875, 0.90625, 0.90625, 1.0, 1.0], "auc": 0.358}, "n_forced": 32, "n_neutral": 800, "N": 832, "mean_p_forced": 0.965, "mean_p_neutral": 0.989}