{"lstm": {"fpr": [0.0, 0.0, 0.0, 0.00625, 0.00625, 0.028125, 0.028125, 0.034375, 0.034375, 0.596875, 0.596875, 0.609375, 0.609375, 0.615625, 0.615625, 0.6703125, 0.6703125, 0.778125, 0.778125, 0.8234375, 0.8234375, 0.9109375, 0.9109375, 0.9484375, 0.9484375, 0.965625, 0.965625, 0.971875, 0.971875, 0.984375, 0.984375, 0.990625, 0.990625, 0.9984375, 0.9984375, 1.0, 1.0], "tpr": [0.0, 0.03125, 0.375, 0.375, 0.4375, 0.4375, 0.46875, 0.46875, 0.5, 0.5, 0.53125, 0.53125, 0.5625, 0.5625, 0.59375, 0.59375, 0.625, 0.625, 0.65625, 0.65625, 0.6875, 0.6875, 0.71875, 0.71875, 0.75, 0.75, 0.78125, 0.78125, 0.8125, 0.8125, 0.875, 0.875, 0.90625, 0.90625, 0.9375, 0.9375, 1.0], "auc": 0.565}, "variance": {"fpr": [0.0, 0.0015625, 0.0046875, 0.0078125, 0.009375, 0.009375, 0.0109375, 0.0109375, 0.0125, 0.0125, 0.0203125, 0.0203125, 0.040625, 0.040625, 0.04375, 0.04375, 0.0640625, 0.0640625, 0.075, 0.078125, 0.084375, 0.084375, 0.1078125, 0.1109375, 0.1375, 0.140625, 0.1796875, 0.1828125, 0.2078125, 0.2109375, 0.2234375, 0.2265625, 0.2328125, 0.2359375, 0.2671875, 0.2703125, 0.2703125, 0.2734375, 0.278125, 0.28125, 0.3046875, 0.3078125, 0.3515625, 0.3546875, 0.3609375, 0.3640625, 0.4109375, 0.4140625, 0.41875, 0.421875, 0.425, 0.428125, 0.434375, 0.4375, 0.4515625, 0.4515625, 0.4546875, 0.4734375, 0.4765625, 0.478125, 0.48125, 0.5, 0.5, 0.5015625, 0.5046875, 0.546875, 0.55, 0.575, 0.58125, 0.5859375, 0.5890625, 0.615625, 0.61875, 0.6359375, 0.6390625, 0.6421875, 0.6453125, 0.7140625, 0.7171875, 0.73125, 0.734375, 0.7515625, 0.7546875, 0.765625, 0.76875, 0.796875, 0.8, 0.8109375, 0.8140625, 0.85625, 0.859375, 0.865625, 0.86875, 0.8828125, 0.8859375, 0.93125, 0.934375, 0.9390625, 0.9421875, 0.9609375, 0.9640625, 1.0], "tpr": [0.0, 0.0, 0.0, 0.0, 0.0, 0.03125, 0.03125, 0.0625, 0.0625, 0.09375, 0.09375, 0.125, 0.125, 0.1875, 0.1875, 0.25, 0.25, 0.28125, 0.28125, 0.28125, 0.28125, 0.3125, 0.3125, 0.3125, 0.3125, 0.3125, 0.3125, 0.3125, 0.3125, 0.3125, 0.3125, 0.3125, 0.3125, 0.3125, 0.3125, 0.3125, 0.34375, 0.34375, 0.34375, 0.34375, 0.34375, 0.34375, 0.34375, 0.34375, 0.34375, 0.34375, 0.34375, 0.34375, 0.34375, 0.34375, 0.34375, 0.34375, 0.34375, 0.34375, 0.34375, 0.375, 0.375, 0.375, 0.375, 0.375, 0.375, 0.375, 1.0, 1.0, 1.0, 1.0, 1.0, 1.0, 1.0, 1.0, 1.0, 1.0, 1.0, 1.0, 1.0, 1.0, 1.0, 1.0, 1.0, 1.0, 1.0, 1.0, 1.0, 1.0, 1.0, 1.0, 1.0, 1.0, 1.0, 1.0, 1.0, 1.0, 1.0, 1.0, 1.0, 1.0, 1.0, 1.0, 1.0, 1.0, 1.0, 1.0], "auc": 0.653}, "lag1_ac": {"fpr": [0.0, 0.0015625, 0.0046875, 0.0046875, 0.00625, 0.009375, 0.0109375, 0.0109375, 0.0203125, 0.0203125, 0.021875, 0.021875, 0.0328125, 0.0328125, 0.0390625, 0.0421875, 0.04375, 0.04375, 0.05625, 0.05625, 0.0578125, 0.0578125, 0.059375, 0.059375, 0.0640625, 0.0640625, 0.065625, 0.065625, 0.06875, 0.071875, 0.078125, 0.08125, 0.090625, 0.090625, 0.096875, 0.096875, 0.0984375, 0.0984375, 0.1, 0.1, 0.1015625, 0.1015625, 0.1046875, 0.1046875, 0.1125, 0.115625, 0.134375, 0.1375, 0.15625, 0.159375, 0.1734375, 0.1765625, 0.1890625, 0.1890625, 0.1921875, 0.1953125, 0.1953125, 0.1984375, 0.1984375, 0.2109375, 0.2109375, 0.2125, 0.215625, 0.2171875, 0.2171875, 0.225, 0.228125, 0.23125, 0.23125, 0.2328125, 0.2328125, 0.2578125, 0.2578125, 0.2671875, 0.2703125, 0.28125, 0.284375, 0.3, 0.3, 0.3171875, 0.3203125, 0.3484375, 0.3484375, 0.3609375, 0.3609375, 0.3859375, 0.3890625, 0.3921875, 0.3953125, 0.421875, 0.421875, 0.428125, 0.434375, 0.5046875, 0.5078125, 0.509375, 0.5125, 0.5359375, 0.5390625, 0.55625, 0.559375, 0.5734375, 0.5765625, 0.6703125, 0.6765625, 0.6859375, 0.6921875, 0.728125, 0.73125, 0.74375, 0.746875, 0.7734375, 0.7765625, 0.78125, 0.7875, 0.803125, 0.80625, 0.8546875, 0.8609375, 0.89375, 0.896875, 0.9046875, 0.9078125, 0.9578125, 0.9609375, 0.9796875, 0.9828125, 0.984375, 0.9875, 1.0], "tpr": [0.0, 0.0, 0.0, 0.0625, 0.0625, 0.0625, 0.0625, 0.125, 0.125, 0.15625, 0.15625, 0.1875, 0.1875, 0.25, 0.25, 0.25, 0.25, 0.28125, 0.28125, 0.3125, 0.3125, 0.34375, 0.34375, 0.375, 0.375, 0.40625, 0.40625, 0.4375, 0.4375, 0.4375, 0.4375, 0.4375, 0.4375, 0.46875, 0.46875, 0.5, 0.5, 0.53125, 0.53125, 0.5625, 0.5625, 0.59375, 0.59375, 0.625, 0.625, 0.625, 0.625, 0.625, 0.625, 0.625, 0.625, 0.625, 0.625, 0.65625, 0.65625, 0.65625, 0.6875, 0.6875, 0.71875, 0.71875, 0.75, 0.75, 0.75, 0.75, 0.78125, 0.78125, 0.78125, 0.78125, 0.8125, 0.8125, 0.84375, 0.84375, 0.875, 0.875, 0.875, 0.875, 0.875, 0.875, 0.90625, 0.90625, 0.90625, 0.90625, 0.9375, 0.9375, 0.96875, 0.96875, 0.96875, 0.96875, 0.96875, 0.96875, 1.0, 1.0, 1.0, 1.0, 1.0, 1.0, 1.0, 1.0, 1.0, 1.0, 1.0, 1.0, 1.0, 1.0, 1.0, 1.0, 1.0, 1.0, 1.0, 1.0, 1.0, 1.0, 1.0, 1.0, 1.0, 1.0, 1.0, 1.0, 1.0, 1.0, 1.0, 1.0, 1.0, 1.0, 1.0, 1.0, 1.0, 1.0, 1.0, 1.0], "auc": 0.867}, "n_forced": 32, "n_neutral": 640, "N": 672, "mean_p_forced": 0.965, "mean_p_neutral": 0.98}