{"lstm": {"fpr": [0.0, 0.000625, 0.144375, 0.144375, 0.1775, 0.1775, 0.185, 0.185, 0.23, 0.23, 0.231875, 0.231875, 0.250625, 0.250625, 0.270625, 0.270625, 0.271875, 0.271875, 0.27375, 0.27375, 0.28625, 0.2875, 0.291875, 0.291875, 0.306875, 0.306875, 0.311875, 0.311875, 0.320625, 0.320625, 0.3525, 0.3525, 0.38, 0.38, 0.3925, 0.3925, 0.401875, 0.401875, 0.42125, 0.42125, 0.43125, 0.43125, 0.435, 0.435, 0.435625, 0.435625, 0.461875, 0.461875, 0.494375, 0.494375, 0.50125, 0.50125, 0.506875, 0.506875, 0.50875, 0.50875, 0.513125, 0.513125, 0.515, 0.515, 0.516875, 0.516875, 0.551875, 0.551875, 0.558125, 0.558125, 0.561875, 0.561875, 0.56375, 0.56375, 0.57375, 0.57375, 0.575, 0.575, 0.578125, 0.578125, 0.595, 0.595, 0.666875, 0.666875, 0.748125, 0.748125, 0.85125, 0.85125, 1.0], "tpr": [0.0, 0.0, 0.0, 0.025, 0.025, 0.05, 0.05, 0.075, 0.075, 0.1, 0.1, 0.125, 0.125, 0.15, 0.15, 0.175, 0.175, 0.2, 0.2, 0.225, 0.225, 0.225, 0.225, 0.25, 0.25, 0.275, 0.275, 0.3, 0.3, 0.325, 0.325, 0.35, 0.35, 0.375, 0.375, 0.4, 0.4, 0.425, 0.425, 0.45, 0.45, 0.475, 0.475, 0.5, 0.5, 0.525, 0.525, 0.55, 0.55, 0.575, 0.575, 0.6, 0.6, 0.625, 0.625, 0.65, 0.65, 0.675, 0.675, 0.7, 0.7, 0.725, 0.725, 0.75, 0.75, 0.775, 0.775, 0.8, 0.8, 0.825, 0.825, 0.85, 0.85, 0.875, 0.875, 0.9, 0.9, 0.925, 0.925, 0.95, 0.95, 0.975, 0.975, 1.0, 1.0], "auc": 0.566}, "variance": {"fpr": [0.0, 0.0, 0.0, 0.06875, 0.06875, 0.08125, 0.08125, 0.10625, 0.10625, 0.110625, 0.110625, 0.131875, 0.131875, 0.141875, 0.141875, 0.1725, 0.1725, 0.17625, 0.17625, 0.18375, 0.18375, 0.198125, 0.198125, 0.224375, 0.224375, 0.235625, 0.235625, 0.248125, 0.248125, 0.258125, 0.258125, 0.275625, 0.275625, 0.280625, 0.280625, 0.38125, 0.38125, 0.441875, 0.441875, 1.0], "tpr": [0.0, 0.025, 0.5, 0.5, 0.525, 0.525, 0.55, 0.55, 0.575, 0.575, 0.6, 0.6, 0.65, 0.65, 0.675, 0.675, 0.7, 0.7, 0.725, 0.725, 0.775, 0.775, 0.8, 0.8, 0.825, 0.825, 0.85, 0.85, 0.875, 0.875, 0.9, 0.9, 0.925, 0.925, 0.95, 0.95, 0.975, 0.975, 1.0, 1.0], "auc": 0.899}, "lag1_ac": {"fpr": [0.0, 0.000625, 0.370625, 0.370625, 0.38, 0.38, 0.38125, 0.38125, 0.381875, 0.381875, 0.39875, 0.39875, 0.400625, 0.400625, 0.4025, 0.4025, 0.42, 0.42, 0.44375, 0.44375, 0.44875, 0.44875, 0.458125, 0.458125, 0.45875, 0.45875, 0.460625, 0.460625, 0.463125, 0.463125, 0.46875, 0.46875, 0.473125, 0.473125, 0.478125, 0.478125, 0.483125, 0.483125, 0.48375, 0.48375, 0.484375, 0.484375, 0.485, 0.485, 0.489375, 0.489375, 0.498125, 0.498125, 0.5, 0.5, 0.50125, 0.50125, 0.504375, 0.504375, 0.51, 0.51, 0.523125, 0.523125, 0.5275, 0.5275, 0.52875, 0.52875, 0.540625, 0.540625, 0.54125, 0.54125, 0.545, 0.545, 0.54625, 0.54625, 0.54875, 0.54875, 0.55125, 0.55125, 0.571875, 0.571875, 0.573125, 0.573125, 1.0], "tpr": [0.0, 0.0, 0.0, 0.025, 0.025, 0.05, 0.05, 0.075, 0.075, 0.1, 0.1, 0.125, 0.125, 0.15, 0.15, 0.175, 0.175, 0.2, 0.2, 0.225, 0.225, 0.25, 0.25, 0.275, 0.275, 0.3, 0.3, 0.325, 0.325, 0.35, 0.35, 0.375, 0.375, 0.4, 0.4, 0.425, 0.425, 0.45, 0.45, 0.475, 0.475, 0.5, 0.5, 0.525, 0.525, 0.575, 0.575, 0.6, 0.6, 0.625, 0.625, 0.65, 0.65, 0.675, 0.675, 0.7, 0.7, 0.75, 0.75, 0.775, 0.775, 0.8, 0.8, 0.825, 0.825, 0.85, 0.85, 0.875, 0.875, 0.9, 0.9, 0.925, 0.925, 0.95, 0.95, 0.975, 0.975, 1.0, 1.0], "auc": 0.519}, "n_forced": 40, "n_neutral": 1600, "N": 1640, "mean_p_forced": 0.96, "mean_p_neutral": 0.935}