{"lstm": {"fpr": [0.0, 0.0, 0.0, 0.00125, 0.00125, 0.0025, 0.0025, 0.00875, 0.01125, 0.0125, 0.0125, 0.015, 0.015, 0.0225, 0.0225, 0.0275, 0.0275, 0.03, 0.0325, 0.0325, 0.035, 0.035, 0.04375, 0.04375, 0.05375, 0.05375, 0.0575, 0.0575, 0.0625, 0.0625, 0.06375, 0.06375, 0.0725, 0.0725, 0.07375, 0.07375, 0.4075, 0.41, 1.0], "tpr": [0.0, 0.05, 0.2, 0.2, 0.25, 0.25, 0.35, 0.35, 0.35, 0.35, 0.4, 0.4, 0.45, 0.45, 0.5, 0.5, 0.55, 0.55, 0.55, 0.6, 0.6, 0.65, 0.65, 0.7, 0.7, 0.75, 0.75, 0.8, 0.8, 0.85, 0.85, 0.9, 0.9, 0.95, 0.95, 1.0, 1.0, 1.0, 1.0], "auc": 0.971}, "variance": {"fpr": [0.0, 0.00125, 0.40375, 0.40375, 0.68625, 0.68625, 0.775, 0.775, 0.83125, 0.83125, 0.85375, 0.85375, 0.86, 0.86, 0.8875, 0.8875, 0.8925, 0.8925, 0.89625, 0.89625, 0.8975, 0.8975, 0.945, 0.945, 0.97, 0.97, 0.9725, 0.9725, 0.9775, 0.9775, 0.98125, 0.98125, 0.98375, 0.98375, 1.0], "tpr": [0.0, 0.0, 0.0, 0.05, 0.05, 0.1, 0.1, 0.15, 0.15, 0.2, 0.2, 0.25, 0.25, 0.3, 0.3, 0.4, 0.4, 0.45, 0.45, 0.6, 0.6, 0.65, 0.65, 0.7, 0.7, 0.8, 0.8, 0.85, 0.85, 0.9, 0.9, 0.95, 0.95, 1.0, 1.0], "auc": 0.127}, "lag1_ac": {"fpr": [0.0, 0.00125, 1.0, 1.0], "tpr": [0.0, 0.0, 0.0, 1.0], "auc": 0.0}, "n_forced": 20, "n_neutral": 800, "N": 820, "mean_p_forced": 1.0, "mean_p_neutral": 0.989}