{"lstm": {"fpr": [0.0, 0.00125, 0.14875, 0.14875, 0.17, 0.17, 0.1775, 0.1775, 0.18875, 0.18875, 0.21375, 0.21375, 0.22875, 0.22875, 0.23625, 0.23625, 0.25125, 0.25125, 0.25875, 0.25875, 0.2925, 0.2925, 0.30125, 0.30125, 0.31375, 0.31375, 0.315, 0.315, 0.3175, 0.3175, 0.32375, 0.32375, 0.325, 0.325, 0.32875, 0.32875, 0.345, 0.345, 0.34625, 0.34625, 0.3475, 0.3475, 0.355, 0.355, 0.35875, 0.35875, 0.3625, 0.3625, 0.36625, 0.36625, 0.38125, 0.38125, 0.38375, 0.38375, 0.39, 0.39, 0.40125, 0.40125, 0.41125, 0.41125, 0.4175, 0.4175, 0.42375, 0.42375, 0.43375, 0.43375, 0.43875, 0.43875, 0.44875, 0.44875, 0.4625, 0.4625, 0.48375, 0.48375, 0.49, 0.49, 0.50625, 0.50625, 0.51875, 0.51875, 0.52875, 0.52875, 0.55, 0.55, 0.57625, 0.57625, 0.5975, 0.5975, 0.61625, 0.61625, 0.6225, 0.6225, 0.62875, 0.62875, 0.6475, 0.6475, 0.7425, 0.7425, 0.7525, 0.7525, 0.77125, 0.77125, 0.79625, 0.79625, 0.8, 0.8, 0.83125, 0.83125, 0.83625, 0.83625, 0.84, 0.84, 0.84125, 0.84125, 0.85125, 0.85125, 0.855, 0.855, 0.85625, 0.85625, 0.8675, 0.8675, 0.87125, 0.87125, 0.8775, 0.8775, 0.87875, 0.87875, 0.895, 0.895, 0.92125, 0.92125, 0.92625, 0.92625, 0.93875, 0.93875, 0.945, 0.945, 1.0], "tpr": [0.0, 0.0, 0.0, 0.0125, 0.0125, 0.025, 0.025, 0.0375, 0.0375, 0.05, 0.05, 0.0625, 0.0625, 0.075, 0.075, 0.0875, 0.0875, 0.1, 0.1, 0.1125, 0.1125, 0.1375, 0.1375, 0.1625, 0.1625, 0.1875, 0.1875, 0.2, 0.2, 0.2125, 0.2125, 0.2375, 0.2375, 0.25, 0.25, 0.2625, 0.2625, 0.275, 0.275, 0.2875, 0.2875, 0.3, 0.3, 0.3125, 0.3125, 0.325, 0.325, 0.3375, 0.3375, 0.35, 0.35, 0.3625, 0.3625, 0.375, 0.375, 0.3875, 0.3875, 0.4125, 0.4125, 0.4375, 0.4375, 0.45, 0.45, 0.4625, 0.4625, 0.475, 0.475, 0.4875, 0.4875, 0.5, 0.5, 0.5125, 0.5125, 0.525, 0.525, 0.5375, 0.5375, 0.55, 0.55, 0.575, 0.575, 0.5875, 0.5875, 0.6, 0.6, 0.6125, 0.6125, 0.625, 0.625, 0.6375, 0.6375, 0.65, 0.65, 0.6625, 0.6625, 0.675, 0.675, 0.6875, 0.6875, 0.7, 0.7, 0.7125, 0.7125, 0.725, 0.725, 0.7375, 0.7375, 0.775, 0.775, 0.7875, 0.7875, 0.8125, 0.8125, 0.825, 0.825, 0.8375, 0.8375, 0.85, 0.85, 0.8625, 0.8625, 0.875, 0.875, 0.8875, 0.8875, 0.9, 0.9, 0.925, 0.925, 0.9375, 0.9375, 0.95, 0.95, 0.9625, 0.9625, 0.975, 0.975, 1.0, 1.0], "auc": 0.462}, "variance": {"fpr": [0.0, 0.0, 0.0, 0.0025, 0.0025, 0.00375, 0.00375, 0.005, 0.005, 0.0075, 0.0075, 0.0175, 0.0175, 0.0475, 0.0475, 0.04875, 0.04875, 0.05875, 0.05875, 0.0725, 0.0725, 0.07625, 0.07625, 0.08, 0.08, 0.085, 0.085, 0.115, 0.115, 0.12375, 0.12375, 0.125, 0.125, 0.1275, 0.1275, 0.12875, 0.12875, 0.13125, 0.13125, 0.13625, 0.13625, 0.14875, 0.14875, 0.15, 0.15, 0.165, 0.165, 0.1725, 0.1725, 0.1875, 0.1875, 0.2, 0.2, 0.2275, 0.2275, 0.23625, 0.23625, 0.2425, 0.2425, 0.2625, 0.2625, 0.30125, 0.30125, 0.38625, 0.38625, 0.38875, 0.38875, 0.3925, 0.3925, 0.39875, 0.39875, 0.4, 0.4, 0.41, 0.41, 0.41125, 0.41125, 0.42125, 0.42125, 0.43625, 0.43625, 0.4425, 0.4425, 0.445, 0.445, 0.46625, 0.46625, 0.485, 0.485, 0.5, 0.5, 1.0], "tpr": [0.0, 0.0125, 0.175, 0.175, 0.1875, 0.1875, 0.2, 0.2, 0.2125, 0.2125, 0.2375, 0.2375, 0.25, 0.25, 0.275, 0.275, 0.2875, 0.2875, 0.3125, 0.3125, 0.325, 0.325, 0.3375, 0.3375, 0.35, 0.35, 0.375, 0.375, 0.3875, 0.3875, 0.4, 0.4, 0.4125, 0.4125, 0.4375, 0.4375, 0.45, 0.45, 0.4625, 0.4625, 0.475, 0.475, 0.4875, 0.4875, 0.5, 0.5, 0.5125, 0.5125, 0.525, 0.525, 0.55, 0.55, 0.5625, 0.5625, 0.575, 0.575, 0.6, 0.6, 0.6125, 0.6125, 0.625, 0.625, 0.6375, 0.6375, 0.65, 0.65, 0.6625, 0.6625, 0.675, 0.675, 0.7, 0.7, 0.7125, 0.7125, 0.725, 0.725, 0.75, 0.75, 0.775, 0.775, 0.7875, 0.7875, 0.8, 0.8, 0.8125, 0.8125, 0.825, 0.825, 0.8375, 0.8375, 1.0, 1.0], "auc": 0.779}, "lag1_ac": {"fpr": [0.0, 0.0, 0.0, 0.00375, 0.00375, 0.005, 0.005, 0.00875, 0.00875, 0.01, 0.01, 0.015, 0.015, 0.01875, 0.01875, 0.025, 0.025, 0.0325, 0.0325, 0.03375, 0.03375, 0.06, 0.06, 0.0975, 0.0975, 0.10375, 0.10375, 0.12375, 0.12375, 0.1275, 0.1275, 0.13, 0.13, 0.135, 0.135, 0.14, 0.14, 0.15, 0.15, 0.17625, 0.17625, 0.185, 0.185, 0.22625, 0.22625, 0.25, 0.25, 0.2775, 0.2775, 0.27875, 0.27875, 0.28625, 0.28625, 0.29375, 0.29375, 0.3, 0.3, 0.30875, 0.30875, 0.32125, 0.32125, 0.33375, 0.33375, 0.33875, 0.33875, 0.42, 0.42, 0.4375, 0.4375, 0.47, 0.47, 0.475, 0.475, 1.0], "tpr": [0.0, 0.0125, 0.35, 0.35, 0.4375, 0.4375, 0.5, 0.5, 0.525, 0.525, 0.55, 0.55, 0.5625, 0.5625, 0.575, 0.575, 0.5875, 0.5875, 0.6, 0.6, 0.6125, 0.6125, 0.625, 0.625, 0.6375, 0.6375, 0.6625, 0.6625, 0.675, 0.675, 0.6875, 0.6875, 0.7, 0.7, 0.7125, 0.7125, 0.75, 0.75, 0.7625, 0.7625, 0.775, 0.775, 0.7875, 0.7875, 0.8, 0.8, 0.8125, 0.8125, 0.825, 0.825, 0.8375, 0.8375, 0.85, 0.85, 0.8625, 0.8625, 0.8875, 0.8875, 0.9, 0.9, 0.9125, 0.9125, 0.925, 0.925, 0.9375, 0.9375, 0.95, 0.95, 0.975, 0.975, 0.9875, 0.9875, 1.0, 1.0], "auc": 0.903}, "n_forced": 80, "n_neutral": 800, "N": 880, "mean_p_forced": 0.967, "mean_p_neutral": 0.963}