{"lstm": {"fpr": [0.0, 0.00125, 0.0375, 0.0375, 0.04375, 0.04375, 0.04625, 0.04625, 0.0475, 0.0475, 0.05875, 0.05875, 0.0675, 0.0675, 0.10875, 0.10875, 0.16875, 0.16875, 0.1725, 0.1725, 0.1825, 0.1825, 0.20375, 0.20375, 0.23125, 0.23125, 0.275, 0.275, 0.2925, 0.2925, 0.31375, 0.31375, 0.42, 0.42, 0.8225, 0.8225, 0.82375, 0.82375, 0.8525, 0.8525, 0.905, 0.905, 0.915, 0.915, 0.93, 0.93, 0.94125, 0.94125, 0.96, 0.96, 0.96125, 0.96125, 0.96875, 0.96875, 0.98125, 0.98125, 0.98375, 0.98375, 0.9925, 0.9925, 1.0], "tpr": [0.0, 0.0, 0.0, 0.03125, 0.03125, 0.0625, 0.0625, 0.09375, 0.09375, 0.125, 0.125, 0.15625, 0.15625, 0.1875, 0.1875, 0.21875, 0.21875, 0.25, 0.25, 0.28125, 0.28125, 0.3125, 0.3125, 0.34375, 0.34375, 0.375, 0.375, 0.40625, 0.40625, 0.4375, 0.4375, 0.46875, 0.46875, 0.5, 0.5, 0.53125, 0.53125, 0.59375, 0.59375, 0.625, 0.625, 0.65625, 0.65625, 0.6875, 0.6875, 0.71875, 0.71875, 0.75, 0.75, 0.78125, 0.78125, 0.875, 0.875, 0.90625, 0.90625, 0.9375, 0.9375, 0.96875, 0.96875, 1.0, 1.0], "auc": 0.455}, "variance": {"fpr": [0.0, 0.00125, 0.4875, 0.4875, 0.48875, 0.48875, 0.49, 0.49, 0.49125, 0.49125, 0.4975, 0.4975, 0.51125, 0.51125, 0.51625, 0.51625, 0.5175, 0.5175, 0.52875, 0.52875, 0.53, 0.53, 0.53125, 0.53125, 0.535, 0.535, 0.53625, 0.53625, 0.5375, 0.5375, 0.5425, 0.5425, 0.545, 0.545, 0.56125, 0.56125, 0.59, 0.59, 0.60125, 0.60125, 1.0], "tpr": [0.0, 0.0, 0.0, 0.03125, 0.03125, 0.21875, 0.21875, 0.3125, 0.3125, 0.34375, 0.34375, 0.375, 0.375, 0.46875, 0.46875, 0.5, 0.5, 0.53125, 0.53125, 0.5625, 0.5625, 0.625, 0.625, 0.65625, 0.65625, 0.75, 0.75, 0.8125, 0.8125, 0.84375, 0.84375, 0.875, 0.875, 0.90625, 0.90625, 0.9375, 0.9375, 0.96875, 0.96875, 1.0, 1.0], "auc": 0.481}, "lag1_ac": {"fpr": [0.0, 0.00125, 0.4125, 0.4125, 0.41875, 0.41875, 0.4225, 0.4225, 0.425, 0.425, 0.4275, 0.4275, 0.43875, 0.43875, 0.44125, 0.44125, 0.44375, 0.44375, 0.46, 0.46, 0.465, 0.465, 0.46625, 0.46625, 0.47125, 0.47125, 0.47375, 0.47375, 0.48875, 0.48875, 0.49125, 0.49125, 0.50375, 0.50375, 0.5125, 0.5125, 0.51625, 0.51625, 0.52125, 0.52125, 0.5325, 0.5325, 0.55, 0.55, 0.55625, 0.55625, 0.6075, 0.6075, 0.63875, 0.63875, 0.73125, 0.73125, 0.93625, 0.93625, 0.99875, 0.99875, 1.0, 1.0], "tpr": [0.0, 0.0, 0.0, 0.03125, 0.03125, 0.0625, 0.0625, 0.09375, 0.09375, 0.125, 0.125, 0.15625, 0.15625, 0.1875, 0.1875, 0.21875, 0.21875, 0.25, 0.25, 0.3125, 0.3125, 0.34375, 0.34375, 0.375, 0.375, 0.40625, 0.40625, 0.4375, 0.4375, 0.46875, 0.46875, 0.5, 0.5, 0.53125, 0.53125, 0.5625, 0.5625, 0.59375, 0.59375, 0.625, 0.625, 0.65625, 0.65625, 0.6875, 0.6875, 0.75, 0.75, 0.78125, 0.78125, 0.8125, 0.8125, 0.84375, 0.84375, 0.875, 0.875, 0.90625, 0.90625, 1.0], "auc": 0.426}, "n_forced": 32, "n_neutral": 800, "N": 832, "mean_p_forced": 0.946, "mean_p_neutral": 0.977}